customer_id,age,gender,purchase_count,total_spent,avg_order_value,days_since_last_purchase,website_visits_30d,cart_adds_30d,discount_usage_rate,support_tickets_90d,customer_tenure_days,preferred_channel,region,returned_90d
C00001,22,Male,11,228.45,20.77,65,6.0,2,0.168,1,1202,Store,North,1
C00002,55,Female,8,819.22,102.4,48,4.0,5,0.143,1,1415,Web,South,1
C00003,49,Female,2,519.88,259.94,54,8.0,3,0.051,0,479,Mobile,North,0
C00004,39,Female,5,901.09,180.22,53,7.0,2,0.104,0,1262,Mobile,Central,0
C00005,38,Male,6,1004.03,167.34,72,8.0,4,,0,1411,Web,South,0
C00006,59,Male,6,620.93,103.49,87,12.0,3,0.115,0,840,Store,South,0
C00007,22,Female,8,732.13,91.52,92,9.0,2,0.596,0,257,Mobile,Central,0
C00008,51,Female,4,435.48,108.87,39,6.0,1,0.424,0,334,Web,North,0
C00009,27,Female,8,1084.64,135.58,42,4.0,7,0.47,0,248,Web,North,1
C00010,22,Female,9,1493.15,165.91,37,8.0,7,0.137,0,1284,Store,Central,1
C00011,43,Male,8,285.19,35.65,52,9.0,1,0.375,0,1368,Mobile,Central,0
C00012,64,Male,4,1446.43,361.61,182,10.0,5,0.211,1,357,Mobile,South,0
C00013,53,Male,7,1176.44,168.06,39,13.0,3,0.108,0,388,Store,North,0
C00014,54,Male,11,1380.04,125.46,79,9.0,1,0.224,2,276,Web,Central,1
C00015,52,Male,11,1841.12,167.37,80,8.0,0,0.236,2,466,Mobile,South,1
C00016,55,Female,11,621.79,56.53,67,9.0,3,0.27,0,248,Mobile,South,0
C00017,42,Male,6,1676.08,279.35,8,4.0,4,0.406,0,566,Web,North,1
C00018,24,Male,4,1859.6,464.9,49,9.0,6,0.187,0,1303,Web,South,0
C00019,58,Female,7,315.06,45.01,72,3.0,4,0.085,0,600,Web,South,1
C00020,39,Male,7,1006.37,143.77,28,10.0,1,0.336,3,1291,Web,South,1
C00021,42,Male,6,980.5,163.42,10,5.0,1,0.227,0,1150,Mobile,North,1
C00022,35,Female,6,1929.44,321.57,73,6.0,2,0.218,3,739,Store,Central,0
C00023,26,Male,10,3567.96,356.8,89,7.0,3,0.469,0,190,Store,South,0
C00024,62,Female,10,1389.76,138.98,46,8.0,2,0.363,2,899,Mobile,North,1
C00025,55,Female,10,2771.14,277.11,34,5.0,4,0.536,1,315,Store,South,1
C00026,48,Male,6,542.03,90.34,126,9.0,5,0.405,1,535,Mobile,South,0
C00027,37,Female,6,1309.9,218.32,91,8.0,2,0.146,0,1430,Store,South,0
C00028,57,Female,7,887.78,126.83,21,6.0,2,0.603,1,1190,Mobile,Central,1
C00029,44,Female,7,1233.92,176.27,57,15.0,3,0.191,0,918,Mobile,South,0
C00030,39,Female,5,1404.42,280.88,24,4.0,2,0.308,0,1118,Web,Central,1
C00031,39,Female,7,1555.16,222.17,40,14.0,2,0.326,0,31,Mobile,South,1
C00032,28,Female,7,740.7,105.81,113,8.0,1,0.183,1,1053,Web,North,0
C00033,22,Female,8,835.94,104.49,114,5.0,3,0.06,0,820,Store,Central,0
C00034,44,Male,9,1479.29,164.37,33,8.0,0,0.058,1,1055,Mobile,South,1
C00035,60,Female,10,1126.42,112.64,77,11.0,6,0.585,1,441,Web,North,0
C00036,21,Female,4,581.76,145.44,22,14.0,5,0.098,0,375,Mobile,South,0
C00037,59,Female,5,851.55,170.31,177,16.0,1,0.288,1,1070,Web,Central,0
C00038,57,Male,6,1750.61,291.77,10,6.0,2,0.279,1,1293,Mobile,North,1
C00039,31,Male,7,467.6,66.8,39,10.0,5,0.199,2,1415,Web,South,0
C00040,48,Female,10,911.65,91.16,77,4.0,1,0.478,0,694,,Central,0
C00041,25,Female,8,350.15,43.77,25,5.0,2,0.337,0,359,Store,South,1
C00042,54,Male,7,1845.46,263.64,21,8.0,2,0.102,0,1029,Store,South,1
C00043,51,Male,6,3676.71,612.78,50,6.0,3,0.385,1,70,Mobile,Central,0
C00044,35,Male,6,2147.76,357.96,31,10.0,5,0.444,0,449,Mobile,North,0
C00045,21,Female,10,650.94,65.09,8,6.0,3,0.242,2,263,Store,North,0
C00046,64,Male,7,648.54,92.65,50,8.0,2,0.454,2,720,Web,South,0
C00047,39,Female,9,1785.49,198.39,75,4.0,0,0.296,0,122,Web,Central,0
C00048,60,Male,4,1651.83,412.96,44,5.0,2,0.248,0,355,Web,South,1
C00049,50,Male,9,2337.06,259.67,49,2.0,3,0.377,1,427,Mobile,South,1
C00050,55,Male,7,942.8,134.69,67,9.0,3,0.13,0,1391,Web,North,1
C00051,54,Female,5,417.78,83.56,146,,2,0.027,0,647,Mobile,North,0
C00052,27,Female,5,957.61,191.52,37,6.0,4,0.664,0,830,Web,South,1
C00053,35,Female,4,865.24,216.31,64,11.0,3,0.035,1,1476,Store,Central,0
C00054,40,Female,7,3219.53,459.93,49,5.0,4,0.085,0,160,Mobile,South,1
C00055,41,Male,5,1416.63,283.33,20,7.0,4,0.316,1,1136,Mobile,South,0
C00056,20,Female,7,229.64,32.81,83,14.0,3,0.24,2,1351,Web,North,0
C00057,44,Male,7,1451.04,207.29,122,7.0,4,0.408,0,1136,Mobile,North,0
C00058,25,Male,10,1856.54,185.65,75,9.0,3,0.364,2,1130,Mobile,South,1
C00059,53,Male,10,1683.61,168.36,5,5.0,5,0.25,2,509,Web,South,1
C00060,50,Male,7,1622.95,231.85,39,9.0,1,0.475,0,648,Web,North,0
C00061,62,Female,5,1113.04,222.61,74,8.0,3,0.485,0,139,Mobile,North,0
C00062,53,Female,5,837.12,167.42,100,7.0,3,0.533,0,436,Mobile,North,0
C00063,35,Female,7,398.37,56.91,12,6.0,2,0.236,0,35,Mobile,Central,1
C00064,64,Female,8,2432.36,304.04,20,3.0,1,0.22,1,901,Web,North,1
C00065,37,Female,7,1337.11,191.02,65,,8,0.323,0,852,Mobile,North,1
C00066,33,Male,8,661.36,82.67,54,,3,,0,1294,Mobile,North,1
C00067,61,Male,4,1035.78,258.94,50,8.0,6,0.442,1,1483,Store,North,0
C00068,35,Male,8,401.39,50.17,140,3.0,2,0.362,1,900,Store,Central,0
C00069,21,Female,14,1029.74,73.55,149,,4,0.466,1,1467,Mobile,South,0
C00070,40,Female,7,2021.1,288.73,24,7.0,1,0.585,0,41,Mobile,Central,0
C00071,56,Male,5,1455.06,291.01,9,8.0,5,0.61,0,233,Mobile,South,1
C00072,27,Female,8,1817.58,227.2,48,7.0,0,0.522,1,485,Mobile,South,0
C00073,40,Female,7,1735.05,247.86,82,11.0,3,0.33,1,1199,Mobile,South,1
C00074,24,Female,10,1266.42,126.64,107,12.0,2,0.72,0,961,Mobile,South,0
C00075,50,Female,3,875.63,291.88,38,11.0,2,0.402,0,1226,Mobile,North,1
C00076,40,Female,6,750.6,125.1,29,8.0,4,0.23,0,686,Store,Central,1
C00077,33,Female,11,2329.78,211.8,68,11.0,1,0.153,1,1099,Mobile,North,1
C00078,28,Female,12,1367.22,113.94,43,6.0,6,0.208,2,831,Mobile,South,0
C00079,45,Male,5,1303.61,260.72,52,10.0,3,0.504,2,189,Store,South,0
C00080,50,Female,8,1362.11,170.26,75,13.0,2,0.132,0,548,Web,South,1
C00081,63,Male,6,803.78,133.96,45,8.0,2,0.285,1,1254,Mobile,Central,1
C00082,38,Female,7,1253.99,179.14,15,4.0,3,0.114,1,97,Web,North,1
C00083,25,Male,5,616.14,123.23,29,7.0,1,0.194,2,928,Store,Central,0
C00084,57,Male,7,705.25,100.75,31,8.0,2,0.259,0,1441,Mobile,South,1
C00085,48,Male,6,1492.99,248.83,31,8.0,4,0.2,2,788,Web,South,1
C00086,51,Male,7,1336.83,190.98,8,16.0,3,0.175,2,774,Web,South,1
C00087,22,Male,9,1522.59,169.18,164,10.0,4,0.2,0,1170,Mobile,Central,0
C00088,32,Male,12,1658.46,138.21,20,10.0,2,0.453,0,340,Store,North,1
C00089,54,Male,5,809.5,161.9,85,,1,0.247,1,567,Mobile,South,0
C00090,57,Male,6,981.37,163.56,26,6.0,1,0.328,0,314,Web,North,1
C00091,38,Female,6,1452.08,242.01,38,7.0,4,0.41,1,730,Mobile,South,0
C00092,56,Female,9,565.12,62.79,51,7.0,2,0.145,2,1434,Web,North,1
C00093,58,Female,7,77.37,11.05,32,14.0,3,0.262,1,754,Mobile,South,0
C00094,36,Male,9,280.83,31.2,132,4.0,5,0.079,0,403,Store,North,0
C00095,61,Male,6,686.18,114.36,318,3.0,2,0.094,1,1476,Web,North,0
C00096,31,Female,9,818.5,90.94,9,5.0,2,0.118,1,929,Web,North,1
C00097,29,Male,8,1223.03,152.88,102,14.0,2,0.355,0,579,Mobile,Central,0
C00098,50,Male,7,1874.55,267.79,58,7.0,5,0.06,1,1162,,North,0
C00099,48,Female,8,851.18,106.4,39,5.0,3,0.415,0,394,Store,South,0
C00100,24,Female,10,648.97,64.9,91,4.0,5,0.083,0,876,Mobile,South,1
C00101,57,Male,8,399.53,49.94,108,5.0,4,,0,159,Web,North,0
C00102,27,Female,7,598.17,85.45,47,9.0,4,0.245,1,1426,Web,South,1
C00103,56,Male,7,591.45,84.49,121,9.0,2,0.278,1,1017,Web,Central,0
C00104,18,Female,4,1069.56,267.39,6,8.0,0,0.159,0,802,Web,South,0
C00105,56,Male,10,593.41,59.34,82,10.0,1,0.442,0,1247,Mobile,Central,0
C00106,55,Male,10,790.42,79.04,52,5.0,4,0.406,0,177,Web,North,1
C00107,55,Female,10,735.9,73.59,60,14.0,4,0.235,0,1205,Mobile,South,0
C00108,49,Male,5,998.57,199.71,100,5.0,2,0.263,0,385,Web,South,0
C00109,40,Female,7,1404.64,200.66,76,10.0,3,0.098,0,877,Mobile,South,0
C00110,51,Male,5,1252.62,250.52,167,10.0,2,,0,663,Store,South,0
C00111,31,Female,7,516.35,73.76,186,8.0,4,0.175,1,1158,Store,North,0
C00112,55,Female,7,674.15,96.31,44,8.0,4,0.164,0,939,Store,North,1
C00113,44,Female,8,1571.57,196.45,17,12.0,4,0.289,0,53,Web,South,1
C00114,40,Female,7,1804.82,257.83,50,7.0,6,0.495,0,619,Web,North,0
C00115,42,Male,6,357.17,59.53,24,10.0,6,0.359,0,336,Web,North,1
C00116,45,Female,7,319.18,45.6,36,8.0,1,0.357,0,736,Mobile,South,0
C00117,19,Male,8,2374.51,296.81,56,13.0,5,0.345,0,1093,Store,South,1
C00118,24,Female,8,402.98,50.37,12,9.0,4,0.519,1,394,Mobile,South,1
C00119,29,Female,6,559.65,93.28,73,3.0,2,0.116,3,407,Mobile,South,0
C00120,23,Female,7,804.87,114.98,48,5.0,4,0.338,2,800,Mobile,North,0
C00121,39,Female,9,544.02,60.45,28,8.0,8,0.09,0,734,Store,Central,1
C00122,50,Female,6,567.59,94.6,3,13.0,0,0.629,0,1425,Mobile,Central,1
C00123,49,Male,10,569.31,56.93,98,7.0,2,0.475,0,1025,Mobile,South,1
C00124,40,Female,12,1067.94,89.0,109,7.0,1,0.324,1,1327,Mobile,North,1
C00125,59,Female,8,268.78,33.6,101,7.0,4,0.384,2,245,Mobile,South,0
C00126,45,Male,10,1572.05,157.2,24,9.0,3,0.164,0,1080,Web,Central,1
C00127,21,Female,6,319.71,53.28,68,10.0,3,0.603,2,497,Web,South,0
C00128,54,Male,9,2214.28,246.03,112,6.0,0,0.473,0,135,Web,North,1
C00129,45,Male,6,692.98,115.5,64,11.0,1,0.154,1,924,Mobile,North,0
C00130,48,Male,6,650.95,108.49,60,8.0,0,0.181,0,735,Store,South,1
C00131,45,Male,4,221.56,55.39,153,5.0,3,0.126,0,115,Web,Central,0
C00132,44,Female,14,201.96,14.43,146,7.0,1,0.136,1,992,Mobile,South,0
C00133,22,Female,5,923.77,184.75,36,7.0,5,0.41,0,1421,Mobile,Central,1
C00134,44,Female,6,218.34,36.39,31,10.0,3,0.201,1,755,Mobile,South,1
C00135,56,Female,8,552.43,69.05,26,8.0,2,0.247,1,845,Mobile,Central,0
C00136,32,Male,9,1358.38,150.93,8,11.0,4,0.413,2,953,Mobile,South,0
C00137,46,Male,3,1049.68,349.89,131,4.0,5,0.223,1,1139,Store,Central,0
C00138,19,Male,7,756.05,108.01,63,7.0,5,0.351,0,95,Store,Central,0
C00139,34,Female,10,981.82,98.18,37,5.0,3,0.217,0,397,Web,North,1
C00140,38,Male,7,1378.69,196.96,55,11.0,6,0.091,0,65,Mobile,South,0
C00141,65,Female,7,680.09,97.16,139,10.0,3,0.624,0,32,Mobile,South,0
C00142,28,Female,7,1544.89,220.7,13,16.0,3,,1,956,Web,North,1
C00143,31,Female,3,922.85,307.62,128,7.0,1,0.234,0,794,Web,South,0
C00144,37,Female,12,1759.56,146.63,51,8.0,7,0.357,0,222,Mobile,North,1
C00145,65,Male,8,975.92,121.99,72,7.0,2,0.211,0,162,Mobile,North,1
C00146,58,Female,12,321.46,26.79,75,5.0,2,0.199,1,581,Web,North,1
C00147,19,Female,5,543.06,108.61,145,11.0,4,0.132,2,938,Mobile,North,0
C00148,29,Female,5,896.46,179.29,25,4.0,1,0.344,1,1356,Store,North,1
C00149,57,Female,8,3572.37,446.55,209,,3,0.337,1,1255,Web,Central,0
C00150,20,Female,8,513.61,64.2,16,7.0,5,0.183,0,808,Store,South,0
C00151,59,Female,6,3064.6,510.77,29,7.0,3,0.392,0,531,Store,North,1
C00152,31,Male,5,1640.14,328.03,84,8.0,3,0.391,1,596,Mobile,Central,0
C00153,62,Female,5,1686.84,337.37,133,13.0,0,0.347,0,1222,Web,Central,0
C00154,32,Female,9,1382.29,153.59,26,11.0,6,0.266,0,427,Web,South,1
C00155,38,Male,6,2903.7,483.95,14,6.0,1,0.321,1,653,Store,North,0
C00156,49,Female,3,577.31,192.44,138,11.0,1,0.131,1,1187,Mobile,South,0
C00157,24,Male,6,1606.98,267.83,38,7.0,1,0.301,0,720,Web,North,1
C00158,44,Female,5,370.22,74.04,40,12.0,6,0.189,0,1159,Mobile,South,1
C00159,42,Male,9,581.63,64.63,57,10.0,6,0.287,0,256,Mobile,North,0
C00160,55,Male,6,1447.87,241.31,49,12.0,4,0.111,0,93,Web,North,1
C00161,65,Female,7,1710.37,244.34,85,8.0,1,0.177,1,1461,Mobile,Central,0
C00162,49,Male,7,1217.02,173.86,17,9.0,4,0.206,1,399,Mobile,South,1
C00163,37,Male,8,187.23,23.4,12,6.0,3,0.134,0,890,Web,South,1
C00164,37,Male,7,503.24,71.89,71,10.0,0,0.506,0,1265,Web,Central,1
C00165,38,Female,4,321.8,80.45,74,7.0,5,0.228,0,1499,Web,South,0
C00166,57,Female,4,861.31,215.33,85,9.0,3,0.254,0,872,Mobile,South,0
C00167,33,Female,4,316.84,79.21,82,8.0,3,0.337,1,1406,Mobile,North,1
C00168,26,Male,6,597.7,99.62,13,13.0,4,0.555,0,316,Mobile,Central,1
C00169,34,Female,2,585.96,292.98,81,10.0,0,0.092,0,1351,Mobile,North,0
C00170,19,Male,6,1970.67,328.44,79,8.0,1,0.029,1,1455,Mobile,South,0
C00171,23,Female,3,632.16,210.72,15,10.0,4,0.146,0,91,Web,Central,0
C00172,22,Male,7,3007.41,429.63,109,10.0,2,0.313,2,536,Mobile,South,0
C00173,55,Male,7,698.08,99.73,25,11.0,7,,2,648,Mobile,South,1
C00174,52,Male,9,1322.06,146.9,23,6.0,2,0.18,1,542,Web,North,1
C00175,51,Female,11,1101.1,100.1,87,8.0,0,0.13,1,1018,Store,South,0
C00176,40,Female,6,996.99,166.16,18,10.0,6,0.185,2,74,Web,North,1
C00177,52,Male,5,1620.78,324.16,44,8.0,1,0.308,2,672,Web,South,1
C00178,25,Female,8,904.54,113.07,38,11.0,2,0.129,0,1257,Mobile,South,1
C00179,61,Female,11,597.4,54.31,33,5.0,4,0.042,0,935,Store,South,1
C00180,42,Male,11,1457.62,132.51,27,8.0,5,0.366,0,617,Store,Central,1
C00181,63,Female,8,437.18,54.65,190,5.0,4,0.11,0,1119,Store,South,0
C00182,25,Female,6,721.01,120.17,83,6.0,3,0.116,0,435,Web,North,1
C00183,41,Male,19,1618.2,85.17,30,7.0,1,0.23,1,1418,Web,South,1
C00184,51,Female,7,843.93,120.56,31,7.0,3,0.559,0,393,Web,South,1
C00185,41,Male,6,1248.62,208.1,66,11.0,1,0.236,1,199,Mobile,South,1
C00186,39,Female,5,1120.03,224.01,38,18.0,1,0.385,0,590,Mobile,South,0
C00187,25,Male,9,625.85,69.54,69,9.0,1,0.173,0,217,Web,South,0
C00188,36,Female,8,865.56,108.2,20,12.0,3,0.145,1,1067,Store,South,1
C00189,29,Male,6,421.06,70.18,57,10.0,1,0.536,1,522,Store,South,0
C00190,32,Female,6,1788.21,298.04,91,9.0,3,0.271,0,224,Web,South,0
C00191,50,Female,6,738.02,123.0,55,5.0,4,0.187,0,922,Web,North,0
C00192,48,Male,7,1871.71,267.39,41,9.0,3,0.475,1,1433,Mobile,North,0
C00193,47,Female,4,813.99,203.5,74,4.0,2,0.191,0,1304,Store,South,0
C00194,35,Female,7,1308.96,186.99,6,8.0,2,0.436,2,1076,Store,South,1
C00195,64,Female,6,425.88,70.98,90,11.0,3,0.252,1,808,Web,South,0
C00196,22,Male,8,1701.44,212.68,7,8.0,2,0.501,0,811,Web,North,1
C00197,34,Female,7,839.45,119.92,101,9.0,3,0.455,0,1057,Web,Central,0
C00198,23,Male,5,660.13,132.03,39,7.0,4,0.416,1,221,Mobile,South,0
C00199,34,Male,9,386.7,42.97,96,13.0,5,0.146,0,195,Mobile,South,1
C00200,64,Female,6,4023.22,670.54,111,7.0,3,0.153,1,308,Mobile,South,0
C00201,35,Female,5,331.02,66.2,42,4.0,3,0.193,1,778,Web,South,1
C00202,61,Female,7,2954.92,422.13,105,6.0,3,0.714,3,207,Mobile,North,0
C00203,41,Male,9,2407.05,267.45,63,8.0,3,0.172,0,648,Mobile,North,0
C00204,51,Female,7,313.66,44.81,74,7.0,2,,0,685,Store,South,0
C00205,39,Female,8,894.71,111.84,123,12.0,5,0.171,1,931,Web,Central,1
C00206,30,Male,3,840.02,280.01,68,7.0,3,0.363,0,862,Store,North,1
C00207,54,Female,12,913.74,76.14,96,7.0,3,0.239,0,741,Mobile,South,1
C00208,64,Male,6,1117.21,186.2,180,6.0,5,0.228,2,468,Mobile,South,0
C00209,30,Male,9,1891.34,210.15,95,10.0,1,0.147,1,233,Store,North,1
C00210,55,Female,3,373.99,124.66,39,5.0,3,0.379,1,612,Mobile,South,1
C00211,30,Female,7,845.2,120.74,64,7.0,2,0.055,0,572,Web,Central,1
C00212,52,Male,15,665.33,44.36,30,9.0,5,0.329,0,767,Web,North,1
C00213,55,Male,7,613.09,87.58,67,11.0,2,0.417,1,381,Mobile,South,1
C00214,39,Male,5,940.93,188.19,43,8.0,1,0.149,0,957,Web,North,1
C00215,53,Female,5,786.79,157.36,71,11.0,2,0.225,0,703,Mobile,South,0
C00216,31,Male,6,109.62,18.27,97,13.0,4,0.376,0,261,Web,North,1
C00217,21,Female,13,1128.93,86.84,30,15.0,8,0.145,1,868,Store,South,0
C00218,22,Female,7,187.36,26.77,56,12.0,4,0.206,0,1422,Web,North,0
C00219,39,Male,7,1763.25,251.89,23,6.0,4,0.235,0,626,Web,Central,1
C00220,61,Female,5,1009.21,201.84,31,5.0,1,0.253,0,461,Web,North,0
C00221,24,Female,2,741.5,370.75,62,10.0,1,0.472,3,655,Mobile,South,0
C00222,39,Female,7,303.42,43.35,40,6.0,4,0.613,0,328,Mobile,North,1
C00223,51,Male,8,1151.45,143.93,138,13.0,1,0.09,1,1436,Web,South,0
C00224,27,Male,11,896.43,81.49,10,8.0,5,0.226,3,1249,Store,South,1
C00225,52,Male,9,939.26,104.36,157,12.0,7,0.395,1,850,Mobile,North,0
C00226,32,Female,10,1029.88,102.99,95,9.0,1,0.14,2,875,Store,South,0
C00227,56,Female,6,1379.65,229.94,83,12.0,2,0.519,1,683,Store,South,0
C00228,45,Male,7,1125.93,160.85,91,7.0,3,0.341,0,758,Store,Central,0
C00229,44,Male,5,2299.09,459.82,90,4.0,0,0.069,0,1374,Web,South,0
C00230,26,Female,8,1376.91,172.11,38,10.0,4,0.616,1,1128,Store,South,1
C00231,40,Male,6,1107.68,184.61,99,11.0,0,0.163,0,47,Mobile,South,0
C00232,59,Male,6,966.16,161.03,66,7.0,3,0.232,0,680,Mobile,North,0
C00233,18,Female,4,463.24,115.81,12,8.0,3,0.245,0,253,Mobile,South,1
C00234,54,Male,7,268.13,38.3,31,14.0,4,0.03,0,403,Mobile,South,1
C00235,41,Male,11,88.89,8.08,24,8.0,1,0.477,0,1043,Mobile,South,1
C00236,52,Male,6,1328.46,221.41,47,8.0,4,0.46,0,53,Mobile,North,1
C00237,49,Male,7,906.86,129.55,7,7.0,2,0.423,2,204,Store,South,1
C00238,38,Female,5,1401.23,280.25,88,9.0,4,0.043,0,239,Mobile,North,0
C00239,32,Female,6,2204.06,367.34,99,6.0,3,,1,1131,Mobile,South,0
C00240,48,Female,10,848.04,84.8,37,13.0,5,0.597,0,409,Store,South,1
C00241,24,Male,10,320.74,32.07,72,9.0,0,0.246,0,1392,Mobile,North,1
C00242,46,Female,8,1667.53,208.44,142,6.0,2,0.126,3,822,Mobile,South,0
C00243,22,Male,8,795.85,99.48,40,9.0,5,0.222,1,1074,Web,South,0
C00244,49,Female,11,594.87,54.08,40,8.0,3,0.353,0,1305,Mobile,South,1
C00245,48,Male,9,559.67,62.19,45,7.0,2,0.447,0,1295,Web,South,0
C00246,22,Female,7,1319.38,188.48,83,7.0,3,0.012,0,103,Store,South,0
C00247,54,Male,8,1305.95,163.24,39,6.0,1,0.408,0,836,Mobile,North,1
C00248,37,Male,8,1921.52,240.19,45,11.0,4,0.078,1,496,Web,North,1
C00249,55,Female,6,399.09,66.52,81,6.0,2,0.106,1,1456,Web,South,0
C00250,19,Male,5,393.74,78.75,78,10.0,3,0.409,0,1226,Web,South,1
C00251,26,Male,9,1042.34,115.82,35,8.0,1,0.149,0,1173,Mobile,South,1
C00252,41,Female,8,1122.21,140.28,23,4.0,3,0.664,0,414,Mobile,North,1
C00253,27,Female,6,1761.0,293.5,41,10.0,2,0.203,3,1217,Mobile,South,1
C00254,33,Male,4,1840.91,460.23,49,15.0,6,0.134,0,1417,Store,North,0
C00255,49,Female,9,1014.6,112.73,63,4.0,1,0.122,3,1234,Mobile,South,0
C00256,24,Female,3,1915.98,638.66,55,6.0,1,0.217,1,256,Store,South,0
C00257,50,Female,6,882.91,147.15,18,13.0,0,,0,1498,Store,Central,1
C00258,22,Female,10,890.94,89.09,39,9.0,4,,4,503,Store,South,1
C00259,26,Female,11,778.32,70.76,8,,6,0.382,0,1339,Web,South,1
C00260,46,Female,7,379.22,54.17,63,8.0,1,0.504,0,645,Store,North,0
C00261,56,Female,7,253.55,36.22,22,5.0,1,0.208,1,450,Mobile,South,0
C00262,26,Female,5,1029.0,205.8,14,7.0,1,0.365,0,824,Mobile,South,1
C00263,32,Male,13,1687.72,129.82,43,6.0,4,0.121,1,888,Mobile,Central,1
C00264,62,Male,8,575.88,71.98,70,0.0,3,0.387,1,504,Web,South,0
C00265,65,Male,10,1821.74,182.17,54,10.0,7,0.131,0,818,Web,North,1
C00266,45,Female,4,2147.48,536.87,152,12.0,4,0.437,0,132,Mobile,South,0
C00267,39,Male,8,720.06,90.01,10,12.0,1,0.61,0,368,Web,North,1
C00268,34,Female,8,203.73,25.47,10,9.0,5,0.452,2,497,Mobile,North,1
C00269,47,Female,9,775.23,86.14,33,8.0,2,0.24,1,308,Mobile,South,1
C00270,46,Female,7,421.33,60.19,96,13.0,2,0.349,1,862,Mobile,North,0
C00271,32,Male,5,1694.61,338.92,36,7.0,5,0.278,0,1063,Store,South,0
C00272,19,Female,5,1062.25,212.45,25,6.0,1,0.284,2,1359,Mobile,North,0
C00273,25,Female,6,201.28,33.55,74,8.0,3,0.238,0,133,Mobile,North,1
C00274,64,Male,9,1249.59,138.84,39,9.0,0,0.626,0,1258,Mobile,South,1
C00275,38,Female,13,1765.92,135.84,121,10.0,4,0.088,0,202,Web,Central,1
C00276,41,Male,3,976.19,325.4,44,13.0,2,0.302,1,1176,Mobile,South,0
C00277,40,Female,9,668.02,74.22,97,13.0,1,0.129,1,860,Store,South,0
C00278,55,Female,6,1190.23,198.37,47,15.0,1,0.418,2,1467,Web,North,1
C00279,21,Male,7,2444.26,349.18,70,6.0,0,0.026,1,1405,Web,South,0
C00280,21,Male,5,1946.83,389.37,107,10.0,6,0.274,0,225,Store,North,0
C00281,31,Male,7,340.09,48.58,10,12.0,2,0.309,3,1014,Mobile,Central,0
C00282,41,Male,8,1053.79,131.72,7,6.0,4,0.194,1,1102,Web,South,1
C00283,50,Female,10,435.41,43.54,11,10.0,2,0.069,0,1317,Store,South,1
C00284,41,Male,5,657.46,131.49,23,6.0,1,0.136,2,754,Web,South,0
C00285,39,Male,5,2038.18,407.64,111,5.0,4,0.197,0,740,Mobile,Central,0
C00286,63,Female,5,1050.58,210.12,166,7.0,3,0.68,1,1400,Web,Central,0
C00287,25,Female,6,466.19,77.7,49,9.0,4,0.163,0,141,Store,South,0
C00288,45,Female,6,765.5,127.58,37,4.0,6,0.373,1,1414,Web,South,0
C00289,44,Female,5,1483.34,296.67,68,12.0,4,0.351,2,437,Mobile,South,0
C00290,40,Male,8,629.14,78.64,29,11.0,1,0.391,1,751,Store,South,1
C00291,56,Female,7,1088.48,155.5,65,12.0,4,0.436,2,633,Mobile,South,1
C00292,30,Male,8,665.54,83.19,108,10.0,4,0.334,0,1299,Web,Central,1
C00293,63,Female,10,714.28,71.43,68,5.0,2,0.103,0,1232,Web,Central,0
C00294,33,Female,3,2164.69,721.56,20,7.0,3,0.525,1,819,Mobile,South,1
C00295,44,Female,10,1026.98,102.7,48,12.0,3,0.276,1,1290,Web,South,1
C00296,42,Female,8,1326.57,165.82,179,4.0,3,0.477,1,1253,Store,North,0
C00297,58,Female,8,1014.85,126.86,74,14.0,3,0.51,0,358,Web,North,1
C00298,39,Male,9,290.01,32.22,35,10.0,3,0.231,0,1467,Mobile,South,1
C00299,31,Female,8,403.1,50.39,29,8.0,4,0.114,1,1432,Mobile,North,1
C00300,19,Female,10,2157.66,215.77,34,7.0,1,0.042,1,767,Mobile,South,1
C00301,35,Female,9,2017.6,224.18,90,6.0,1,0.265,1,1233,Web,South,0
C00302,57,Female,5,992.27,198.45,62,5.0,5,,0,1143,Mobile,Central,1
C00303,18,Male,4,521.71,130.43,22,7.0,2,0.143,1,886,Store,North,1
C00304,61,Female,5,241.13,48.23,104,7.0,7,0.482,0,948,Mobile,North,0
C00305,44,Male,6,3189.52,531.59,175,2.0,6,0.438,0,1216,Web,South,0
C00306,24,Male,4,384.88,96.22,64,9.0,3,0.063,1,1012,Mobile,Central,0
C00307,32,Male,11,553.87,50.35,117,5.0,1,0.141,0,870,Mobile,North,1
C00308,44,Female,5,623.3,124.66,19,10.0,2,0.213,0,1008,Mobile,South,1
C00309,33,Male,9,513.61,57.07,46,8.0,5,0.198,3,1426,Web,Central,1
C00310,23,Male,6,936.0,156.0,17,10.0,1,0.041,1,1167,Mobile,North,1
C00311,49,Male,4,2963.53,740.88,92,10.0,3,0.343,2,92,Mobile,North,0
C00312,50,Female,11,842.57,76.6,53,11.0,0,0.215,0,387,Web,Central,1
C00313,23,Female,6,1142.71,190.45,7,11.0,3,0.133,1,460,Mobile,South,0
C00314,31,Male,6,1387.99,231.33,20,8.0,5,0.287,0,734,Store,South,1
C00315,29,Male,8,1604.76,200.6,48,9.0,3,0.153,1,1370,Store,Central,1
C00316,49,Female,7,992.98,141.85,11,4.0,5,0.522,2,398,Mobile,South,1
C00317,53,Male,9,479.8,53.31,21,4.0,8,0.594,1,152,Store,Central,0
C00318,52,Female,6,1398.55,233.09,111,8.0,3,0.254,1,1244,Mobile,South,0
C00319,63,Male,2,2438.89,1219.44,28,5.0,0,0.14,0,174,Web,South,0
C00320,54,Female,3,233.36,77.79,63,8.0,3,0.303,0,1247,Mobile,North,0
C00321,33,Male,4,600.82,150.21,100,7.0,2,0.197,1,909,Mobile,North,0
C00322,23,Female,7,1184.14,169.16,88,10.0,7,0.047,0,577,Mobile,North,0
C00323,47,Male,6,1433.04,238.84,145,11.0,0,0.376,1,1409,Web,North,0
C00324,61,Female,4,701.24,175.31,105,8.0,5,0.298,0,677,Mobile,North,0
C00325,64,Female,8,1596.45,199.56,62,7.0,5,0.189,1,155,Web,South,0
C00326,29,Female,10,1913.95,191.4,13,8.0,4,0.472,0,274,Mobile,South,1
C00327,29,Male,7,1184.27,169.18,50,2.0,3,0.257,0,162,Web,North,1
C00328,19,Male,7,1559.03,222.72,88,4.0,3,0.6,0,108,Web,South,0
C00329,24,Female,5,844.34,168.87,24,10.0,4,0.162,1,563,Store,South,1
C00330,44,Female,6,368.75,61.46,112,15.0,5,0.379,1,792,Store,North,0
C00331,44,Male,4,466.78,116.7,53,9.0,2,0.257,1,569,Mobile,South,0
C00332,35,Male,2,2724.19,1362.1,88,7.0,4,0.033,0,1420,Mobile,South,0
C00333,32,Male,7,1926.68,275.24,87,4.0,3,0.049,0,880,Web,South,0
C00334,57,Female,7,442.58,63.23,90,7.0,3,0.159,1,488,Web,South,0
C00335,40,Female,8,408.91,51.11,35,8.0,5,0.107,0,1438,Web,North,1
C00336,56,Female,6,1418.96,236.49,147,7.0,8,0.603,0,994,Web,South,0
C00337,64,Female,11,4092.47,372.04,126,8.0,2,0.064,1,411,Mobile,South,0
C00338,33,Male,8,1015.2,126.9,58,7.0,4,0.211,0,553,Mobile,North,1
C00339,27,Male,6,533.2,88.87,19,4.0,3,0.341,0,1385,Mobile,South,1
C00340,63,Male,5,1654.98,331.0,37,7.0,4,0.505,0,191,Store,North,1
C00341,48,Female,6,2104.06,350.68,35,8.0,4,0.317,1,179,Store,South,0
C00342,31,Male,7,1419.93,202.85,12,11.0,4,0.238,0,182,Store,North,1
C00343,47,Male,8,1291.81,161.48,30,6.0,3,0.099,1,665,Mobile,South,0
C00344,42,Male,5,436.12,87.22,1,10.0,1,0.036,1,378,Web,South,1
C00345,61,Male,9,1674.96,186.11,77,4.0,3,0.46,1,1230,Store,North,0
C00346,30,Female,5,1436.61,287.32,46,6.0,1,0.528,1,37,Mobile,North,0
C00347,65,Male,3,754.45,251.48,91,7.0,3,0.221,0,1058,Mobile,Central,0
C00348,62,Male,6,338.0,56.33,41,9.0,2,0.396,3,1311,Mobile,Central,0
C00349,26,Female,6,708.4,118.07,11,7.0,4,0.513,1,586,Mobile,South,1
C00350,25,Male,4,964.56,241.14,18,6.0,4,0.308,0,329,Web,South,1
C00351,43,Male,9,1497.67,166.41,51,2.0,9,0.572,0,900,Mobile,North,1
C00352,20,Male,5,1669.23,333.85,50,10.0,3,0.292,0,136,Mobile,North,0
C00353,32,Female,6,899.9,149.98,29,,3,0.284,0,427,Web,South,1
C00354,38,Male,6,848.48,141.41,28,3.0,1,0.589,0,616,Mobile,South,0
C00355,64,Female,5,1854.0,370.8,95,8.0,2,0.39,0,74,Web,Central,0
C00356,65,Female,6,1212.85,202.14,8,7.0,4,0.243,0,1438,Web,North,1
C00357,25,Female,5,1425.48,285.1,67,4.0,3,0.382,1,704,Mobile,South,0
C00358,60,Male,12,760.09,63.34,42,4.0,2,0.407,1,319,Web,North,1
C00359,22,Female,4,1831.13,457.78,94,8.0,2,0.098,1,1379,Web,South,0
C00360,53,Male,9,626.17,69.57,185,10.0,3,0.221,2,82,Mobile,North,0
C00361,58,Male,5,2953.02,590.6,15,10.0,1,0.085,1,1471,Store,South,1
C00362,60,Female,6,397.52,66.25,83,10.0,2,0.105,1,207,Mobile,North,1
C00363,28,Male,8,1010.65,126.33,81,9.0,1,0.079,0,1124,Web,Central,1
C00364,60,Male,8,370.74,46.34,26,12.0,2,0.198,0,334,Store,South,1
C00365,23,Male,10,1362.62,136.26,35,14.0,3,0.195,1,564,Store,South,1
C00366,42,Male,5,1974.69,394.94,44,9.0,2,0.111,0,1198,Store,North,1
C00367,40,Male,6,1430.16,238.36,78,,3,0.216,2,989,Web,South,0
C00368,33,Female,11,731.32,66.48,56,11.0,0,0.25,0,1180,Web,North,0
C00369,19,Female,5,370.54,74.11,131,7.0,2,0.282,2,1426,Store,North,1
C00370,55,Male,6,725.74,120.96,23,10.0,2,0.058,0,1066,Web,South,1
C00371,34,Female,4,1455.38,363.84,50,7.0,1,0.197,0,363,Mobile,North,1
C00372,49,Male,4,468.92,117.23,65,5.0,5,0.369,1,1227,Web,North,0
C00373,37,Male,7,269.98,38.57,40,7.0,5,0.078,1,761,Web,North,0
C00374,35,Male,5,834.13,166.83,20,9.0,3,0.482,2,223,Mobile,North,0
C00375,60,Male,6,380.34,63.39,114,8.0,3,0.505,0,661,Mobile,South,0
C00376,22,Male,6,1177.03,196.17,63,7.0,6,0.195,1,1470,Mobile,South,1
C00377,53,Male,8,901.5,112.69,8,12.0,3,0.446,0,615,Store,North,1
C00378,53,Male,9,813.65,90.41,31,8.0,3,0.203,0,337,Store,South,1
C00379,36,Female,7,3176.64,453.81,25,9.0,1,0.397,1,626,Mobile,Central,1
C00380,30,Male,7,1289.93,184.28,152,3.0,4,0.099,0,517,Web,South,0
C00381,18,Male,3,104.9,34.97,42,3.0,2,0.178,1,548,Store,South,0
C00382,62,Male,5,2914.63,582.93,134,5.0,3,0.133,1,1399,Web,South,0
C00383,63,Female,3,1004.77,334.92,73,11.0,2,0.282,1,332,Web,Central,0
C00384,29,Male,10,759.73,75.97,70,,1,0.466,0,1375,Mobile,North,0
C00385,19,Female,6,1124.94,187.49,30,10.0,5,0.049,1,1030,Web,South,0
C00386,23,Male,2,411.59,205.8,42,2.0,5,0.417,1,1257,Web,South,1
C00387,21,Male,5,878.99,175.8,15,4.0,1,0.363,0,604,Web,North,0
C00388,57,Female,10,1797.79,179.78,103,15.0,3,0.189,0,1343,Store,North,1
C00389,60,Male,6,792.01,132.0,104,7.0,2,0.48,1,1405,Mobile,South,0
C00390,25,Male,7,665.03,95.0,70,8.0,0,0.377,2,675,Mobile,North,0
C00391,53,Male,2,568.14,284.07,55,6.0,5,0.506,1,1328,Mobile,Central,0
C00392,26,Female,5,1629.84,325.97,47,2.0,3,0.152,1,322,Store,South,0
C00393,35,Female,8,1193.63,149.2,152,16.0,2,0.059,2,1405,Mobile,South,0
C00394,46,Female,8,2919.39,364.92,115,12.0,3,0.479,0,476,Web,North,0
C00395,52,Female,7,2647.3,378.19,63,5.0,6,0.227,1,1190,Mobile,North,1
C00396,59,Male,7,829.46,118.49,35,12.0,2,0.209,2,447,Mobile,South,0
C00397,20,Female,7,1401.18,200.17,32,6.0,1,0.17,0,220,Mobile,Central,1
C00398,27,Male,7,738.21,105.46,144,13.0,1,0.335,1,986,Mobile,South,0
C00399,31,Female,7,661.05,94.44,27,10.0,4,0.097,1,1278,Store,South,1
C00400,32,Male,9,630.64,70.07,50,15.0,2,0.154,2,1057,Web,North,0
C00401,65,Male,3,583.55,194.52,80,8.0,3,0.189,1,725,Web,North,0
C00402,55,Female,12,1806.26,150.52,97,6.0,6,0.326,0,554,Store,South,0
C00403,33,Male,3,655.45,218.48,67,11.0,3,0.354,3,1239,Mobile,South,1
C00404,64,Female,8,751.76,93.97,57,2.0,2,0.508,0,819,Web,North,0
C00405,41,Male,9,1180.67,131.19,54,6.0,1,0.087,1,205,Mobile,Central,1
C00406,42,Female,10,1113.45,111.34,45,11.0,1,0.494,0,538,Mobile,North,1
C00407,38,Female,11,1044.53,94.96,20,8.0,2,0.053,0,686,Web,South,1
C00408,24,Male,7,2000.43,285.78,89,11.0,2,0.167,0,1142,Web,North,0
C00409,62,Female,2,643.13,321.56,36,14.0,3,0.173,1,1171,Web,North,0
C00410,18,Female,7,581.74,83.11,17,5.0,5,0.235,0,138,Mobile,South,0
C00411,26,Female,6,63.66,10.61,22,9.0,5,0.115,0,46,Mobile,South,0
C00412,29,Male,8,1424.0,178.0,63,10.0,5,0.169,2,338,Mobile,North,1
C00413,31,Female,8,1394.36,174.3,86,5.0,2,0.103,0,686,,North,0
C00414,24,Female,8,1887.65,235.96,61,7.0,3,0.201,0,617,Store,South,1
C00415,18,Male,3,823.59,274.53,48,6.0,6,0.169,1,946,Mobile,South,0
C00416,50,Male,6,915.27,152.54,52,10.0,4,0.201,1,1322,Mobile,South,1
C00417,64,Male,6,1759.26,293.21,27,9.0,3,0.182,1,520,Store,South,1
C00418,23,Female,6,720.4,120.07,105,6.0,4,0.397,0,1406,Mobile,North,0
C00419,32,Male,9,993.1,110.34,23,8.0,3,0.539,1,1480,Store,Central,1
C00420,42,Female,6,1978.11,329.68,69,6.0,7,0.276,1,1444,Store,South,0
C00421,62,Female,4,1367.39,341.85,100,10.0,2,0.212,0,907,Web,Central,0
C00422,51,Male,8,803.27,100.41,64,5.0,6,0.233,0,1434,Mobile,North,1
C00423,54,Male,6,1735.12,289.19,82,7.0,1,0.169,3,1376,Mobile,South,0
C00424,45,Female,6,934.27,155.71,30,7.0,5,0.394,1,238,Mobile,South,1
C00425,38,Male,6,1759.47,293.24,67,9.0,4,0.445,0,540,Mobile,North,0
C00426,27,Female,6,1191.65,198.61,96,11.0,1,0.516,1,519,Store,Central,0
C00427,59,Female,6,699.95,116.66,90,9.0,4,0.65,1,974,Mobile,Central,0
C00428,56,Female,13,439.16,33.78,97,9.0,2,0.197,0,1105,Store,North,1
C00429,19,Male,6,1576.86,262.81,43,6.0,1,0.24,0,1131,Web,South,1
C00430,52,Female,2,1673.53,836.76,109,4.0,5,0.192,1,71,Store,Central,0
C00431,22,Female,8,2142.54,267.82,59,10.0,1,0.265,0,1200,Web,South,1
C00432,53,Male,7,1453.15,207.59,41,14.0,1,0.163,1,91,Store,Central,0
C00433,57,Female,8,871.11,108.89,145,8.0,1,0.192,1,1253,Store,North,0
C00434,24,Female,10,1163.15,116.32,8,14.0,0,0.542,0,1011,Web,South,1
C00435,38,Female,8,1032.18,129.02,56,4.0,4,0.53,0,1007,Mobile,South,1
C00436,23,Male,7,851.17,121.6,31,9.0,4,0.166,0,1138,Mobile,North,0
C00437,45,Male,7,400.13,57.16,89,4.0,3,0.266,0,1363,Mobile,North,0
C00438,62,Male,9,446.5,49.61,29,8.0,1,0.15,1,270,Mobile,South,0
C00439,21,Male,7,1610.49,230.07,12,10.0,1,0.307,2,511,Web,Central,0
C00440,37,Male,9,561.54,62.39,39,7.0,7,0.413,0,787,Web,North,1
C00441,64,Female,8,820.93,102.62,42,9.0,1,0.187,0,925,Web,South,1
C00442,32,Male,9,278.67,30.96,34,5.0,1,0.52,1,1491,Web,South,1
C00443,24,Female,8,297.96,37.24,17,3.0,0,0.365,0,1375,Mobile,South,0
C00444,41,Male,11,570.36,51.85,48,6.0,4,0.082,1,1461,Mobile,South,1
C00445,42,Male,6,1574.04,262.34,10,8.0,1,0.329,0,1050,Mobile,South,1
C00446,49,Male,9,1630.46,181.16,48,11.0,3,0.42,0,1464,Mobile,North,1
C00447,33,Male,10,1120.96,112.1,49,10.0,3,0.5,0,1026,Mobile,Central,1
C00448,63,Female,7,624.77,89.25,135,8.0,3,0.114,1,1351,Mobile,North,0
C00449,43,Female,9,2273.99,252.67,62,11.0,4,0.219,0,977,Mobile,South,1
C00450,31,Female,3,811.36,270.45,10,8.0,4,0.355,0,1289,Store,North,0
C00451,64,Male,7,2401.4,343.06,74,9.0,3,0.143,0,1234,Store,South,0
C00452,62,Female,10,1274.52,127.45,149,10.0,0,0.284,3,67,Mobile,South,0
C00453,41,Male,8,1809.83,226.23,29,6.0,7,0.358,0,407,Store,South,1
C00454,19,Female,9,1816.04,201.78,50,11.0,2,0.483,1,927,Store,South,1
C00455,46,Female,11,218.29,19.84,42,,1,0.207,0,1079,Mobile,North,1
C00456,44,Male,5,436.52,87.3,52,9.0,3,0.404,1,1385,Web,North,1
C00457,25,Male,4,771.48,192.87,50,7.0,3,0.054,2,91,Web,South,0
C00458,48,Male,9,568.77,63.2,49,7.0,5,0.494,0,1212,Mobile,South,1
C00459,58,Male,10,1324.06,132.41,32,11.0,4,0.091,0,328,Mobile,South,1
C00460,23,Female,7,1392.61,198.94,45,8.0,6,0.319,1,87,Mobile,South,1
C00461,52,Female,5,723.33,144.67,56,7.0,5,0.182,1,246,Mobile,North,1
C00462,24,Female,10,668.82,66.88,60,14.0,2,0.39,2,204,Mobile,South,1
C00463,53,Male,7,1729.37,247.05,68,10.0,1,0.101,2,1053,Mobile,South,1
C00464,38,Female,7,677.26,96.75,118,11.0,5,0.299,0,647,Web,South,0
C00465,18,Male,10,1925.0,192.5,81,12.0,1,0.201,0,722,Store,South,1
C00466,64,Female,5,1140.22,228.04,60,8.0,3,0.184,1,1163,Mobile,Central,1
C00467,25,Male,8,1143.35,142.92,41,10.0,4,0.49,0,172,Mobile,South,0
C00468,46,Male,6,486.89,81.15,193,6.0,3,0.184,2,1051,Mobile,North,0
C00469,26,Female,8,1512.64,189.08,10,8.0,9,0.209,0,647,Mobile,South,1
C00470,62,Male,7,428.92,61.27,67,4.0,4,0.559,0,178,Mobile,South,0
C00471,53,Male,8,1510.84,188.86,92,5.0,2,0.244,1,715,Mobile,North,0
C00472,56,Female,5,1388.88,277.78,56,9.0,2,0.145,1,648,Mobile,North,0
C00473,38,Male,4,1409.3,352.32,30,10.0,1,0.132,1,1197,Mobile,North,1
C00474,40,Female,9,1386.01,154.0,74,6.0,4,0.422,1,505,Store,South,0
C00475,48,Female,11,1725.32,156.85,22,7.0,1,0.519,2,1286,Web,South,1
C00476,55,Female,7,1297.44,185.35,92,7.0,4,0.485,2,229,Store,North,0
C00477,58,Female,2,225.36,112.68,20,10.0,1,0.283,3,553,Mobile,South,0
C00478,18,Female,9,1213.76,134.86,126,6.0,3,0.294,1,1176,Web,North,0
C00479,49,Female,9,535.65,59.52,74,8.0,1,0.222,0,1126,Mobile,North,0
C00480,23,Female,6,339.27,56.54,58,7.0,2,0.214,0,1406,Mobile,South,1
C00481,31,Female,7,475.67,67.95,47,7.0,4,0.371,2,499,Store,North,1
C00482,57,Male,4,631.08,157.77,51,10.0,4,0.429,1,82,Web,South,0
C00483,30,Male,5,1433.29,286.66,24,4.0,3,0.193,1,371,Mobile,Central,1
C00484,56,Female,12,818.85,68.24,55,4.0,3,0.195,1,338,Web,South,1
C00485,40,Male,9,1706.03,189.56,39,7.0,4,0.159,3,1267,Web,South,1
C00486,29,Male,7,593.9,84.84,36,7.0,1,0.033,0,951,Web,North,1
C00487,34,Male,14,837.58,59.83,185,10.0,1,0.163,1,709,Mobile,North,0
C00488,43,Female,12,613.93,51.16,39,10.0,6,0.534,1,376,Web,South,0
C00489,54,Male,11,167.85,15.26,44,9.0,1,0.576,3,737,Store,North,0
C00490,47,Female,7,1005.59,143.66,105,3.0,2,0.158,3,554,Web,South,0
C00491,62,Female,4,3776.22,944.06,24,7.0,0,0.395,1,610,Mobile,North,1
C00492,59,Female,8,349.18,43.65,124,10.0,2,0.326,1,805,Mobile,North,0
C00493,54,Male,10,1518.66,151.87,43,7.0,3,0.342,0,989,Mobile,South,0
C00494,46,Female,12,1732.89,144.41,28,4.0,3,0.453,0,76,Web,South,1
C00495,31,Female,11,1039.49,94.5,10,5.0,2,0.27,0,1065,Web,Central,1
C00496,37,Male,6,381.93,63.66,114,8.0,2,0.379,0,1319,Mobile,North,0
C00497,23,Female,13,3122.64,240.2,34,7.0,3,0.032,4,1039,Store,Central,1
C00498,35,Male,7,1373.12,196.16,42,9.0,3,0.218,0,1240,Web,South,1
C00499,62,Female,7,2398.07,342.58,42,7.0,1,0.454,0,1471,Web,North,1
C00500,38,Male,6,262.19,43.7,34,5.0,7,0.396,0,453,Store,South,0
C00501,23,Female,8,652.38,81.55,73,3.0,2,0.229,1,225,Web,North,0
C00502,49,Female,7,354.61,50.66,97,14.0,5,0.347,0,643,Store,South,1
C00503,64,Male,12,1844.55,153.71,192,5.0,7,0.096,1,899,Mobile,North,0
C00504,59,Female,5,262.02,52.4,131,9.0,3,0.131,0,301,Web,North,0
C00505,31,Male,4,895.28,223.82,57,12.0,2,0.398,1,1287,Mobile,North,1
C00506,39,Female,8,830.89,103.86,93,5.0,5,0.235,1,205,Web,South,1
C00507,43,Female,6,201.75,33.62,156,3.0,4,0.438,1,167,Mobile,North,0
C00508,29,Male,9,1452.29,161.37,103,3.0,8,0.131,0,826,Web,North,0
C00509,30,Male,5,1288.23,257.65,60,9.0,2,0.039,0,1231,Web,South,1
C00510,29,Female,5,625.63,125.13,74,7.0,4,0.454,0,1405,Web,North,0
C00511,65,Male,11,2395.69,217.79,125,6.0,2,0.149,0,682,Mobile,South,1
C00512,53,Female,4,236.84,59.21,7,7.0,2,0.262,0,1126,Web,North,0
C00513,58,Female,4,143.52,35.88,47,6.0,3,0.515,0,735,Store,North,0
C00514,57,Female,4,1072.81,268.2,5,4.0,4,0.378,0,1492,Store,North,0
C00515,64,Male,7,475.71,67.96,19,5.0,2,0.464,2,826,Mobile,Central,0
C00516,23,Female,7,921.04,131.58,3,13.0,1,0.333,0,937,Web,North,1
C00517,60,Female,10,2009.59,200.96,44,8.0,5,0.188,2,1209,Web,North,1
C00518,21,Male,3,336.57,112.19,147,6.0,4,0.434,0,1317,Mobile,North,0
C00519,40,Male,6,1858.73,309.79,115,9.0,7,0.207,1,1195,Store,Central,0
C00520,46,Male,8,358.44,44.8,28,4.0,2,0.319,0,873,Web,South,0
C00521,35,Male,4,712.97,178.24,74,2.0,6,0.208,0,382,Web,South,0
C00522,25,Female,4,2108.92,527.23,23,3.0,2,0.019,1,269,Mobile,North,0
C00523,27,Male,8,1472.14,184.02,57,3.0,3,0.436,2,475,Web,North,0
C00524,57,Female,3,503.6,167.87,135,5.0,3,0.628,3,1243,Mobile,North,0
C00525,33,Male,8,1204.92,150.62,17,9.0,4,0.183,0,237,Web,South,1
C00526,32,Male,7,674.36,96.34,66,8.0,1,0.292,0,878,Store,South,0
C00527,62,Male,9,741.61,82.4,91,3.0,3,0.111,0,880,Store,North,1
C00528,24,Female,7,835.78,119.4,33,10.0,2,0.221,0,1055,Web,Central,1
C00529,61,Female,7,1339.1,191.3,66,5.0,2,0.384,0,1215,Web,North,0
C00530,62,Male,4,1026.63,256.66,27,4.0,4,0.748,0,611,Mobile,South,1
C00531,46,Female,7,852.05,121.72,60,7.0,2,0.252,0,1160,Mobile,North,0
C00532,25,Male,5,870.9,174.18,60,4.0,2,0.279,2,1152,Mobile,South,0
C00533,25,Male,5,1121.56,224.31,14,7.0,1,0.275,0,233,Store,Central,0
C00534,31,Male,4,993.17,248.29,12,9.0,5,0.049,0,453,Mobile,Central,0
C00535,45,Female,5,653.91,130.78,10,7.0,4,0.291,1,53,Mobile,North,1
C00536,25,Female,9,1143.14,127.02,77,6.0,7,0.337,2,846,Mobile,Central,1
C00537,39,Female,16,1277.65,79.85,68,8.0,1,0.089,2,693,Store,Central,0
C00538,23,Male,6,1164.11,194.02,55,7.0,3,0.222,2,318,Mobile,South,0
C00539,43,Male,3,1702.11,567.37,45,2.0,5,0.331,1,967,Mobile,South,0
C00540,19,Female,7,614.81,87.83,96,8.0,2,0.137,2,464,Mobile,South,1
C00541,52,Male,8,593.9,74.24,40,10.0,2,0.031,0,1200,Mobile,South,1
C00542,20,Female,3,2213.42,737.81,29,6.0,6,0.162,0,420,Mobile,South,1
C00543,27,Female,6,520.39,86.73,19,9.0,4,0.245,0,740,Web,Central,1
C00544,26,Male,6,795.63,132.6,53,13.0,4,0.163,1,1009,Store,South,0
C00545,57,Female,5,163.58,32.72,62,13.0,3,0.861,0,61,Web,Central,0
C00546,20,Female,6,360.22,60.04,51,4.0,2,0.426,2,711,Mobile,North,0
C00547,38,Male,8,716.55,89.57,87,11.0,4,0.112,0,1301,Web,North,0
C00548,46,Female,8,690.12,86.26,42,8.0,6,0.094,0,1403,Web,South,0
C00549,42,Female,6,816.46,136.08,223,2.0,2,0.362,1,465,Mobile,Central,0
C00550,50,Male,6,2545.44,424.24,53,7.0,1,0.152,0,1261,Mobile,Central,1
C00551,56,Female,7,216.89,30.98,36,3.0,6,0.442,1,1109,Store,North,0
C00552,36,Male,10,948.77,94.88,39,7.0,2,0.168,0,746,Mobile,South,1
C00553,57,Female,7,875.27,125.04,69,9.0,2,0.331,0,320,Mobile,Central,0
C00554,33,Female,11,2802.84,254.8,190,10.0,4,0.507,0,1442,Web,North,0
C00555,65,Female,6,1604.56,267.43,29,8.0,1,0.193,0,566,Mobile,South,1
C00556,42,Female,4,679.45,169.86,82,12.0,3,0.461,2,1289,Mobile,Central,0
C00557,53,Female,10,2179.89,217.99,66,11.0,4,0.664,0,648,Store,South,1
C00558,60,Male,4,639.07,159.77,137,8.0,3,0.501,1,209,Store,Central,0
C00559,56,Male,8,1691.1,211.39,28,7.0,4,0.313,0,516,Mobile,South,0
C00560,58,Male,4,2391.73,597.93,74,5.0,4,0.18,0,87,Mobile,South,0
C00561,43,Female,3,1028.45,342.82,105,9.0,3,0.469,0,254,Mobile,Central,0
C00562,20,Male,10,426.26,42.63,81,6.0,2,0.189,1,1257,Web,North,1
C00563,41,Male,3,200.0,66.67,97,7.0,0,0.514,0,191,Web,Central,0
C00564,26,Female,2,1054.69,527.34,40,4.0,2,0.11,0,875,Web,South,0
C00565,60,Male,9,1646.97,183.0,63,7.0,2,0.071,0,1332,Mobile,Central,0
C00566,29,Male,7,4255.45,607.92,120,8.0,6,0.738,0,424,Web,North,0
C00567,28,Male,4,2035.36,508.84,12,7.0,8,0.468,0,658,Web,North,1
C00568,29,Male,5,978.55,195.71,41,4.0,1,0.212,0,714,Web,South,0
C00569,48,Female,7,408.21,58.32,26,11.0,5,0.581,0,693,Mobile,North,1
C00570,45,Male,7,868.98,124.14,25,13.0,2,0.231,1,624,Mobile,North,1
C00571,63,Male,7,2524.56,360.65,67,9.0,4,0.473,1,83,Web,South,1
C00572,37,Female,5,3121.87,624.37,66,7.0,1,0.083,0,779,Web,South,1
C00573,31,Female,6,633.83,105.64,42,8.0,3,0.315,1,1042,Store,South,0
C00574,20,Female,5,813.14,162.63,60,7.0,2,0.456,2,469,Mobile,South,0
C00575,18,Female,8,2271.6,283.95,50,13.0,0,0.548,0,1019,Store,Central,1
C00576,35,Female,7,2186.77,312.4,10,12.0,6,0.379,2,763,Mobile,South,1
C00577,62,Male,8,654.66,81.83,18,8.0,1,0.209,0,175,Web,South,0
C00578,43,Female,6,1513.92,252.32,82,10.0,3,0.299,1,652,Mobile,South,0
C00579,60,Female,10,684.64,68.46,22,6.0,3,0.423,0,1325,Web,South,1
C00580,22,Male,11,1912.08,173.83,42,8.0,2,0.248,1,393,Mobile,North,1
C00581,22,Male,4,971.26,242.82,71,4.0,1,0.3,1,133,Mobile,South,0
C00582,58,Male,8,759.18,94.9,66,14.0,2,0.458,1,215,Store,South,1
C00583,23,Female,6,1602.29,267.05,31,5.0,2,0.437,2,1200,Mobile,North,1
C00584,20,Female,4,1020.48,255.12,53,10.0,2,0.417,1,163,Mobile,North,0
C00585,37,Female,6,1575.8,262.63,40,7.0,5,0.435,1,785,Mobile,North,0
C00586,62,Male,6,448.83,74.8,48,10.0,7,0.303,2,1186,Store,North,1
C00587,51,Male,9,523.84,58.2,134,11.0,1,0.404,1,826,Mobile,Central,0
C00588,22,Male,7,913.4,130.49,74,4.0,4,0.241,0,277,Mobile,South,0
C00589,58,Female,8,566.93,70.87,48,4.0,3,0.286,1,608,Mobile,South,0
C00590,58,Female,9,716.37,79.6,54,10.0,4,0.174,0,692,Web,North,1
C00591,56,Female,8,930.35,116.29,5,4.0,3,0.122,3,346,Store,South,1
C00592,61,Female,12,618.93,51.58,255,5.0,3,0.11,0,1133,Mobile,North,0
C00593,29,Female,7,2470.93,352.99,119,8.0,2,0.187,0,924,Mobile,Central,0
C00594,65,Female,10,539.69,53.97,38,11.0,1,0.228,2,811,Web,South,1
C00595,33,Male,9,894.6,99.4,10,7.0,3,0.331,0,55,Web,North,0
C00596,56,Male,6,908.25,151.38,40,5.0,2,0.194,0,182,Mobile,North,0
C00597,45,Male,5,1050.7,210.14,105,7.0,2,0.19,1,1246,Mobile,North,1
C00598,55,Male,9,758.59,84.29,97,9.0,2,0.063,1,219,Mobile,Central,0
C00599,48,Male,5,1691.04,338.21,53,6.0,2,0.356,0,182,Store,North,1
C00600,48,Male,8,1758.89,219.86,167,11.0,4,0.624,1,1276,Web,South,0
C00601,47,Female,13,633.18,48.71,45,6.0,4,0.314,0,984,Mobile,Central,1
C00602,55,Male,6,1847.2,307.87,42,8.0,2,0.146,0,454,Web,South,0
C00603,53,Female,10,611.46,61.15,71,10.0,3,0.278,0,1132,Store,North,1
C00604,24,Female,6,897.17,149.53,29,7.0,4,0.352,2,784,Mobile,South,1
C00605,57,Female,6,968.35,161.39,35,5.0,0,0.162,1,339,Store,Central,1
C00606,43,Female,2,395.16,197.58,83,5.0,4,0.121,0,560,Web,North,0
C00607,33,Male,6,588.42,98.07,26,,5,0.198,0,488,Mobile,South,1
C00608,42,Female,4,303.22,75.81,71,5.0,2,0.19,0,1429,Mobile,South,1
C00609,64,Male,7,1047.19,149.6,100,3.0,1,0.263,2,432,Web,South,0
C00610,59,Female,8,416.56,52.07,39,9.0,0,0.232,0,682,Mobile,South,1
C00611,58,Male,14,2347.93,167.71,45,7.0,4,0.152,1,400,Web,South,1
C00612,40,Male,6,690.83,115.14,57,6.0,4,0.082,1,817,Store,Central,0
C00613,55,Female,7,1547.2,221.03,26,6.0,3,0.105,0,1097,,South,1
C00614,36,Female,3,1484.18,494.73,38,7.0,4,0.129,0,366,Web,South,0
C00615,50,Male,8,584.41,73.05,13,7.0,2,0.26,0,902,Mobile,South,1
C00616,48,Female,10,704.24,70.42,21,6.0,5,0.098,3,851,Web,South,1
C00617,29,Male,6,699.36,116.56,49,12.0,3,0.4,0,781,Mobile,South,1
C00618,30,Female,11,1143.53,103.96,67,8.0,2,0.399,2,1292,Store,South,1
C00619,20,Male,4,3884.28,971.07,68,4.0,4,0.211,0,427,Web,South,1
C00620,24,Male,3,1108.37,369.46,31,5.0,5,0.263,0,318,Store,Central,0
C00621,38,Male,5,666.94,133.39,32,11.0,3,0.397,0,794,Web,South,1
C00622,40,Male,9,1170.97,130.11,35,9.0,2,0.222,3,461,Mobile,South,1
C00623,25,Male,4,418.18,104.54,53,10.0,1,0.339,1,1471,Store,North,0
C00624,38,Male,5,542.7,108.54,21,4.0,0,0.302,2,219,Web,South,0
C00625,47,Male,6,2371.14,395.19,11,10.0,1,0.056,0,57,Mobile,South,1
C00626,29,Male,11,809.58,73.6,59,10.0,2,0.094,2,385,Mobile,South,1
C00627,34,Female,13,525.47,40.42,33,6.0,3,0.205,0,1018,Mobile,South,1
C00628,35,Male,13,366.09,28.16,68,7.0,1,0.355,0,1221,Mobile,North,1
C00629,42,Female,6,922.97,153.83,172,6.0,2,0.611,1,90,Store,North,0
C00630,35,Female,7,386.33,55.19,34,6.0,6,0.127,0,272,Mobile,Central,1
C00631,53,Male,9,1933.39,214.82,72,9.0,2,0.55,1,153,Store,Central,0
C00632,33,Female,6,1480.46,246.74,7,4.0,5,0.077,2,68,Store,South,1
C00633,38,Male,7,643.88,91.98,39,8.0,3,0.435,1,1175,Mobile,South,1
C00634,36,Male,4,2695.72,673.93,56,,1,0.183,1,1175,Store,South,0
C00635,26,Female,6,699.88,116.65,5,6.0,2,0.146,0,328,Store,North,0
C00636,50,Female,7,808.8,115.54,125,6.0,2,0.348,3,696,Web,South,0
C00637,29,Female,5,551.59,110.32,27,8.0,3,0.192,0,986,Mobile,North,0
C00638,32,Male,8,1401.84,175.23,91,6.0,1,0.272,2,790,Web,North,0
C00639,56,Female,7,417.97,59.71,76,6.0,3,0.435,1,1382,Web,South,0
C00640,63,Male,4,666.03,166.51,144,6.0,5,0.288,4,402,Mobile,South,0
C00641,50,Male,8,596.75,74.59,7,6.0,2,0.755,0,1360,,South,1
C00642,61,Male,10,1104.1,110.41,63,9.0,4,0.096,0,1046,Mobile,South,0
C00643,59,Female,7,332.82,47.55,48,7.0,5,0.455,1,398,Mobile,South,1
C00644,41,Male,6,860.52,143.42,5,8.0,3,0.216,1,973,Web,South,0
C00645,54,Female,6,1929.84,321.64,45,10.0,3,0.615,1,1285,Mobile,Central,0
C00646,33,Female,8,378.29,47.29,41,4.0,6,0.612,3,690,Store,Central,1
C00647,40,Female,8,1452.52,181.56,17,10.0,1,0.594,2,1084,Web,North,0
C00648,43,Female,5,1643.54,328.71,43,4.0,6,0.104,0,838,Store,South,0
C00649,64,Female,10,832.4,83.24,39,12.0,5,0.174,0,429,Mobile,South,1
C00650,58,Male,7,155.73,22.25,34,14.0,0,0.27,0,1196,Mobile,South,0
C00651,41,Male,6,1415.32,235.89,64,11.0,3,0.118,1,662,Mobile,North,0
C00652,49,Female,6,1890.63,315.1,85,6.0,4,0.543,1,1042,Mobile,Central,0
C00653,27,Male,7,2565.58,366.51,27,12.0,2,0.123,1,59,Mobile,North,0
C00654,56,Male,7,992.46,141.78,46,15.0,4,0.161,3,201,Mobile,Central,0
C00655,44,Male,6,234.38,39.06,141,7.0,2,0.09,1,1419,Mobile,North,0
C00656,43,Male,9,1400.15,155.57,46,7.0,4,0.265,3,841,Mobile,North,0
C00657,54,Male,12,268.86,22.4,26,12.0,3,0.366,0,1137,Web,North,1
C00658,48,Male,5,1269.47,253.89,19,8.0,2,0.22,1,1405,Web,North,1
C00659,21,Female,7,1553.85,221.98,74,3.0,6,0.131,0,1254,Store,Central,1
C00660,31,Male,5,1966.14,393.23,28,11.0,2,0.286,0,32,,North,1
C00661,26,Female,5,675.23,135.05,24,5.0,0,0.264,0,589,Mobile,South,0
C00662,53,Female,10,464.76,46.48,70,,3,0.173,1,36,Mobile,Central,1
C00663,19,Male,10,1003.27,100.33,14,9.0,6,0.163,0,1216,Web,South,1
C00664,27,Female,2,332.4,166.2,67,8.0,1,0.083,1,1162,Mobile,Central,0
C00665,46,Female,4,728.16,182.04,20,9.0,2,0.368,0,480,Web,North,0
C00666,51,Female,4,587.82,146.96,24,9.0,4,0.088,0,178,Mobile,Central,1
C00667,42,Male,10,1740.42,174.04,14,7.0,3,0.123,0,875,Mobile,South,1
C00668,59,Male,6,2247.97,374.66,25,15.0,2,0.499,1,575,Mobile,Central,1
C00669,62,Male,8,1336.61,167.08,106,5.0,2,0.123,0,680,Web,North,0
C00670,24,Female,7,1606.81,229.54,240,5.0,2,0.247,1,938,Web,Central,0
C00671,63,Female,7,1008.05,144.01,43,6.0,3,0.16,1,1219,Mobile,North,0
C00672,47,Female,13,955.18,73.48,37,14.0,4,0.164,0,218,Web,South,1
C00673,48,Female,5,276.3,55.26,85,7.0,1,0.154,2,1202,Web,Central,0
C00674,22,Female,3,1187.02,395.67,68,9.0,6,0.233,0,474,Store,South,0
C00675,47,Female,4,1539.48,384.87,98,4.0,3,0.382,0,1130,Web,North,0
C00676,52,Male,7,787.91,112.56,64,11.0,1,0.063,0,1448,Mobile,Central,1
C00677,45,Female,4,812.68,203.17,107,10.0,3,0.536,3,119,Store,Central,0
C00678,22,Male,6,168.09,28.02,61,11.0,4,0.213,0,383,Store,Central,0
C00679,43,Male,8,827.28,103.41,141,9.0,1,0.287,0,1457,Web,North,0
C00680,62,Female,9,1749.6,194.4,83,7.0,3,0.259,2,216,Web,South,0
C00681,52,Female,7,1147.61,163.94,133,11.0,7,0.209,2,697,Web,South,0
C00682,24,Male,7,892.8,127.54,37,6.0,1,0.212,1,223,Mobile,South,1
C00683,64,Female,9,402.14,44.68,42,10.0,4,0.343,1,52,Web,South,0
C00684,64,Male,8,662.41,82.8,58,5.0,1,0.203,0,496,Web,South,0
C00685,26,Male,5,575.78,115.16,61,13.0,4,0.124,0,140,Mobile,Central,0
C00686,56,Male,6,440.69,73.45,48,11.0,4,0.37,0,215,Mobile,South,0
C00687,37,Female,8,1144.27,143.03,51,12.0,0,0.523,2,1037,Store,South,1
C00688,46,Female,7,680.96,97.28,41,9.0,6,0.418,2,723,Web,South,0
C00689,39,Male,9,1643.24,182.58,58,9.0,5,0.453,1,1296,Store,Central,0
C00690,55,Male,8,899.2,112.4,34,4.0,3,0.497,2,956,Web,South,0
C00691,65,Male,6,2762.34,460.39,104,9.0,5,0.348,1,743,Store,South,0
C00692,56,Male,2,671.83,335.92,80,14.0,2,0.343,0,1473,Web,North,0
C00693,62,Female,6,1904.09,317.35,58,11.0,2,0.091,1,737,Mobile,South,0
C00694,63,Female,8,2152.31,269.04,11,2.0,3,0.106,1,833,Web,North,1
C00695,22,Female,6,630.46,105.08,10,6.0,3,0.293,1,532,Web,North,1
C00696,30,Male,5,851.09,170.22,52,8.0,4,0.1,1,1262,Mobile,Central,0
C00697,52,Female,12,718.91,59.91,22,11.0,4,0.16,0,593,Store,South,1
C00698,46,Male,6,607.21,101.2,73,7.0,2,0.133,1,900,Mobile,Central,1
C00699,20,Male,6,1375.37,229.23,5,12.0,7,0.46,3,1234,Web,South,0
C00700,22,Female,6,1476.51,246.08,157,7.0,4,0.514,0,1288,Web,North,0
C00701,42,Female,7,568.25,81.18,16,10.0,1,0.535,1,701,Web,South,0
C00702,47,Female,5,560.66,112.13,98,11.0,0,0.269,1,1374,Web,North,0
C00703,26,Female,8,917.86,114.73,39,14.0,1,0.432,1,626,Web,North,1
C00704,26,Female,10,898.65,89.86,11,7.0,4,0.119,2,1022,Store,Central,0
C00705,24,Female,5,275.42,55.08,42,5.0,5,0.144,2,426,Mobile,South,0
C00706,45,Male,5,1395.77,279.15,124,5.0,1,0.411,0,465,Mobile,North,0
C00707,18,Male,4,243.37,60.84,39,10.0,3,0.051,2,789,Mobile,Central,0
C00708,45,Male,11,521.74,47.43,117,9.0,8,0.482,0,1363,Mobile,South,0
C00709,40,Male,6,1032.6,172.1,49,7.0,2,0.446,0,726,Web,North,1
C00710,40,Male,9,1383.45,153.72,79,9.0,0,0.599,1,431,Store,South,0
C00711,50,Male,6,498.66,83.11,30,9.0,6,0.318,1,1036,Mobile,North,1
C00712,43,Female,5,833.65,166.73,25,7.0,2,0.33,1,1473,Web,Central,1
C00713,52,Female,7,681.39,97.34,17,8.0,2,0.226,0,1001,Mobile,North,1
C00714,54,Female,6,81.04,13.51,59,8.0,1,0.4,1,430,Web,South,0
C00715,62,Male,4,703.45,175.86,70,3.0,5,0.72,0,294,Mobile,Central,1
C00716,56,Female,6,426.98,71.16,41,12.0,0,0.125,0,1031,Mobile,South,0
C00717,42,Male,9,903.69,100.41,28,10.0,2,0.452,0,733,Mobile,North,1
C00718,41,Male,6,379.16,63.19,139,7.0,2,0.111,1,978,Store,North,1
C00719,29,Male,8,667.33,83.42,49,4.0,3,0.164,1,91,Web,South,1
C00720,46,Male,8,832.67,104.08,65,10.0,2,0.207,0,530,Mobile,North,1
C00721,24,Male,9,952.72,105.86,34,11.0,4,0.238,1,207,Web,North,1
C00722,62,Female,7,775.9,110.84,11,2.0,1,0.387,0,663,Mobile,North,0
C00723,58,Female,6,1854.44,309.07,24,3.0,2,0.259,0,1216,Mobile,Central,1
C00724,23,Female,13,1076.79,82.83,46,8.0,0,0.281,0,1047,Web,South,0
C00725,55,Male,10,1315.38,131.54,14,7.0,2,0.603,1,1464,Store,Central,1
C00726,23,Female,5,847.18,169.44,74,11.0,1,0.421,1,1371,Mobile,South,0
C00727,52,Female,13,29.15,2.24,47,9.0,3,0.078,1,781,Mobile,North,1
C00728,22,Male,7,351.92,50.27,43,9.0,5,0.221,1,1344,Web,North,1
C00729,41,Female,5,310.54,62.11,6,9.0,1,0.327,0,573,Mobile,North,1
C00730,49,Female,7,766.5,109.5,46,8.0,6,0.489,0,1387,Mobile,Central,1
C00731,52,Male,6,2102.36,350.39,54,2.0,0,0.088,0,939,Mobile,North,0
C00732,38,Male,8,1044.3,130.54,21,5.0,2,0.375,0,958,Store,South,1
C00733,62,Female,6,1587.9,264.65,32,5.0,2,0.425,0,939,Mobile,North,0
C00734,55,Male,8,464.97,58.12,54,4.0,3,0.11,1,1194,Mobile,North,0
C00735,27,Male,5,952.76,190.55,23,5.0,3,0.177,0,270,Web,North,1
C00736,50,Male,4,1866.24,466.56,31,6.0,2,0.155,2,550,Mobile,South,0
C00737,53,Female,5,1605.04,321.01,26,5.0,3,0.252,1,641,Store,South,1
C00738,34,Male,12,597.49,49.79,71,5.0,1,0.278,1,1033,Mobile,South,1
C00739,53,Male,8,846.78,105.85,100,8.0,2,0.057,1,662,Web,North,0
C00740,61,Male,6,1671.87,278.64,55,15.0,5,0.127,0,1106,Web,South,1
C00741,57,Female,7,561.76,80.25,37,13.0,3,0.446,1,56,Store,South,1
C00742,54,Female,3,809.46,269.82,79,10.0,4,0.14,3,586,Mobile,North,0
C00743,48,Female,7,183.52,26.22,11,2.0,0,0.417,0,178,Mobile,Central,1
C00744,30,Male,10,1507.86,150.79,45,9.0,2,0.192,0,184,Mobile,South,1
C00745,56,Male,6,1450.34,241.72,104,17.0,2,0.245,0,578,Web,Central,0
C00746,35,Female,6,208.93,34.82,28,13.0,4,0.167,0,644,Web,North,1
C00747,43,Male,9,809.76,89.97,65,,1,0.204,0,58,Web,Central,1
C00748,33,Female,5,1756.1,351.22,83,11.0,3,0.321,2,427,Mobile,Central,1
C00749,33,Female,6,395.22,65.87,53,7.0,4,0.337,1,1473,Web,South,0
C00750,25,Male,4,1115.94,278.98,23,9.0,2,0.225,1,472,Store,Central,0
C00751,64,Female,8,671.77,83.97,32,7.0,5,,0,1366,Mobile,Central,0
C00752,25,Female,8,1738.13,217.27,72,6.0,3,,0,1211,Mobile,North,1
C00753,22,Male,6,174.39,29.06,71,,2,0.165,0,1335,Store,South,0
C00754,62,Female,6,189.69,31.62,50,5.0,3,0.296,2,1409,Mobile,Central,0
C00755,44,Male,8,555.45,69.43,8,8.0,3,0.171,0,695,Mobile,South,1
C00756,39,Female,7,932.22,133.17,15,10.0,3,0.246,0,875,Web,South,1
C00757,53,Male,7,943.16,134.74,44,10.0,1,0.196,0,661,Mobile,Central,0
C00758,36,Male,5,232.71,46.54,27,6.0,6,0.246,0,918,Web,South,1
C00759,24,Female,5,1209.64,241.93,18,9.0,0,0.283,0,108,Web,South,0
C00760,53,Male,8,1373.03,171.63,19,7.0,2,0.619,3,1479,Mobile,South,0
C00761,26,Male,7,946.63,135.23,184,10.0,4,0.338,1,59,Web,South,0
C00762,44,Female,5,1762.86,352.57,57,8.0,3,0.294,1,1427,Mobile,North,0
C00763,63,Male,9,1267.5,140.83,71,5.0,2,0.509,1,54,Web,South,1
C00764,62,Male,5,663.61,132.72,39,13.0,4,0.392,1,506,Mobile,North,0
C00765,35,Male,5,2107.18,421.44,92,9.0,4,0.125,0,365,Mobile,North,0
C00766,55,Male,6,2319.73,386.62,67,11.0,4,0.157,1,589,Web,North,1
C00767,47,Male,11,1129.09,102.64,53,8.0,0,0.467,0,1067,Mobile,South,1
C00768,41,Female,9,473.69,52.63,54,9.0,3,0.324,1,141,Store,Central,0
C00769,24,Female,7,1722.45,246.06,25,10.0,4,0.267,1,468,Store,North,0
C00770,36,Male,8,334.08,41.76,24,9.0,2,0.391,0,831,Web,North,1
C00771,49,Female,8,499.64,62.46,56,7.0,0,0.055,0,811,Web,North,1
C00772,65,Female,4,1584.04,396.01,85,6.0,3,0.151,0,1415,Web,South,0
C00773,18,Female,9,450.75,50.08,108,11.0,2,0.513,0,759,Store,North,0
C00774,52,Female,9,1992.11,221.35,76,4.0,4,0.262,1,891,Store,Central,0
C00775,58,Female,6,470.98,78.5,116,5.0,4,0.132,0,1430,Store,South,0
C00776,63,Female,8,745.39,93.17,104,6.0,0,0.308,0,269,Mobile,South,0
C00777,38,Female,7,695.38,99.34,42,5.0,3,0.003,1,464,Mobile,Central,0
C00778,23,Female,6,1367.54,227.92,135,8.0,3,0.114,0,52,Mobile,South,0
C00779,31,Male,6,1351.23,225.2,48,5.0,3,0.328,1,1359,Mobile,Central,1
C00780,58,Male,7,680.82,97.26,46,3.0,6,0.243,0,1444,Mobile,North,0
C00781,60,Female,6,1252.42,208.74,72,10.0,1,0.364,2,628,Store,South,0
C00782,48,Male,11,1030.29,93.66,108,6.0,2,0.069,0,679,Web,Central,0
C00783,23,Male,10,1428.87,142.89,29,9.0,1,0.384,2,120,Web,North,0
C00784,23,Male,7,1305.9,186.56,48,8.0,4,0.324,1,869,Mobile,North,1
C00785,40,Male,4,465.59,116.4,42,14.0,4,0.351,1,254,Web,Central,0
C00786,46,Female,5,1999.36,399.87,21,11.0,2,0.531,1,1227,Web,North,0
C00787,19,Female,4,207.88,51.97,29,12.0,1,0.476,1,1334,Store,South,1
C00788,50,Male,8,741.48,92.68,22,10.0,1,0.243,1,673,Mobile,South,1
C00789,44,Male,8,1255.51,156.94,69,11.0,0,0.521,1,384,Mobile,Central,0
C00790,18,Male,6,884.39,147.4,40,4.0,3,0.121,2,460,Mobile,North,0
C00791,22,Male,9,824.29,91.59,35,12.0,2,0.289,2,702,Mobile,North,0
C00792,39,Female,6,730.35,121.72,64,7.0,4,0.31,2,74,Mobile,South,1
C00793,52,Female,3,666.75,222.25,65,2.0,3,0.107,1,946,Mobile,North,0
C00794,57,Female,12,1861.97,155.16,104,9.0,2,0.132,1,700,Mobile,South,1
C00795,38,Female,9,833.9,92.66,7,3.0,0,0.203,1,934,Web,Central,0
C00796,32,Female,5,834.04,166.81,90,8.0,4,0.143,1,1028,Web,North,0
C00797,64,Female,9,544.67,60.52,20,9.0,0,0.132,1,608,Web,South,1
C00798,40,Female,3,1328.13,442.71,60,8.0,3,0.031,0,100,Web,North,1
C00799,33,Male,6,318.44,53.07,19,3.0,0,0.076,1,48,Mobile,South,0
C00800,39,Male,9,2577.93,286.44,75,10.0,4,0.368,2,624,Web,South,1
C00801,18,Female,7,468.26,66.89,30,6.0,5,0.093,0,126,Web,North,0
C00802,32,Male,7,824.54,117.79,67,13.0,5,0.174,0,1008,Store,South,0
C00803,42,Male,4,1159.08,289.77,27,7.0,2,0.559,1,229,Mobile,South,0
C00804,62,Female,10,1641.41,164.14,10,1.0,5,0.225,0,895,Mobile,South,0
C00805,53,Female,5,712.16,142.43,27,7.0,3,0.341,3,1256,Web,North,0
C00806,55,Male,6,617.43,102.9,65,2.0,3,0.38,1,1488,Web,South,0
C00807,44,Male,7,980.92,140.13,40,8.0,2,0.636,0,269,Mobile,South,0
C00808,23,Male,5,560.74,112.15,81,10.0,3,0.473,0,1125,Store,South,1
C00809,36,Female,7,772.22,110.32,44,8.0,4,0.082,0,187,Web,South,1
C00810,65,Male,3,2143.96,714.65,58,13.0,2,0.186,0,1104,Mobile,Central,0
C00811,20,Female,8,464.88,58.11,12,7.0,3,0.2,0,887,Store,South,0
C00812,60,Female,5,141.44,28.29,65,8.0,2,0.285,2,681,Store,South,0
C00813,50,Female,10,524.79,52.48,88,10.0,2,0.112,0,269,Web,South,0
C00814,31,Female,10,315.0,31.5,7,6.0,1,0.275,0,510,Web,North,0
C00815,55,Male,7,1294.97,185.0,16,7.0,5,0.367,0,960,Mobile,Central,1
C00816,58,Male,8,616.3,77.04,149,8.0,2,0.355,0,1337,Store,North,0
C00817,20,Female,4,1751.93,437.98,56,9.0,1,0.28,1,1329,Web,Central,0
C00818,23,Male,9,760.07,84.45,40,6.0,3,0.296,1,795,Mobile,South,1
C00819,49,Male,4,320.27,80.07,36,7.0,3,0.193,0,987,Mobile,South,0
C00820,65,Male,5,1618.4,323.68,2,7.0,2,0.165,0,364,Web,South,1
C00821,19,Male,6,481.68,80.28,74,8.0,4,0.347,1,896,Web,North,1
C00822,49,Male,9,140.02,15.56,38,14.0,4,0.211,1,777,Mobile,North,1
C00823,24,Female,8,1125.71,140.71,50,6.0,5,0.267,0,1055,Mobile,North,0
C00824,49,Female,13,541.17,41.63,88,3.0,3,0.154,0,1158,Web,North,0
C00825,47,Female,11,1182.5,107.5,44,7.0,3,0.504,1,654,Web,South,1
C00826,22,Female,7,1472.21,210.32,100,7.0,2,0.505,1,1439,Store,North,0
C00827,50,Male,7,1042.12,148.87,10,5.0,4,0.572,1,188,Mobile,South,0
C00828,61,Female,5,561.14,112.23,62,14.0,2,0.272,0,298,Mobile,North,0
C00829,59,Female,6,1653.43,275.57,31,8.0,6,0.457,0,202,Mobile,Central,1
C00830,19,Male,6,447.39,74.56,64,6.0,1,0.481,0,1433,Web,South,0
C00831,29,Female,5,1183.72,236.74,40,12.0,3,,1,162,Store,South,1
C00832,29,Male,3,1337.18,445.73,105,8.0,0,0.29,1,1426,Mobile,South,0
C00833,39,Male,13,917.84,70.6,78,7.0,2,0.375,0,81,Mobile,North,0
C00834,24,Male,4,1451.37,362.84,32,5.0,0,0.267,0,390,,Central,0
C00835,59,Male,7,1047.81,149.69,30,9.0,3,0.038,1,126,Mobile,South,1
C00836,55,Male,4,1142.08,285.52,62,7.0,1,0.427,0,1327,Mobile,South,0
C00837,56,Female,10,1454.61,145.46,42,5.0,1,0.704,2,1322,Web,South,1
C00838,27,Female,4,1012.33,253.08,55,8.0,3,0.326,1,348,Mobile,Central,0
C00839,18,Male,8,1560.3,195.04,70,10.0,3,0.317,1,703,Store,South,0
C00840,61,Female,6,1942.23,323.7,90,10.0,2,0.076,1,1303,Mobile,Central,0
C00841,31,Male,6,1209.49,201.58,37,7.0,2,0.113,2,1402,Mobile,North,0
C00842,49,Female,6,1475.13,245.86,23,11.0,1,0.666,0,1283,Web,North,0
C00843,61,Male,6,920.56,153.43,106,10.0,2,0.595,0,1360,Web,South,0
C00844,19,Male,10,1963.11,196.31,88,9.0,2,0.659,1,1484,Web,North,1
C00845,18,Female,10,1099.29,109.93,65,14.0,3,0.484,0,420,Web,South,1
C00846,18,Female,6,1397.08,232.85,73,6.0,3,0.477,0,947,Mobile,South,0
C00847,25,Female,5,327.58,65.52,46,9.0,1,0.369,1,449,Web,North,1
C00848,20,Female,7,1324.58,189.23,72,7.0,7,0.589,1,480,Store,South,0
C00849,57,Female,7,970.92,138.7,118,7.0,3,0.519,1,133,Mobile,South,0
C00850,47,Male,5,1293.97,258.79,21,12.0,0,0.344,1,264,Mobile,South,1
C00851,65,Male,5,1376.21,275.24,25,7.0,4,0.086,2,977,Mobile,North,0
C00852,56,Male,9,1460.57,162.29,78,12.0,1,0.467,0,1094,Store,Central,1
C00853,64,Male,6,1334.83,222.47,5,5.0,3,0.453,2,1193,Web,North,1
C00854,29,Male,9,790.13,87.79,122,6.0,3,0.249,0,1138,Web,South,0
C00855,31,Female,6,2395.41,399.23,139,12.0,3,0.608,2,130,Mobile,South,0
C00856,58,Male,5,1753.45,350.69,23,6.0,5,0.136,1,1006,Mobile,North,1
C00857,29,Female,8,844.06,105.51,24,10.0,2,0.091,0,1286,Store,South,1
C00858,20,Female,7,815.91,116.56,2,10.0,5,0.244,0,1289,Mobile,North,1
C00859,50,Female,4,53.39,13.35,23,5.0,2,0.251,4,268,Web,Central,1
C00860,56,Female,7,408.24,58.32,48,8.0,1,0.388,3,1337,Mobile,South,0
C00861,64,Male,8,529.13,66.14,9,6.0,2,0.279,0,123,Mobile,South,1
C00862,62,Male,6,831.01,138.5,95,17.0,1,0.309,3,1063,Web,South,0
C00863,23,Female,4,1921.12,480.28,90,13.0,2,0.102,0,284,Mobile,Central,0
C00864,55,Female,8,770.28,96.28,57,13.0,4,0.208,1,1080,Web,North,0
C00865,58,Male,7,403.08,57.58,31,11.0,3,0.231,0,425,Web,South,0
C00866,51,Male,7,1279.65,182.81,28,3.0,1,0.737,1,1225,Store,South,0
C00867,57,Female,10,1338.74,133.87,75,9.0,0,0.178,0,99,Mobile,Central,0
C00868,58,Female,8,775.45,96.93,109,,3,0.321,0,801,Web,South,1
C00869,39,Male,8,1780.22,222.53,31,6.0,3,0.547,1,825,Web,South,1
C00870,19,Male,4,1852.69,463.17,111,2.0,3,0.662,0,30,Mobile,South,0
C00871,39,Female,5,222.07,44.41,66,7.0,2,0.384,1,354,Mobile,South,0
C00872,27,Male,7,1344.57,192.08,113,8.0,2,0.224,0,943,Web,North,0
C00873,23,Female,5,129.21,25.84,37,,1,0.19,0,814,Mobile,North,0
C00874,23,Male,8,837.17,104.65,16,10.0,5,0.196,1,1350,Web,North,1
C00875,51,Female,6,3087.94,514.66,113,8.0,3,0.23,0,1351,Web,South,0
C00876,42,Male,2,1304.36,652.18,29,8.0,2,0.262,1,1465,Mobile,North,0
C00877,43,Male,6,579.41,96.57,96,7.0,1,0.44,2,916,Mobile,South,0
C00878,53,Female,8,1388.78,173.6,5,5.0,5,0.388,3,1244,Mobile,North,0
C00879,44,Male,6,545.59,90.93,50,8.0,4,0.116,1,933,Mobile,South,0
C00880,48,Female,8,1104.88,138.11,66,7.0,1,0.206,0,1106,Store,South,0
C00881,22,Male,11,469.91,42.72,57,4.0,3,0.232,0,926,Store,South,1
C00882,58,Female,4,700.08,175.02,57,9.0,1,0.147,1,361,Store,North,0
C00883,39,Female,4,1762.16,440.54,45,8.0,2,0.325,2,51,Web,South,0
C00884,25,Female,6,2356.67,392.78,42,8.0,3,0.35,1,859,Web,North,1
C00885,57,Male,5,1102.19,220.44,62,11.0,1,0.563,2,1168,Web,South,0
C00886,53,Female,4,1485.44,371.36,107,11.0,6,0.153,0,1268,Mobile,North,0
C00887,20,Female,5,632.66,126.53,28,11.0,2,0.217,0,677,,North,0
C00888,27,Female,6,424.39,70.73,78,8.0,4,0.417,0,1164,Mobile,South,0
C00889,18,Male,8,1029.09,128.64,16,11.0,4,0.08,1,592,Web,North,1
C00890,30,Male,8,987.67,123.46,70,8.0,4,0.331,1,1248,Mobile,South,0
C00891,22,Male,6,3182.52,530.42,33,6.0,3,0.183,0,1054,Mobile,South,1
C00892,52,Female,15,819.15,54.61,25,6.0,5,0.264,1,1091,Web,North,0
C00893,43,Female,7,795.19,113.6,61,9.0,6,0.182,1,462,Web,South,1
C00894,65,Male,8,1301.21,162.65,118,9.0,2,0.15,1,1401,,Central,0
C00895,53,Female,9,620.93,68.99,22,8.0,2,0.253,1,1118,Mobile,South,1
C00896,47,Female,9,521.13,57.9,18,8.0,2,0.375,1,1477,Mobile,Central,1
C00897,42,Male,7,1181.96,168.85,50,12.0,3,0.2,1,937,Mobile,North,1
C00898,20,Male,7,290.85,41.55,26,8.0,3,0.164,1,1172,Mobile,South,1
C00899,21,Female,4,1254.95,313.74,51,7.0,0,0.056,1,654,Mobile,North,0
C00900,47,Female,7,676.44,96.63,37,8.0,3,0.304,2,92,Store,North,0
C00901,18,Male,5,1440.85,288.17,18,5.0,1,0.107,1,1419,Mobile,North,0
C00902,20,Female,14,1990.54,142.18,29,7.0,1,0.322,1,357,Store,South,1
C00903,28,Female,5,521.46,104.29,97,14.0,2,0.188,1,990,Mobile,North,0
C00904,60,Female,6,783.0,130.5,40,10.0,4,0.349,0,114,Mobile,North,0
C00905,40,Female,8,1694.01,211.75,48,7.0,1,0.266,0,1177,Mobile,North,1
C00906,52,Female,7,1101.49,157.36,25,13.0,2,0.396,2,369,Web,South,1
C00907,37,Female,7,2385.88,340.84,61,7.0,0,0.288,0,723,Mobile,Central,1
C00908,26,Male,8,1127.91,140.99,80,8.0,2,0.266,1,802,Store,South,0
C00909,35,Female,10,1931.18,193.12,54,11.0,1,0.155,1,124,Mobile,Central,1
C00910,22,Male,6,375.27,62.54,39,12.0,5,0.148,4,1414,Mobile,Central,1
C00911,54,Female,12,508.05,42.34,90,9.0,2,0.265,0,1050,Web,South,1
C00912,26,Male,7,2202.72,314.67,49,11.0,4,0.115,0,1041,Mobile,North,1
C00913,36,Female,7,500.12,71.45,105,6.0,1,0.338,1,626,Web,South,0
C00914,65,Male,4,2217.97,554.49,73,5.0,2,0.35,0,45,Mobile,South,0
C00915,46,Male,6,559.43,93.24,38,6.0,5,0.394,0,233,Web,North,1
C00916,40,Male,10,315.37,31.54,13,15.0,1,0.146,2,1406,,South,1
C00917,44,Female,13,813.52,62.58,74,5.0,2,0.218,1,673,Web,Central,0
C00918,55,Female,5,375.86,75.17,105,7.0,2,0.226,0,533,Store,South,0
C00919,30,Male,11,1362.96,123.91,21,12.0,3,0.166,1,691,Web,Central,1
C00920,48,Female,10,130.3,13.03,46,6.0,1,0.285,2,1291,Store,North,1
C00921,59,Female,6,2738.87,456.48,74,7.0,5,0.461,0,617,Web,North,0
C00922,45,Male,9,985.39,109.49,38,9.0,4,0.11,0,989,Web,North,1
C00923,39,Female,8,1409.41,176.18,50,9.0,4,0.236,0,1368,Web,South,1
C00924,24,Male,2,1522.56,761.28,133,11.0,4,0.218,1,1401,Store,South,0
C00925,29,Male,6,1057.6,176.27,60,10.0,2,0.034,0,738,Web,Central,0
C00926,63,Female,7,1242.43,177.49,26,8.0,0,0.373,2,947,Web,Central,1
C00927,43,Male,14,737.31,52.66,49,14.0,2,0.605,0,33,Web,South,1
C00928,32,Female,10,1519.37,151.94,50,4.0,2,0.12,0,1223,Web,South,1
C00929,38,Female,10,129.92,12.99,21,11.0,2,0.297,0,530,Mobile,North,0
C00930,45,Female,11,2445.74,222.34,167,11.0,8,0.553,1,1353,Web,South,0
C00931,43,Female,7,719.24,102.75,4,10.0,3,0.277,2,921,Store,North,1
C00932,51,Female,4,1637.62,409.4,13,6.0,2,0.299,4,325,Web,North,0
C00933,30,Female,12,1813.32,151.11,21,7.0,2,0.366,1,1425,Web,South,1
C00934,49,Male,7,690.69,98.67,13,10.0,3,0.178,2,404,Mobile,South,1
C00935,39,Male,6,919.03,153.17,9,5.0,2,0.175,1,911,Mobile,Central,1
C00936,63,Female,2,891.14,445.57,133,12.0,1,0.424,0,291,Store,Central,0
C00937,25,Male,7,823.4,117.63,77,8.0,6,0.138,3,1229,Web,North,0
C00938,25,Male,7,570.01,81.43,93,7.0,1,0.269,1,305,Store,North,0
C00939,40,Male,11,943.06,85.73,36,7.0,5,0.391,1,1120,Mobile,Central,1
C00940,42,Female,5,798.04,159.61,109,6.0,2,0.235,0,1122,Web,Central,0
C00941,51,Male,9,2037.65,226.41,74,6.0,3,0.061,0,920,Web,North,1
C00942,37,Male,13,1111.98,85.54,35,3.0,3,0.337,0,1278,Web,North,1
C00943,61,Male,11,609.21,55.38,69,8.0,3,0.18,0,240,Mobile,Central,1
C00944,40,Male,10,2113.75,211.38,14,9.0,4,0.499,1,995,Mobile,Central,1
C00945,24,Female,9,1873.25,208.14,61,2.0,0,0.298,0,1133,Mobile,South,1
C00946,23,Male,9,815.72,90.64,43,6.0,4,0.151,1,814,Web,North,1
C00947,64,Female,7,1068.49,152.64,132,6.0,4,0.317,0,178,Mobile,Central,0
C00948,24,Female,9,2052.72,228.08,97,6.0,4,0.175,1,42,Web,Central,1
C00949,63,Male,11,1594.92,144.99,14,7.0,4,0.321,1,620,Mobile,North,1
C00950,31,Female,7,266.04,38.01,23,13.0,2,0.116,0,1448,Mobile,Central,1
C00951,22,Female,7,476.82,68.12,172,8.0,5,0.019,1,451,Web,South,0
C00952,32,Female,7,652.85,93.26,36,6.0,4,0.602,0,1346,Mobile,South,0
C00953,47,Male,8,706.62,88.33,14,6.0,6,0.17,1,1165,Mobile,South,1
C00954,38,Male,5,904.87,180.97,79,8.0,3,0.364,1,567,Web,North,1
C00955,55,Female,4,1213.11,303.28,120,7.0,5,0.249,0,745,Mobile,North,0
C00956,47,Female,5,904.37,180.87,41,8.0,2,0.199,0,560,Web,North,0
C00957,37,Female,5,1836.66,367.33,67,7.0,4,0.168,2,1477,Web,South,0
C00958,48,Female,3,716.25,238.75,46,6.0,1,0.365,1,1090,Mobile,South,1
C00959,64,Male,7,1837.26,262.47,80,11.0,5,0.442,0,970,Store,South,1
C00960,37,Female,14,1114.92,79.64,26,10.0,0,0.127,3,1057,Mobile,North,1
C00961,25,Male,8,1071.21,133.9,58,4.0,2,0.203,1,608,Web,South,0
C00962,37,Female,7,1497.1,213.87,96,7.0,3,0.224,0,1038,Store,South,0
C00963,58,Male,6,1356.52,226.09,35,9.0,1,0.358,4,1430,Web,South,0
C00964,28,Male,11,902.29,82.03,91,6.0,2,0.52,0,1306,Web,South,0
C00965,63,Female,4,563.88,140.97,77,11.0,3,0.336,0,499,Mobile,North,1
C00966,46,Female,10,2067.07,206.71,18,7.0,4,0.612,2,133,Web,South,1
C00967,46,Female,7,1029.51,147.07,26,8.0,3,0.38,0,167,Mobile,North,1
C00968,33,Male,3,1036.15,345.38,84,5.0,0,0.312,1,877,Web,Central,0
C00969,62,Male,5,3523.1,704.62,26,11.0,4,0.106,2,510,Web,South,1
C00970,19,Female,7,1847.76,263.97,4,10.0,5,0.098,0,1385,Mobile,North,1
C00971,32,Male,5,851.52,170.3,55,8.0,6,0.435,2,1398,Web,South,0
C00972,38,Male,8,975.32,121.92,52,7.0,1,0.24,3,1035,Web,North,1
C00973,40,Female,6,521.96,86.99,81,12.0,4,0.062,1,1418,Web,North,0
C00974,40,Male,10,398.63,39.86,114,12.0,4,0.115,0,130,Store,North,0
C00975,25,Female,9,851.17,94.57,52,5.0,3,0.23,3,345,Mobile,North,0
C00976,28,Male,5,1299.41,259.88,63,7.0,2,0.361,2,377,Web,South,0
C00977,22,Female,7,549.14,78.45,13,7.0,1,0.354,2,887,Mobile,South,1
C00978,45,Female,5,1598.37,319.67,37,4.0,1,0.216,0,1414,Mobile,North,1
C00979,34,Female,11,458.22,41.66,203,6.0,2,0.127,1,1473,Mobile,Central,0
C00980,45,Female,6,859.61,143.27,72,9.0,5,0.113,1,725,Mobile,South,1
C00981,46,Male,8,1510.53,188.82,117,6.0,3,0.121,1,429,Mobile,North,0
C00982,51,Female,5,2853.63,570.73,37,11.0,5,0.297,0,1230,Mobile,Central,0
C00983,44,Female,7,2243.27,320.47,32,8.0,2,0.242,1,1330,Web,South,1
C00984,49,Female,6,1953.01,325.5,32,5.0,2,0.264,0,629,Store,South,1
C00985,46,Female,10,1054.4,105.44,94,9.0,1,0.37,0,1384,Mobile,Central,0
C00986,49,Female,6,1653.5,275.58,43,6.0,4,0.292,1,1171,Web,South,1
C00987,47,Female,8,810.99,101.37,13,,2,0.39,0,345,Mobile,Central,1
C00988,33,Female,4,1448.96,362.24,45,5.0,2,0.365,0,939,Web,North,0
C00989,29,Male,3,369.19,123.06,33,5.0,3,0.267,0,390,Mobile,North,0
C00990,55,Female,9,1213.26,134.81,98,10.0,4,0.181,0,317,Mobile,Central,0
C00991,34,Female,6,367.74,61.29,166,10.0,2,0.44,1,131,Mobile,North,0
C00992,44,Male,11,1876.96,170.63,13,8.0,4,0.393,1,1085,Web,North,1
C00993,27,Female,13,1602.76,123.29,74,4.0,2,0.114,0,435,Store,South,1
C00994,38,Female,5,2374.53,474.91,107,5.0,3,0.24,1,1266,Web,Central,0
C00995,43,Male,10,411.49,41.15,84,9.0,3,0.231,2,590,Web,North,0
C00996,48,Female,4,3502.21,875.55,33,20.0,8,0.435,1,485,Store,North,1
C00997,43,Female,12,970.97,80.91,39,16.0,6,0.423,1,849,Mobile,South,0
C00998,35,Female,4,1860.82,465.2,51,7.0,4,0.345,0,1046,Mobile,North,1
C00999,64,Male,3,506.27,168.76,28,,7,0.307,0,499,Mobile,South,0
C01000,42,Female,7,1275.95,182.28,58,12.0,5,0.179,1,973,Store,North,0
C01001,56,Male,10,897.72,89.77,122,14.0,4,0.253,1,952,Mobile,North,1
C01002,53,Female,7,1602.32,228.9,73,13.0,2,0.482,1,730,Store,North,1
C01003,44,Male,4,226.84,56.71,10,5.0,4,0.24,0,1407,Store,North,0
C01004,60,Female,10,472.9,47.29,46,7.0,2,0.288,1,1239,Web,North,0
C01005,24,Female,9,1984.46,220.5,155,10.0,4,0.13,0,614,Store,North,0
C01006,62,Female,12,464.53,38.71,25,12.0,3,0.132,0,1121,Web,South,1
C01007,58,Female,5,908.58,181.72,84,10.0,3,0.2,1,545,Mobile,South,0
C01008,42,Female,10,823.27,82.33,18,9.0,2,0.301,0,1214,Store,North,1
C01009,53,Female,6,1190.91,198.48,73,10.0,9,0.433,2,1277,Mobile,South,0
C01010,42,Male,12,543.9,45.32,39,3.0,2,0.377,1,462,Mobile,South,0
C01011,30,Female,8,2092.96,261.62,133,5.0,4,0.212,3,575,Web,Central,0
C01012,56,Female,4,1207.04,301.76,132,13.0,1,0.357,1,953,Mobile,South,0
C01013,29,Female,9,2231.88,247.99,14,7.0,2,0.075,0,697,Web,North,1
C01014,33,Female,5,1593.02,318.6,45,7.0,2,0.443,0,66,Store,Central,1
C01015,42,Female,6,1160.4,193.4,36,6.0,3,0.204,1,1040,Web,South,0
C01016,58,Female,11,96.79,8.8,83,8.0,2,0.182,0,443,Mobile,South,0
C01017,36,Female,9,1440.24,160.03,43,8.0,4,0.062,1,379,Web,South,1
C01018,41,Male,8,1430.57,178.82,123,15.0,2,0.413,1,1087,Mobile,Central,0
C01019,19,Female,3,2205.95,735.32,41,7.0,4,0.174,0,969,Mobile,North,1
C01020,23,Female,7,1097.47,156.78,56,7.0,4,0.048,0,182,Web,Central,0
C01021,20,Female,5,47.11,9.42,44,11.0,2,0.03,0,1034,Mobile,South,1
C01022,21,Female,8,1033.29,129.16,83,9.0,1,0.332,0,1034,Store,North,1
C01023,59,Male,6,1493.24,248.87,138,5.0,1,0.388,1,569,Web,South,0
C01024,58,Male,11,1029.11,93.56,95,6.0,1,0.115,0,1421,Web,South,0
C01025,57,Female,9,727.4,80.82,38,7.0,2,0.072,1,307,,South,0
C01026,20,Male,7,1667.6,238.23,18,12.0,3,0.247,4,1010,Store,South,0
C01027,21,Male,7,192.67,27.52,28,11.0,3,0.319,1,308,Web,North,0
C01028,31,Male,7,1017.97,145.42,116,9.0,2,0.563,0,990,Mobile,South,0
C01029,45,Female,6,764.86,127.48,58,4.0,2,0.158,0,538,Web,North,1
C01030,34,Female,10,461.4,46.14,62,9.0,2,0.523,0,1181,Web,North,1
C01031,41,Male,11,1179.42,107.22,92,6.0,0,0.445,0,1297,Store,South,0
C01032,26,Male,7,2387.65,341.09,51,5.0,3,0.493,1,458,Web,South,1
C01033,53,Male,4,526.48,131.62,100,8.0,3,0.373,0,1057,Store,South,0
C01034,33,Male,3,1441.22,480.41,44,6.0,4,0.347,0,1016,Web,North,0
C01035,21,Female,7,1308.42,186.92,37,17.0,3,0.172,0,898,Web,South,1
C01036,53,Female,9,403.39,44.82,20,4.0,4,0.145,2,1404,Web,South,1
C01037,61,Male,9,1300.06,144.45,6,6.0,6,0.395,0,320,Store,South,1
C01038,18,Female,5,792.44,158.49,58,6.0,2,0.164,1,880,Mobile,South,1
C01039,38,Male,5,626.65,125.33,87,4.0,1,0.214,1,505,Mobile,Central,0
C01040,57,Male,9,616.65,68.52,87,6.0,3,0.142,0,424,Web,North,1
C01041,51,Female,6,3663.3,610.55,119,9.0,1,0.152,1,169,Web,South,0
C01042,59,Female,3,262.58,87.53,49,13.0,8,0.526,1,988,Web,South,0
C01043,37,Female,11,1930.66,175.51,118,5.0,4,0.17,1,307,Web,Central,0
C01044,35,Male,4,862.53,215.63,53,7.0,5,0.358,1,1480,Web,North,1
C01045,52,Male,10,495.14,49.51,19,7.0,3,0.358,1,1004,Mobile,Central,0
C01046,25,Male,5,751.65,150.33,72,5.0,3,0.686,1,38,Store,South,1
C01047,29,Female,5,2021.88,404.38,21,6.0,4,0.523,0,640,Web,Central,1
C01048,46,Female,6,2078.05,346.34,49,8.0,2,0.424,0,326,Mobile,Central,1
C01049,50,Male,6,483.42,80.57,105,9.0,4,0.29,1,1014,Mobile,South,1
C01050,23,Female,8,1276.52,159.56,3,12.0,1,0.168,2,1366,Mobile,South,0
C01051,42,Female,7,1223.26,174.75,56,8.0,5,0.233,0,458,Web,South,0
C01052,35,Female,6,837.38,139.56,29,12.0,4,0.639,0,239,Store,South,1
C01053,42,Male,7,1359.91,194.27,105,5.0,7,0.279,0,581,Web,South,0
C01054,64,Female,4,1570.96,392.74,147,10.0,1,0.22,1,178,Web,Central,0
C01055,21,Male,10,463.66,46.37,42,8.0,4,0.164,0,1017,Mobile,North,0
C01056,65,Female,6,242.71,40.45,80,7.0,0,0.508,0,1117,Mobile,South,1
C01057,39,Female,12,402.38,33.53,14,7.0,2,0.093,0,620,Mobile,Central,1
C01058,55,Female,6,735.37,122.56,64,10.0,4,0.118,1,254,Web,South,0
C01059,38,Female,12,841.92,70.16,22,2.0,1,0.106,2,696,Mobile,South,1
C01060,32,Female,8,1668.39,208.55,25,8.0,6,0.362,1,132,Mobile,North,1
C01061,54,Female,5,931.48,186.3,46,7.0,2,0.164,1,1310,Store,Central,0
C01062,51,Female,7,736.32,105.19,25,7.0,4,0.332,0,1215,Store,South,1
C01063,24,Female,7,233.07,33.3,66,6.0,2,0.135,1,1076,Store,South,1
C01064,51,Male,13,1980.76,152.37,52,8.0,0,0.038,2,600,Store,Central,1
C01065,54,Female,3,482.71,160.9,31,7.0,6,0.408,1,1096,Mobile,South,0
C01066,36,Female,7,2083.91,297.7,29,5.0,5,0.178,4,1195,Mobile,South,0
C01067,62,Female,10,684.54,68.45,74,12.0,3,0.18,0,112,Mobile,North,1
C01068,48,Female,11,423.12,38.47,87,9.0,5,0.258,0,481,Mobile,North,1
C01069,34,Female,7,988.93,141.28,55,9.0,2,0.264,0,522,Web,South,0
C01070,18,Male,9,538.0,59.78,82,9.0,3,0.143,1,1166,Store,South,1
C01071,50,Female,7,801.77,114.54,20,14.0,3,0.244,0,243,Web,South,0
C01072,28,Male,8,968.4,121.05,23,8.0,4,0.312,0,870,Mobile,South,1
C01073,54,Male,9,1558.08,173.12,32,6.0,1,0.158,0,752,Web,South,1
C01074,43,Male,8,2775.39,346.92,19,9.0,2,,2,997,Web,South,1
C01075,40,Male,5,629.46,125.89,3,7.0,5,0.737,1,44,Mobile,South,1
C01076,25,Male,8,1047.98,131.0,42,7.0,4,0.253,0,692,Web,South,0
C01077,52,Female,7,350.44,50.06,27,11.0,4,0.393,0,1362,Store,North,1
C01078,25,Male,6,1400.44,233.41,37,5.0,1,0.382,0,1211,Mobile,North,0
C01079,38,Female,7,1100.96,157.28,25,6.0,5,0.083,0,497,Mobile,North,1
C01080,58,Male,6,228.99,38.16,35,10.0,3,0.365,1,33,Mobile,South,1
C01081,62,Female,9,1142.74,126.97,51,9.0,4,0.429,1,434,Mobile,North,0
C01082,65,Female,6,522.33,87.06,79,6.0,4,0.272,1,170,Web,North,0
C01083,63,Male,6,793.29,132.22,112,10.0,2,0.159,0,962,Store,South,0
C01084,44,Female,6,2376.8,396.13,41,1.0,1,0.121,1,1277,Store,North,1
C01085,27,Female,9,263.53,29.28,27,12.0,1,0.622,0,1319,Web,North,1
C01086,58,Female,4,1478.55,369.64,10,5.0,6,0.329,0,1378,Web,North,0
C01087,56,Male,7,464.58,66.37,182,8.0,0,0.212,1,130,Mobile,South,1
C01088,65,Female,5,401.02,80.2,85,14.0,2,0.058,0,976,Web,North,0
C01089,49,Female,10,607.88,60.79,57,7.0,0,0.089,1,1177,Web,South,1
C01090,24,Male,6,372.44,62.07,15,9.0,4,0.181,1,599,Web,North,1
C01091,42,Female,8,3182.69,397.84,4,11.0,6,0.596,1,424,Web,South,1
C01092,39,Male,8,243.34,30.42,9,7.0,4,0.072,1,1350,Web,Central,1
C01093,58,Female,12,344.35,28.7,33,6.0,7,0.076,2,796,Mobile,Central,1
C01094,36,Male,5,183.58,36.72,28,5.0,2,0.134,1,308,Mobile,Central,0
C01095,33,Male,4,511.33,127.83,26,5.0,2,0.218,0,561,Mobile,Central,0
C01096,21,Female,5,1000.95,200.19,30,3.0,4,0.279,1,1328,Store,North,0
C01097,58,Female,5,1077.28,215.46,95,12.0,3,0.247,0,708,Mobile,South,0
C01098,54,Female,3,1167.9,389.3,15,6.0,3,0.139,0,102,Mobile,Central,0
C01099,19,Female,4,1219.25,304.81,19,5.0,5,0.229,1,554,Web,Central,1
C01100,38,Male,12,1751.31,145.94,20,9.0,2,0.204,0,961,Web,North,1
C01101,41,Male,7,2406.48,343.78,32,9.0,2,0.205,0,680,Web,North,1
C01102,40,Male,6,1392.07,232.01,10,4.0,3,0.192,3,1320,Mobile,North,0
C01103,62,Female,4,973.75,243.44,70,13.0,2,0.101,1,623,Web,South,0
C01104,25,Male,8,474.77,59.35,27,9.0,4,0.187,0,496,Store,North,0
C01105,32,Female,8,1045.04,130.63,43,13.0,3,0.156,3,1384,Mobile,North,0
C01106,26,Male,6,1358.87,226.48,49,10.0,7,0.456,1,827,Mobile,South,1
C01107,29,Male,6,772.72,128.79,37,9.0,3,0.423,0,190,Mobile,South,1
C01108,61,Male,3,1547.88,515.96,86,15.0,6,0.114,0,1265,Mobile,South,0
C01109,63,Male,3,1204.52,401.51,110,13.0,1,0.644,0,1098,Web,Central,0
C01110,20,Male,8,543.16,67.9,16,13.0,4,0.242,2,1169,Web,South,1
C01111,48,Female,7,612.12,87.45,25,,3,0.317,0,902,Mobile,South,1
C01112,29,Male,6,1926.77,321.13,21,13.0,2,0.211,1,419,Web,South,0
C01113,27,Female,12,180.97,15.08,13,3.0,3,0.124,0,542,Mobile,North,1
C01114,32,Female,7,215.87,30.84,77,9.0,4,0.581,0,603,Mobile,South,1
C01115,27,Female,6,414.45,69.08,66,10.0,4,0.679,1,731,Web,North,0
C01116,41,Female,6,3314.72,552.45,26,6.0,4,0.206,0,1443,Web,South,1
C01117,65,Male,7,1233.35,176.19,25,6.0,4,0.365,0,704,Web,Central,0
C01118,46,Male,8,606.25,75.78,56,3.0,4,0.323,0,362,Store,North,0
C01119,52,Male,7,1245.87,177.98,39,8.0,2,0.404,0,1129,Web,South,1
C01120,41,Female,9,569.41,63.27,57,6.0,1,0.345,0,356,Web,Central,1
C01121,18,Female,3,969.09,323.03,30,11.0,4,0.471,0,774,Mobile,South,0
C01122,22,Male,4,659.1,164.78,53,7.0,3,0.186,1,675,Mobile,Central,1
C01123,30,Male,9,1217.01,135.22,89,7.0,3,0.073,0,983,Mobile,South,0
C01124,29,Female,9,823.21,91.47,43,7.0,4,0.3,1,178,Mobile,North,1
C01125,58,Female,10,615.06,61.51,130,12.0,2,0.68,1,582,Web,North,0
C01126,58,Female,10,967.13,96.71,58,6.0,3,0.026,1,559,Mobile,South,0
C01127,58,Female,4,715.22,178.8,5,5.0,2,0.024,0,1171,Mobile,South,0
C01128,48,Female,4,714.69,178.67,40,10.0,6,0.016,1,864,Mobile,North,0
C01129,44,Female,8,296.68,37.08,73,6.0,4,0.275,1,190,Store,Central,1
C01130,49,Male,4,1197.36,299.34,63,6.0,1,0.29,1,1437,Mobile,North,1
C01131,37,Male,5,3982.86,796.57,72,7.0,1,0.471,1,720,Mobile,South,0
C01132,50,Female,8,997.37,124.67,51,5.0,1,0.635,0,1101,Store,South,0
C01133,56,Female,8,747.07,93.38,125,6.0,5,0.348,0,1471,Web,Central,0
C01134,54,Male,6,763.99,127.33,79,11.0,3,0.017,0,476,Mobile,North,0
C01135,47,Female,8,1881.09,235.14,48,7.0,2,0.245,1,816,Mobile,South,0
C01136,20,Male,5,61.88,12.38,58,7.0,2,0.257,0,555,Web,North,0
C01137,52,Female,9,1017.27,113.03,171,8.0,1,0.444,0,397,Web,South,0
C01138,35,Male,5,858.55,171.71,118,9.0,5,0.351,1,1358,Store,South,0
C01139,53,Female,8,821.47,102.68,40,14.0,3,0.166,2,1167,Mobile,Central,1
C01140,43,Female,12,947.41,78.95,59,10.0,2,0.345,0,1218,Mobile,Central,1
C01141,60,Male,5,438.06,87.61,125,7.0,5,0.429,1,1171,Mobile,South,0
C01142,34,Male,7,451.05,64.44,19,11.0,6,0.118,1,45,Mobile,South,1
C01143,62,Female,8,264.91,33.11,33,5.0,0,0.074,0,1132,Mobile,North,1
C01144,58,Male,6,1218.57,203.1,93,4.0,2,0.393,1,1330,Mobile,South,0
C01145,33,Male,5,100.58,20.12,24,9.0,1,0.287,1,1174,Web,Central,0
C01146,41,Female,3,1054.61,351.54,39,12.0,1,0.203,0,88,Web,Central,0
C01147,43,Male,5,608.17,121.63,56,7.0,3,0.037,0,1120,Web,Central,1
C01148,54,Male,7,430.63,61.52,84,7.0,1,0.382,0,160,Web,Central,0
C01149,51,Male,7,974.96,139.28,14,6.0,0,0.345,2,263,Mobile,North,1
C01150,58,Female,7,676.88,96.7,89,8.0,4,0.057,1,496,Web,Central,0
C01151,35,Male,7,959.39,137.06,53,9.0,3,0.506,0,1394,Mobile,North,1
C01152,42,Male,8,458.49,57.31,55,9.0,0,0.247,1,931,Mobile,South,1
C01153,38,Male,8,1128.68,141.08,10,14.0,2,0.397,1,1194,Mobile,North,1
C01154,61,Male,3,840.43,280.14,46,11.0,2,0.368,0,604,Web,South,0
C01155,32,Male,8,1503.02,187.88,17,7.0,1,0.675,1,1157,Store,South,1
C01156,46,Male,5,306.21,61.24,133,10.0,3,0.086,0,81,Mobile,South,0
C01157,23,Male,13,674.77,51.91,37,3.0,5,0.489,0,433,Web,South,1
C01158,58,Male,6,616.13,102.69,114,6.0,4,0.135,2,185,Mobile,South,0
C01159,36,Female,6,1309.93,218.32,54,6.0,3,,2,1107,Mobile,South,0
C01160,34,Male,4,1734.42,433.6,115,8.0,2,0.506,1,877,Mobile,South,0
C01161,45,Male,6,1012.31,168.72,6,7.0,3,0.184,3,638,Web,North,0
C01162,41,Female,7,820.02,117.15,23,6.0,3,0.299,0,767,Web,South,1
C01163,58,Female,7,1504.32,214.9,109,8.0,5,0.19,1,932,Mobile,Central,0
C01164,43,Female,4,717.84,179.46,151,9.0,1,0.283,0,114,Web,North,0
C01165,42,Male,7,2392.59,341.8,41,8.0,4,0.283,5,1064,Web,South,0
C01166,23,Male,9,531.89,59.1,30,8.0,5,0.668,1,94,Store,North,0
C01167,19,Male,11,159.18,14.47,13,13.0,2,0.108,1,532,Mobile,South,1
C01168,37,Male,8,300.56,37.57,8,9.0,1,0.282,2,1440,Mobile,South,1
C01169,65,Male,6,692.42,115.4,8,7.0,6,0.274,1,321,Mobile,North,0
C01170,62,Female,7,3108.12,444.02,49,12.0,1,0.042,0,496,Mobile,South,1
C01171,48,Male,8,451.08,56.38,47,10.0,2,0.153,1,249,Store,South,1
C01172,48,Female,3,2374.53,791.51,17,3.0,4,0.141,1,62,Mobile,Central,0
C01173,36,Male,3,1004.85,334.95,27,9.0,3,0.392,0,238,Mobile,South,0
C01174,26,Male,5,449.45,89.89,37,9.0,4,0.402,0,1486,Web,Central,0
C01175,18,Female,6,737.26,122.88,6,6.0,6,0.091,1,40,Mobile,Central,1
C01176,34,Female,3,1604.84,534.95,56,12.0,4,0.491,0,1209,Mobile,South,1
C01177,33,Male,11,799.23,72.66,62,12.0,4,0.356,2,459,Store,North,1
C01178,27,Female,4,458.66,114.66,73,11.0,3,0.329,0,304,Web,South,0
C01179,30,Male,8,699.89,87.49,69,8.0,3,0.341,0,1085,Web,Central,1
C01180,19,Male,6,1835.98,306.0,43,4.0,4,0.276,0,85,Mobile,North,1
C01181,47,Female,6,3684.51,614.08,132,9.0,4,0.179,0,549,Web,Central,0
C01182,62,Male,9,1552.21,172.47,32,13.0,0,0.438,0,180,Mobile,North,1
C01183,51,Male,7,2478.71,354.1,68,9.0,2,0.714,1,39,Mobile,North,0
C01184,39,Female,9,1526.3,169.59,16,6.0,6,0.11,1,211,Mobile,South,1
C01185,38,Male,8,1518.04,189.76,16,10.0,5,0.39,0,46,Web,North,1
C01186,32,Male,12,1307.39,108.95,64,8.0,2,0.119,1,984,Mobile,Central,0
C01187,24,Male,5,1164.99,233.0,20,8.0,4,0.304,0,278,Mobile,South,1
C01188,46,Female,10,545.02,54.5,63,7.0,3,0.467,1,179,Web,South,1
C01189,45,Female,9,941.41,104.6,66,7.0,2,0.537,0,1035,Mobile,North,1
C01190,18,Male,8,1549.36,193.67,141,7.0,3,0.125,2,122,Mobile,South,0
C01191,37,Male,4,1169.24,292.31,15,9.0,3,0.491,1,1141,Web,Central,1
C01192,31,Female,4,264.21,66.05,12,8.0,4,0.381,0,93,Web,Central,1
C01193,26,Male,7,1825.21,260.74,51,11.0,3,0.272,1,933,Web,South,0
C01194,51,Female,6,1354.62,225.77,107,9.0,6,0.427,1,324,Web,South,1
C01195,43,Female,2,1761.2,880.6,49,11.0,1,0.117,0,1167,Store,North,0
C01196,48,Male,9,443.58,49.29,247,9.0,5,0.309,1,808,Mobile,North,0
C01197,52,Male,6,268.58,44.76,62,6.0,5,0.529,0,351,Mobile,North,0
C01198,65,Male,9,799.59,88.84,59,1.0,5,0.292,0,1110,Mobile,South,0
C01199,56,Male,2,1205.76,602.88,37,9.0,1,0.192,2,564,Mobile,North,0
C01200,47,Male,7,2247.54,321.08,70,7.0,6,0.157,0,62,Mobile,South,1
C01201,60,Female,9,1105.57,122.84,105,14.0,4,0.229,1,406,Mobile,South,1
C01202,40,Male,6,2848.36,474.73,55,8.0,1,0.34,0,1267,Mobile,South,0
C01203,65,Female,10,673.62,67.36,98,7.0,3,0.236,1,1207,Mobile,South,1
C01204,54,Female,5,1305.06,261.01,54,6.0,2,0.267,2,1286,Web,Central,0
C01205,49,Male,5,214.7,42.94,13,5.0,4,0.169,0,499,Mobile,North,1
C01206,61,Male,7,1620.97,231.57,11,6.0,3,0.041,0,921,Mobile,South,0
C01207,42,Male,8,2163.82,270.48,80,6.0,4,0.518,3,155,Web,North,0
C01208,52,Female,8,1157.97,144.75,56,7.0,3,0.375,0,408,Mobile,South,1
C01209,31,Male,5,371.31,74.26,102,12.0,0,,2,1251,Web,Central,0
C01210,64,Female,16,936.23,58.51,82,4.0,2,0.152,1,329,Mobile,Central,1
C01211,47,Female,7,659.98,94.28,11,14.0,3,0.295,0,134,Mobile,South,1
C01212,55,Female,8,716.49,89.56,33,9.0,1,0.487,0,525,Mobile,Central,1
C01213,40,Female,14,930.47,66.46,21,10.0,5,0.145,1,124,Mobile,Central,1
C01214,59,Female,8,358.07,44.76,47,12.0,2,0.411,1,1372,Web,North,0
C01215,21,Female,5,1091.93,218.39,44,14.0,1,0.139,0,481,Mobile,South,1
C01216,23,Female,4,695.26,173.82,9,7.0,3,0.271,0,1042,Mobile,North,0
C01217,42,Female,7,1240.4,177.2,30,10.0,4,0.213,0,574,Mobile,South,1
C01218,53,Female,2,1241.5,620.75,30,7.0,2,0.373,1,1201,Store,South,0
C01219,56,Female,6,441.74,73.62,66,6.0,2,0.311,0,920,Store,North,0
C01220,39,Male,8,768.75,96.09,46,10.0,3,0.441,0,219,Store,North,1
C01221,49,Female,6,747.79,124.63,26,12.0,2,0.428,0,329,Web,Central,0
C01222,44,Female,8,906.58,113.32,23,15.0,6,0.205,1,1461,Mobile,South,1
C01223,64,Female,7,2001.55,285.94,9,8.0,3,0.495,0,97,Mobile,South,1
C01224,49,Male,8,586.85,73.36,80,1.0,2,0.15,2,1217,Mobile,South,1
C01225,38,Female,8,764.27,95.53,81,8.0,3,0.45,1,714,Mobile,North,0
C01226,64,Female,8,1250.88,156.36,109,6.0,3,0.195,0,1251,Mobile,Central,1
C01227,23,Female,4,974.81,243.7,28,5.0,3,0.28,1,322,Store,North,0
C01228,65,Male,6,1594.27,265.71,132,9.0,6,0.078,2,192,Store,North,0
C01229,25,Female,8,1225.04,153.13,81,4.0,4,0.165,1,814,Mobile,Central,0
C01230,31,Female,7,759.76,108.54,88,9.0,3,0.409,0,172,Mobile,Central,1
C01231,57,Female,8,1031.4,128.93,35,6.0,5,0.36,2,79,Mobile,South,0
C01232,53,Female,5,1849.59,369.92,33,9.0,2,0.09,0,453,Web,North,0
C01233,64,Female,7,387.37,55.34,74,8.0,2,,0,904,Web,North,1
C01234,53,Female,8,419.1,52.39,111,4.0,3,0.192,0,641,,South,0
C01235,48,Male,9,463.46,51.5,132,7.0,1,0.301,0,1184,Mobile,North,0
C01236,34,Female,1,780.81,780.81,120,10.0,2,0.431,1,1194,Web,North,0
C01237,18,Male,4,844.29,211.07,65,9.0,4,0.388,2,1464,Store,South,0
C01238,23,Female,11,2021.43,183.77,16,6.0,5,0.252,0,808,Mobile,North,0
C01239,32,Female,8,657.0,82.12,85,3.0,0,0.386,0,467,Mobile,North,0
C01240,19,Male,6,290.28,48.38,23,6.0,1,0.118,2,1068,Web,North,1
C01241,42,Male,6,1846.41,307.74,163,12.0,5,0.554,2,830,Web,South,0
C01242,55,Male,6,636.94,106.16,117,10.0,3,0.112,0,1182,Store,South,0
C01243,64,Female,5,1443.25,288.65,49,11.0,0,0.736,2,748,Store,Central,0
C01244,41,Female,7,1664.63,237.8,53,8.0,3,0.085,0,1368,Mobile,Central,0
C01245,60,Male,5,1080.38,216.08,75,8.0,1,0.14,0,1308,,South,0
C01246,65,Female,8,905.71,113.21,52,11.0,2,0.245,0,604,Store,Central,1
C01247,59,Male,7,534.97,76.42,78,14.0,1,0.293,1,1198,Web,South,0
C01248,40,Female,6,523.19,87.2,48,9.0,1,0.29,1,814,Mobile,North,0
C01249,33,Male,7,1704.71,243.53,33,7.0,2,0.618,0,1420,Web,North,1
C01250,64,Male,6,1191.21,198.54,23,10.0,4,0.466,1,132,Web,North,1
C01251,29,Male,13,1711.25,131.63,35,12.0,3,0.436,1,794,Mobile,South,1
C01252,37,Female,10,668.78,66.88,57,7.0,0,0.494,0,811,Mobile,Central,0
C01253,21,Male,6,1919.37,319.9,21,12.0,2,0.577,1,1448,Mobile,South,0
C01254,56,Female,9,2355.69,261.74,94,9.0,1,0.106,0,1271,Mobile,North,1
C01255,49,Male,4,362.01,90.5,57,7.0,4,0.458,2,362,Store,North,0
C01256,22,Male,7,380.25,54.32,40,5.0,4,0.057,0,145,Web,South,0
C01257,28,Male,10,1501.57,150.16,20,15.0,4,0.487,0,255,Store,South,1
C01258,44,Male,5,1041.83,208.37,100,16.0,5,0.31,0,306,Mobile,Central,0
C01259,43,Female,9,812.66,90.3,128,11.0,0,0.156,0,600,Store,Central,0
C01260,56,Male,4,1645.1,411.28,3,6.0,1,0.364,0,1018,Store,Central,0
C01261,30,Female,7,603.83,86.26,54,8.0,0,0.094,0,910,Web,Central,0
C01262,62,Male,9,631.98,70.22,113,5.0,2,0.185,2,221,Mobile,South,0
C01263,39,Male,9,401.56,44.62,75,10.0,6,0.585,0,282,Mobile,North,0
C01264,57,Male,7,1778.81,254.12,11,8.0,4,0.435,1,1341,Mobile,North,1
C01265,29,Male,11,339.46,30.86,38,8.0,3,0.179,0,1314,Web,South,0
C01266,19,Female,6,1652.2,275.37,18,8.0,1,0.047,1,805,Mobile,South,1
C01267,20,Female,3,1349.38,449.79,21,5.0,1,0.233,1,1402,Mobile,South,1
C01268,35,Male,9,1685.02,187.22,50,9.0,3,0.203,1,1453,Web,South,1
C01269,63,Female,8,426.0,53.25,69,10.0,1,0.212,0,448,Store,Central,0
C01270,20,Female,6,885.36,147.56,30,8.0,3,0.416,2,261,Mobile,South,1
C01271,35,Female,9,536.33,59.59,46,1.0,6,0.487,1,1147,Mobile,South,1
C01272,23,Female,7,2224.97,317.85,69,4.0,6,0.166,1,446,Store,South,1
C01273,62,Female,11,994.82,90.44,11,13.0,4,0.086,0,242,Store,North,1
C01274,50,Female,11,650.97,59.18,20,5.0,1,0.515,1,1269,Web,South,1
C01275,54,Female,8,514.12,64.26,24,14.0,3,0.543,2,1166,Mobile,Central,1
C01276,52,Female,7,1071.43,153.06,35,8.0,4,0.436,0,602,Mobile,Central,0
C01277,49,Female,5,655.25,131.05,39,7.0,3,0.463,1,1363,Web,North,0
C01278,55,Male,8,708.88,88.61,51,7.0,4,0.272,1,430,Mobile,Central,1
C01279,18,Female,6,854.54,142.42,30,5.0,2,0.207,0,208,Web,North,1
C01280,59,Female,3,3028.97,1009.66,73,10.0,2,0.164,1,136,Web,Central,0
C01281,53,Male,5,964.43,192.89,32,10.0,4,0.035,2,873,Mobile,North,0
C01282,53,Female,6,636.1,106.02,16,,1,0.35,2,1025,Mobile,Central,0
C01283,36,Female,9,962.7,106.97,27,5.0,4,0.187,2,334,Mobile,Central,1
C01284,56,Male,8,559.35,69.92,18,11.0,4,0.097,1,1043,Mobile,South,1
C01285,36,Female,3,2210.16,736.72,5,8.0,3,0.346,0,1479,Web,South,1
C01286,20,Female,7,1470.95,210.14,151,9.0,2,0.325,0,1020,Web,North,0
C01287,61,Female,7,354.71,50.67,5,8.0,5,0.402,0,1351,Store,Central,0
C01288,29,Male,4,1462.6,365.65,34,10.0,1,0.372,1,473,Store,Central,0
C01289,22,Male,5,1089.2,217.84,46,5.0,3,0.033,2,59,Mobile,South,0
C01290,47,Female,10,1300.34,130.03,44,9.0,6,0.301,1,422,Mobile,South,1
C01291,29,Male,6,1808.15,301.36,4,14.0,2,0.438,1,470,Mobile,Central,1
C01292,59,Male,5,455.08,91.02,50,11.0,1,0.192,0,735,Mobile,Central,0
C01293,39,Male,5,880.46,176.09,100,4.0,8,0.39,0,637,Store,South,0
C01294,18,Male,8,1257.29,157.16,11,5.0,1,0.393,2,405,Web,Central,0
C01295,63,Female,8,1690.06,211.26,49,5.0,4,0.275,1,323,Mobile,Central,0
C01296,42,Female,5,1399.68,279.94,50,5.0,3,0.245,1,844,Mobile,Central,1
C01297,30,Female,2,861.32,430.66,41,9.0,4,0.358,2,780,Mobile,South,0
C01298,50,Female,3,1769.03,589.68,166,6.0,8,0.314,1,1324,Web,North,0
C01299,43,Male,8,811.64,101.46,40,7.0,5,0.315,0,871,Store,Central,0
C01300,19,Male,11,717.55,65.23,28,7.0,4,0.544,0,73,Web,South,1
C01301,54,Male,6,185.41,30.9,8,6.0,3,0.104,1,785,Mobile,South,1
C01302,37,Male,6,398.75,66.46,111,6.0,2,0.163,1,1112,Mobile,South,0
C01303,51,Male,9,818.17,90.91,18,11.0,8,0.428,0,926,Mobile,North,0
C01304,60,Male,10,418.4,41.84,55,8.0,1,0.177,0,222,Mobile,North,1
C01305,47,Male,9,252.96,28.11,119,16.0,3,0.451,1,928,Store,South,0
C01306,50,Male,8,473.66,59.21,65,5.0,3,0.19,0,213,Mobile,South,0
C01307,30,Female,6,2349.09,391.52,10,5.0,5,0.491,1,175,Web,South,0
C01308,29,Female,7,344.25,49.18,76,7.0,4,0.024,0,1102,Web,South,0
C01309,37,Female,6,375.46,62.58,26,6.0,5,0.2,2,1176,Web,South,0
C01310,58,Female,8,1635.6,204.45,71,10.0,2,0.224,0,1394,Web,South,1
C01311,43,Female,12,1240.78,103.4,150,7.0,4,0.246,0,670,Store,North,1
C01312,34,Male,6,887.36,147.89,67,6.0,3,0.149,0,514,Web,South,0
C01313,55,Female,9,1551.57,172.4,44,6.0,2,0.401,0,338,Mobile,North,0
C01314,58,Male,8,988.52,123.56,23,8.0,3,0.208,3,835,Mobile,South,0
C01315,61,Male,10,18.63,1.86,17,5.0,3,0.089,1,1252,Mobile,South,0
C01316,32,Male,7,601.07,85.87,66,9.0,1,0.454,1,1252,Web,North,0
C01317,52,Male,2,3367.45,1683.72,114,2.0,4,0.43,0,826,Store,North,0
C01318,46,Male,5,989.16,197.83,61,10.0,2,,1,1109,,North,0
C01319,39,Female,10,1892.41,189.24,49,5.0,5,0.272,0,1465,Web,South,1
C01320,37,Female,7,1979.38,282.77,49,11.0,3,0.191,0,1241,Mobile,Central,1
C01321,23,Female,11,1381.15,125.56,42,10.0,4,0.124,1,1024,Web,South,1
C01322,31,Female,9,915.89,101.77,105,6.0,4,0.139,0,1135,Mobile,Central,1
C01323,44,Female,6,502.86,83.81,79,4.0,4,0.13,1,1143,Mobile,Central,0
C01324,60,Male,8,346.87,43.36,127,9.0,5,0.262,0,1309,Mobile,South,0
C01325,59,Female,8,1939.93,242.49,119,6.0,4,0.282,0,299,Mobile,South,0
C01326,27,Female,6,1193.52,198.92,184,8.0,8,0.111,0,449,Mobile,Central,0
C01327,50,Male,6,1202.73,200.46,90,8.0,6,0.155,1,340,Mobile,South,0
C01328,22,Male,7,1376.05,196.58,81,11.0,2,0.011,2,1488,Mobile,South,1
C01329,50,Female,8,728.45,91.06,44,8.0,3,0.296,0,171,Web,South,0
C01330,34,Female,4,1718.36,429.59,50,11.0,5,0.103,0,723,Web,Central,1
C01331,39,Male,4,1034.04,258.51,97,9.0,2,0.316,1,837,Web,South,0
C01332,52,Female,7,784.85,112.12,36,10.0,1,0.317,0,1254,Mobile,Central,1
C01333,38,Male,6,1214.49,202.42,109,4.0,2,0.302,3,677,Store,South,0
C01334,56,Male,7,1755.53,250.79,44,11.0,5,0.384,0,493,Mobile,North,0
C01335,43,Male,9,762.65,84.74,53,6.0,6,0.071,1,325,Web,North,1
C01336,65,Male,7,3350.12,478.59,143,8.0,3,0.203,1,834,Web,South,0
C01337,48,Female,1,336.08,336.08,82,7.0,1,0.316,0,918,Mobile,South,0
C01338,32,Male,9,1319.28,146.59,54,7.0,1,0.115,0,156,Web,South,1
C01339,55,Female,4,552.31,138.08,170,6.0,2,0.057,0,1157,Mobile,North,0
C01340,37,Male,8,1049.59,131.2,30,3.0,2,0.093,0,906,Web,South,1
C01341,43,Female,10,1505.24,150.52,24,8.0,5,0.092,0,820,Mobile,South,1
C01342,24,Female,10,6435.65,643.56,23,11.0,2,0.124,3,873,Mobile,South,1
C01343,23,Female,9,231.76,25.75,59,8.0,2,0.158,1,1286,Store,South,1
C01344,45,Female,8,438.55,54.82,51,,3,0.195,1,442,Mobile,South,0
C01345,26,Female,7,1355.78,193.68,67,7.0,2,0.227,1,847,Web,South,0
C01346,65,Female,7,1781.08,254.44,8,7.0,3,0.139,3,241,Mobile,South,1
C01347,59,Female,5,702.82,140.56,9,9.0,4,0.331,0,701,Mobile,North,1
C01348,51,Female,7,415.53,59.36,24,5.0,1,0.167,0,1337,Mobile,North,0
C01349,53,Male,8,1386.19,173.27,59,8.0,2,0.273,1,766,Mobile,South,0
C01350,46,Male,5,616.79,123.36,35,11.0,1,0.332,1,633,Store,Central,0
C01351,20,Male,6,2135.37,355.9,17,7.0,8,0.383,1,348,Web,South,0
C01352,36,Male,4,1285.37,321.34,21,9.0,3,0.31,1,263,Web,South,0
C01353,41,Male,7,1362.76,194.68,84,6.0,4,0.407,0,298,Mobile,North,0
C01354,61,Male,7,1972.34,281.76,128,2.0,4,0.067,1,794,Web,North,0
C01355,28,Female,4,2895.71,723.93,38,5.0,2,0.16,0,980,Web,North,0
C01356,41,Male,6,481.14,80.19,18,5.0,6,0.192,1,768,Mobile,North,0
C01357,34,Female,7,804.67,114.95,62,7.0,4,0.371,1,580,Mobile,North,0
C01358,24,Male,10,2134.19,213.42,156,14.0,2,0.24,1,825,Web,North,0
C01359,22,Female,3,1014.2,338.07,55,8.0,2,0.319,0,702,Mobile,South,0
C01360,35,Male,4,671.1,167.78,58,4.0,5,0.213,0,1148,Store,North,0
C01361,21,Male,6,940.03,156.67,45,5.0,3,0.331,2,462,Web,South,0
C01362,21,Male,10,2750.83,275.08,71,9.0,1,0.469,0,1478,Mobile,South,1
C01363,34,Female,7,971.71,138.82,58,10.0,1,0.153,1,1226,Store,North,1
C01364,27,Male,9,1466.2,162.91,70,3.0,4,0.301,0,800,Web,South,1
C01365,44,Female,3,790.06,263.35,55,6.0,7,0.194,1,871,Mobile,North,0
C01366,18,Male,8,289.49,36.19,19,9.0,3,0.478,0,831,Web,Central,0
C01367,32,Female,6,1747.03,291.17,28,6.0,5,0.294,1,954,Web,South,1
C01368,39,Male,7,789.32,112.76,12,6.0,4,0.223,0,1129,Store,North,1
C01369,64,Female,7,1873.83,267.69,78,11.0,3,0.246,2,667,Mobile,North,0
C01370,48,Male,5,1424.66,284.93,93,7.0,2,0.081,0,1397,Mobile,South,0
C01371,60,Male,7,1210.36,172.91,62,14.0,5,0.085,0,1093,Web,South,1
C01372,34,Male,5,2233.27,446.65,36,10.0,5,0.441,0,1479,Mobile,South,0
C01373,39,Male,10,791.38,79.14,50,7.0,6,0.278,0,416,Mobile,North,1
C01374,38,Male,6,1721.98,287.0,61,14.0,3,0.21,2,1140,Web,North,0
C01375,60,Female,9,977.53,108.61,60,4.0,4,0.071,0,1165,Web,South,0
C01376,64,Male,5,748.22,149.64,83,5.0,0,0.033,1,1348,Web,South,0
C01377,64,Male,6,1337.33,222.89,29,10.0,3,0.222,1,331,Web,South,1
C01378,54,Female,7,685.24,97.89,55,6.0,3,0.053,0,640,Web,North,1
C01379,42,Male,7,815.35,116.48,24,12.0,6,0.476,1,1491,Mobile,South,1
C01380,43,Male,11,1099.49,99.95,78,7.0,2,0.181,0,762,Mobile,South,1
C01381,65,Female,7,2159.48,308.5,26,4.0,4,0.034,1,798,Store,South,1
C01382,31,Female,8,2301.3,287.66,170,11.0,2,0.144,1,620,Web,North,0
C01383,34,Female,8,428.23,53.53,51,8.0,2,0.275,1,802,Mobile,South,0
C01384,61,Male,3,723.9,241.3,36,7.0,5,0.241,0,1411,Mobile,Central,0
C01385,36,Female,6,1539.65,256.61,31,8.0,2,0.25,0,383,Mobile,South,0
C01386,29,Male,9,653.72,72.64,51,7.0,2,0.26,1,1495,Mobile,South,0
C01387,44,Female,7,712.47,101.78,145,6.0,4,0.409,0,395,Web,North,0
C01388,33,Female,4,950.59,237.65,20,8.0,3,0.521,0,1395,Web,South,1
C01389,60,Female,4,1492.84,373.21,79,10.0,4,0.097,1,133,Web,South,0
C01390,61,Male,8,1191.3,148.91,24,6.0,2,0.077,1,87,Mobile,South,0
C01391,32,Male,2,2320.68,1160.34,17,12.0,1,0.18,1,38,Mobile,North,1
C01392,43,Female,5,1092.25,218.45,67,6.0,3,0.576,0,268,Store,South,0
C01393,65,Female,8,1204.38,150.55,37,6.0,6,0.286,1,1179,Web,South,1
C01394,53,Female,4,976.23,244.06,48,7.0,10,0.371,0,1446,Web,North,0
C01395,28,Female,3,1298.05,432.68,63,10.0,2,0.154,1,424,Mobile,South,0
C01396,46,Female,12,754.29,62.86,145,14.0,3,0.367,1,1077,Store,South,0
C01397,47,Male,8,1342.34,167.79,77,5.0,1,0.239,0,1447,Mobile,North,0
C01398,49,Male,8,641.3,80.16,37,8.0,4,0.496,1,225,Mobile,South,1
C01399,19,Male,6,2048.99,341.5,83,7.0,3,0.237,0,983,Mobile,South,1
C01400,32,Male,8,1018.48,127.31,15,8.0,1,0.182,1,939,Mobile,Central,1
C01401,59,Male,2,2584.7,1292.35,42,6.0,6,0.099,2,855,Mobile,South,0
C01402,29,Female,5,2026.61,405.32,33,4.0,6,0.214,2,1367,Store,Central,1
C01403,32,Female,8,1226.89,153.36,190,7.0,5,0.511,1,640,Store,Central,0
C01404,33,Female,6,1580.63,263.44,24,6.0,1,0.494,0,1261,Store,North,0
C01405,26,Male,4,1360.62,340.16,76,10.0,1,0.274,1,1428,Store,South,0
C01406,25,Female,11,435.69,39.61,31,12.0,3,0.305,0,417,Mobile,South,1
C01407,34,Female,7,1193.42,170.49,23,7.0,4,0.128,1,1052,Mobile,South,1
C01408,59,Female,8,1152.49,144.06,27,11.0,1,0.047,1,492,Mobile,Central,0
C01409,18,Female,3,970.68,323.56,54,16.0,3,0.328,0,719,Web,Central,1
C01410,31,Female,8,1430.8,178.85,46,7.0,2,0.63,0,1315,Web,Central,1
C01411,20,Female,8,1212.12,151.51,37,6.0,2,0.468,1,40,Web,South,0
C01412,44,Male,6,1266.97,211.16,95,8.0,2,0.106,0,233,Web,South,0
C01413,30,Female,5,2504.41,500.88,40,12.0,6,0.3,0,1244,Mobile,Central,0
C01414,56,Male,6,1097.15,182.86,90,4.0,4,0.426,0,493,Mobile,Central,0
C01415,46,Male,4,1740.26,435.06,49,9.0,5,0.436,0,1039,Store,Central,0
C01416,55,Male,7,1012.81,144.69,19,8.0,4,0.59,1,1267,Mobile,North,1
C01417,48,Female,8,2533.82,316.73,53,8.0,5,0.474,1,1410,Web,Central,1
C01418,39,Female,3,1541.08,513.69,52,7.0,2,0.316,2,1194,Store,South,1
C01419,59,Female,8,1228.52,153.56,217,3.0,3,0.458,1,104,Mobile,South,0
C01420,40,Male,7,692.85,98.98,119,11.0,1,0.248,0,720,Web,North,0
C01421,63,Male,9,2567.78,285.31,134,9.0,6,0.238,1,126,Mobile,South,0
C01422,65,Female,7,1943.69,277.67,46,1.0,3,0.283,1,1480,Mobile,South,0
C01423,46,Male,5,656.14,131.23,30,12.0,0,0.513,3,1022,Store,South,0
C01424,50,Female,8,342.95,42.87,41,15.0,3,0.453,1,732,Web,North,1
C01425,30,Male,7,887.58,126.8,39,8.0,3,0.148,1,1304,Store,South,0
C01426,57,Female,7,550.77,78.68,92,13.0,4,0.118,2,693,Web,South,0
C01427,50,Female,8,952.45,119.06,32,9.0,2,0.555,1,1356,Mobile,South,1
C01428,61,Female,11,1675.07,152.28,84,8.0,4,0.307,2,447,Mobile,North,0
C01429,30,Male,6,1935.86,322.64,102,9.0,3,0.605,2,718,Mobile,North,0
C01430,55,Female,8,315.64,39.46,71,10.0,5,0.343,1,924,Mobile,South,0
C01431,40,Female,6,414.62,69.1,16,4.0,2,0.173,1,863,Web,North,0
C01432,26,Female,5,538.15,107.63,68,7.0,4,0.243,1,125,Web,North,1
C01433,26,Female,5,1181.64,236.33,14,2.0,7,0.389,1,264,Web,South,1
C01434,44,Male,8,2015.25,251.91,51,7.0,4,0.604,1,1412,Store,South,0
C01435,33,Female,6,1016.22,169.37,41,10.0,3,0.271,4,1005,Mobile,South,1
C01436,22,Male,5,308.28,61.66,74,12.0,2,0.317,2,1024,Store,South,0
C01437,38,Male,7,1273.13,181.88,35,5.0,2,0.499,0,1138,Mobile,South,0
C01438,49,Female,7,785.9,112.27,31,6.0,3,0.251,1,401,Mobile,South,0
C01439,33,Female,5,794.51,158.9,35,15.0,2,0.34,1,1212,Web,South,1
C01440,63,Male,6,1174.67,195.78,38,7.0,2,0.137,0,1182,Mobile,Central,0
C01441,55,Male,5,1467.14,293.43,14,3.0,2,0.419,1,850,Mobile,North,0
C01442,42,Male,5,1884.3,376.86,105,10.0,3,0.338,1,798,Mobile,South,0
C01443,62,Male,8,2049.06,256.13,40,7.0,7,0.052,0,420,Mobile,Central,1
C01444,38,Female,12,1737.02,144.75,84,7.0,4,0.393,0,893,Mobile,North,1
C01445,24,Male,12,1620.66,135.06,66,12.0,2,0.03,1,891,Mobile,North,0
C01446,19,Female,6,396.74,66.12,41,9.0,3,0.362,0,1022,Mobile,Central,0
C01447,63,Male,7,1543.5,220.5,33,5.0,8,0.176,1,844,Web,South,1
C01448,64,Male,4,964.84,241.21,13,9.0,4,0.388,0,868,Mobile,Central,0
C01449,53,Female,5,2031.08,406.22,29,6.0,4,0.163,1,1188,Mobile,North,1
C01450,22,Male,9,750.7,83.41,16,7.0,1,0.35,0,1039,Web,South,1
C01451,32,Male,11,915.38,83.22,21,9.0,2,0.469,1,1461,Store,South,1
C01452,19,Female,4,685.52,171.38,83,9.0,3,0.148,0,654,,South,1
C01453,20,Female,6,771.5,128.58,34,10.0,1,0.427,3,613,Mobile,South,1
C01454,29,Female,7,2285.62,326.52,26,11.0,3,0.265,0,1086,Mobile,South,1
C01455,45,Male,12,707.22,58.94,35,11.0,4,0.228,0,587,Web,South,1
C01456,21,Female,6,1112.49,185.42,16,11.0,5,,0,801,Web,Central,1
C01457,65,Female,9,750.81,83.42,18,5.0,1,0.503,1,475,Web,South,0
C01458,39,Female,6,1111.32,185.22,91,7.0,2,0.086,0,498,Mobile,North,0
C01459,30,Male,8,1273.73,159.22,126,11.0,3,0.384,0,919,Store,Central,0
C01460,42,Male,10,1530.89,153.09,47,4.0,1,0.268,2,764,Mobile,South,1
C01461,55,Male,5,1045.53,209.11,8,6.0,3,0.45,1,149,Store,South,0
C01462,33,Male,7,2412.64,344.66,120,7.0,1,0.587,3,1433,Store,North,0
C01463,20,Female,9,338.96,37.66,161,7.0,2,0.151,1,1337,Mobile,Central,0
C01464,20,Male,5,688.82,137.76,59,7.0,1,0.799,0,939,Mobile,South,0
C01465,58,Male,7,668.38,95.48,27,6.0,4,0.318,0,945,Web,South,0
C01466,23,Male,5,565.07,113.01,84,4.0,4,0.153,1,180,Mobile,North,1
C01467,48,Female,6,1458.72,243.12,45,11.0,4,0.628,0,1119,Store,South,1
C01468,36,Male,10,672.5,67.25,78,10.0,2,0.005,2,483,Mobile,North,1
C01469,55,Male,11,93.91,8.54,11,3.0,3,0.379,1,429,Mobile,South,0
C01470,20,Male,8,1199.21,149.9,32,14.0,2,0.172,2,1330,Web,Central,1
C01471,61,Female,6,2449.22,408.2,16,14.0,5,0.069,0,892,Web,South,1
C01472,51,Male,5,137.09,27.42,21,7.0,3,0.379,0,1158,Web,South,1
C01473,39,Female,8,1414.28,176.78,10,12.0,5,0.518,1,899,Web,Central,1
C01474,27,Male,4,1826.26,456.56,21,7.0,5,0.31,1,629,Mobile,North,1
C01475,64,Male,8,731.11,91.39,104,7.0,4,,0,230,Store,Central,0
C01476,32,Male,5,1294.42,258.88,24,4.0,1,0.198,0,850,Mobile,Central,1
C01477,41,Male,11,21.49,1.95,10,7.0,4,0.16,1,1417,Mobile,North,1
C01478,36,Male,4,1138.57,284.64,24,6.0,0,0.51,1,625,Mobile,South,1
C01479,29,Female,5,1512.88,302.58,11,8.0,6,0.215,0,1253,Mobile,Central,1
C01480,37,Female,8,782.52,97.82,48,6.0,3,0.113,0,709,Mobile,North,1
C01481,25,Male,8,800.9,100.11,25,8.0,0,0.08,1,1493,Store,Central,0
C01482,18,Male,6,1315.5,219.25,38,15.0,3,0.453,0,1217,Mobile,North,1
C01483,31,Female,12,1047.41,87.28,28,8.0,1,0.193,0,833,Mobile,Central,1
C01484,23,Male,11,1963.49,178.5,38,7.0,2,0.361,1,586,Mobile,North,1
C01485,37,Male,6,1103.12,183.85,9,9.0,1,0.183,0,1284,Mobile,Central,1
C01486,59,Male,7,1345.89,192.27,22,6.0,4,0.14,0,532,Mobile,South,1
C01487,25,Male,2,812.67,406.34,68,9.0,4,0.362,0,804,Web,North,0
C01488,18,Male,9,810.49,90.05,72,10.0,4,0.204,0,1302,Store,Central,1
C01489,23,Female,12,1644.94,137.08,40,9.0,4,0.338,1,545,Web,South,1
C01490,42,Female,8,1758.34,219.79,42,8.0,5,0.668,1,1292,Mobile,North,0
C01491,31,Female,14,386.03,27.57,7,9.0,3,0.239,2,310,Web,South,1
C01492,41,Male,4,924.44,231.11,58,9.0,3,0.331,2,1498,Store,South,0
C01493,19,Male,5,1354.52,270.9,103,11.0,3,0.098,0,130,Mobile,South,0
C01494,33,Male,11,156.72,14.25,11,9.0,3,0.219,0,299,Web,South,1
C01495,37,Male,6,915.73,152.62,80,9.0,1,0.368,1,869,Mobile,South,0
C01496,38,Male,3,3124.27,1041.42,11,5.0,6,0.161,3,284,Web,South,1
C01497,44,Male,12,576.35,48.03,47,7.0,3,0.129,0,719,Web,North,1
C01498,55,Male,8,559.84,69.98,9,11.0,6,0.336,0,830,Mobile,South,0
C01499,40,Male,8,1005.73,125.72,12,7.0,0,0.577,1,756,Web,North,0
C01500,58,Male,6,1056.21,176.04,21,6.0,2,0.672,0,1136,Mobile,Central,1
C01501,43,Female,5,850.72,170.14,18,1.0,5,0.343,0,758,Mobile,South,1
C01502,30,Male,7,1781.85,254.55,96,9.0,0,0.534,1,144,Web,South,0
C01503,28,Female,11,254.12,23.1,50,15.0,5,0.098,1,1054,Mobile,Central,1
C01504,33,Male,11,545.04,49.55,19,,2,0.34,2,192,Mobile,North,1
C01505,46,Female,8,919.42,114.93,68,7.0,9,0.008,0,1464,Mobile,South,1
C01506,29,Male,5,2014.88,402.98,76,13.0,0,0.38,0,1074,Store,South,0
C01507,61,Female,8,695.63,86.95,60,8.0,5,0.122,2,460,Store,Central,1
C01508,41,Male,10,504.55,50.46,54,4.0,2,0.605,0,1109,Mobile,South,1
C01509,59,Male,3,194.13,64.71,55,8.0,1,0.674,0,991,Web,North,0
C01510,50,Female,8,463.26,57.91,18,8.0,3,0.206,1,322,Mobile,Central,1
C01511,34,Male,6,212.84,35.47,47,11.0,2,0.532,2,1128,Mobile,South,0
C01512,28,Male,7,662.48,94.64,96,6.0,5,0.125,0,998,Web,North,0
C01513,53,Female,7,1441.0,205.86,138,11.0,0,0.295,0,111,Mobile,Central,0
C01514,33,Male,8,1287.06,160.88,42,8.0,3,0.301,2,398,Store,Central,1
C01515,29,Female,12,1486.46,123.87,26,12.0,0,0.054,2,1221,Store,South,1
C01516,62,Female,10,405.28,40.53,20,2.0,3,0.195,0,678,Web,South,1
C01517,41,Male,6,304.13,50.69,91,10.0,1,0.44,1,978,Web,North,0
C01518,20,Male,10,1243.69,124.37,20,5.0,4,0.361,1,163,Mobile,South,1
C01519,41,Male,5,1692.92,338.58,37,5.0,2,0.104,0,440,Mobile,South,1
C01520,40,Female,5,1005.62,201.12,36,6.0,3,0.153,1,834,Web,South,0
C01521,59,Male,3,1304.84,434.95,74,5.0,1,0.123,1,357,Mobile,North,0
C01522,52,Male,5,961.23,192.25,58,6.0,2,0.305,1,583,Web,North,0
C01523,27,Male,8,728.68,91.08,161,5.0,2,0.514,0,584,Mobile,South,0
C01524,25,Female,8,814.89,101.86,56,8.0,3,0.147,0,382,Mobile,North,1
C01525,46,Female,3,1675.38,558.46,93,8.0,0,0.145,1,653,Mobile,Central,0
C01526,20,Female,9,950.42,105.6,30,5.0,2,0.492,0,918,Mobile,South,1
C01527,33,Female,4,1664.35,416.09,57,4.0,1,0.258,0,914,Web,North,0
C01528,24,Female,9,1106.05,122.89,97,13.0,4,0.257,1,1071,Web,South,0
C01529,18,Female,7,654.43,93.49,88,10.0,3,0.177,2,1239,Mobile,South,1
C01530,62,Female,10,1355.41,135.54,13,10.0,5,0.372,2,902,Mobile,Central,1
C01531,22,Female,5,972.75,194.55,18,10.0,5,0.109,2,411,Web,South,1
C01532,18,Male,6,1908.12,318.02,58,8.0,1,0.169,0,447,Web,South,0
C01533,62,Female,6,556.99,92.83,38,11.0,4,0.306,0,489,Web,Central,1
C01534,27,Female,6,216.07,36.01,45,7.0,1,0.614,0,776,Mobile,North,0
C01535,57,Male,9,1445.47,160.61,36,10.0,3,0.257,3,1418,Mobile,North,0
C01536,19,Male,8,2157.15,269.64,84,10.0,4,0.215,1,137,Mobile,South,0
C01537,25,Male,6,1690.64,281.77,52,12.0,2,0.098,1,61,Mobile,South,1
C01538,23,Female,3,2266.36,755.45,40,9.0,2,0.349,1,974,Store,South,1
C01539,51,Male,3,2562.85,854.28,197,5.0,3,0.39,2,1234,Store,Central,0
C01540,47,Female,10,885.29,88.53,96,5.0,4,0.302,0,100,Web,Central,0
C01541,40,Male,7,478.64,68.38,111,10.0,3,0.189,0,1435,Mobile,South,0
C01542,29,Female,9,93.08,10.34,17,8.0,5,0.574,2,631,Mobile,North,0
C01543,22,Male,8,234.78,29.35,207,6.0,5,0.249,2,1131,Mobile,South,0
C01544,45,Female,2,1405.07,702.54,190,7.0,1,0.109,0,596,Mobile,North,0
C01545,29,Female,3,250.23,83.41,83,12.0,1,0.311,0,1309,Mobile,South,1
C01546,46,Male,4,1182.03,295.51,51,6.0,7,0.284,0,692,Web,South,1
C01547,50,Male,6,1466.28,244.38,25,10.0,2,0.182,2,1203,Mobile,North,1
C01548,58,Male,6,1032.75,172.12,89,12.0,6,0.59,1,1401,Mobile,South,0
C01549,41,Male,7,803.49,114.78,165,9.0,1,0.203,1,1425,Web,North,0
C01550,18,Female,9,535.26,59.47,52,8.0,4,0.144,0,159,Web,South,0
C01551,31,Female,9,2360.95,262.33,18,9.0,3,0.361,0,507,Web,Central,0
C01552,58,Female,4,112.7,28.18,46,5.0,3,0.161,1,255,Mobile,South,0
C01553,43,Female,6,533.64,88.94,31,7.0,7,0.178,0,175,Store,South,0
C01554,47,Male,5,807.13,161.43,21,6.0,2,0.117,0,1115,Store,Central,0
C01555,39,Female,7,742.33,106.05,10,6.0,1,0.236,0,1088,Web,South,1
C01556,25,Female,10,1525.41,152.54,152,8.0,7,0.384,0,846,Web,South,0
C01557,61,Male,8,1104.72,138.09,118,11.0,1,0.4,1,178,Mobile,South,0
C01558,55,Female,6,373.54,62.26,35,8.0,0,0.073,0,1421,Store,North,0
C01559,65,Male,5,1626.48,325.3,4,8.0,7,0.19,0,1232,Mobile,Central,1
C01560,59,Female,12,532.94,44.41,66,7.0,2,0.056,0,934,Web,South,1
C01561,31,Female,7,1195.41,170.77,125,8.0,3,0.293,1,1128,Web,Central,0
C01562,30,Female,10,2236.15,223.62,163,10.0,3,0.724,2,1462,Web,South,1
C01563,29,Male,9,630.26,70.03,65,7.0,5,0.28,2,1148,Mobile,South,0
C01564,62,Female,4,655.85,163.96,25,8.0,3,0.544,0,729,Store,South,0
C01565,44,Male,8,885.59,110.7,58,13.0,1,0.207,1,689,Web,North,1
C01566,39,Female,10,907.58,90.76,41,7.0,1,0.216,1,366,Mobile,Central,1
C01567,64,Male,10,1132.91,113.29,37,5.0,6,0.256,0,696,Store,North,1
C01568,46,Female,5,1370.42,274.08,107,,4,0.155,1,1119,Web,Central,0
C01569,61,Female,4,510.12,127.53,68,4.0,1,0.421,0,917,Web,Central,0
C01570,65,Male,6,973.98,162.33,14,6.0,3,0.089,0,386,Store,South,0
C01571,21,Male,11,448.49,40.77,108,5.0,7,0.596,1,447,Mobile,North,0
C01572,35,Female,10,1485.37,148.54,152,5.0,4,0.21,0,771,Store,North,0
C01573,53,Male,7,1858.15,265.45,24,8.0,3,0.366,1,1038,Mobile,South,1
C01574,57,Male,11,738.23,67.11,66,8.0,3,0.559,1,1290,Web,South,0
C01575,25,Male,6,1070.27,178.38,40,9.0,8,0.557,0,377,Store,North,1
C01576,33,Male,6,2161.25,360.21,9,10.0,0,0.444,1,1351,Mobile,Central,1
C01577,44,Female,3,1243.08,414.36,58,11.0,1,0.377,0,564,Mobile,South,0
C01578,56,Female,5,450.63,90.13,86,10.0,3,0.08,0,1023,Store,Central,0
C01579,23,Male,4,288.15,72.04,58,7.0,1,0.474,0,58,Mobile,South,0
C01580,46,Male,7,569.08,81.3,121,12.0,1,0.676,0,1486,Mobile,North,0
C01581,32,Male,11,838.72,76.25,55,10.0,1,0.375,0,1447,Web,South,1
C01582,28,Male,6,1595.51,265.92,9,5.0,2,0.426,1,904,Mobile,North,1
C01583,42,Female,6,788.28,131.38,27,10.0,4,0.837,2,1402,Mobile,South,1
C01584,37,Male,7,424.63,60.66,99,6.0,2,0.339,1,1210,Mobile,North,0
C01585,48,Female,8,818.47,102.31,2,11.0,2,0.284,0,1426,Mobile,South,1
C01586,33,Female,6,850.78,141.8,29,10.0,5,0.281,1,1353,Web,South,1
C01587,57,Female,9,586.84,65.2,57,7.0,4,0.314,0,202,Web,South,1
C01588,21,Female,7,792.29,113.18,100,8.0,4,0.455,0,251,Web,North,0
C01589,59,Male,10,1079.07,107.91,130,10.0,2,0.627,0,212,Mobile,North,0
C01590,19,Male,7,256.8,36.69,40,4.0,2,0.384,1,88,Web,South,1
C01591,53,Male,7,852.22,121.75,48,4.0,1,0.41,1,131,Store,South,0
C01592,34,Female,8,3463.98,433.0,31,7.0,2,0.105,0,1123,Web,North,1
C01593,36,Female,7,1215.92,173.7,51,7.0,2,0.273,2,598,Mobile,South,1
C01594,18,Male,8,1610.51,201.31,16,3.0,3,0.19,0,1394,Mobile,South,1
C01595,51,Male,7,2150.92,307.27,69,7.0,2,0.551,0,187,Mobile,South,1
C01596,25,Male,10,2393.8,239.38,3,6.0,3,0.066,0,356,Mobile,North,1
C01597,49,Female,6,665.88,110.98,64,10.0,2,0.044,0,1272,Mobile,Central,1
C01598,52,Female,5,275.74,55.15,41,4.0,4,0.188,2,67,Mobile,North,0
C01599,58,Female,6,1775.74,295.96,102,13.0,2,0.198,1,1187,Web,North,0
C01600,51,Female,7,846.44,120.92,84,5.0,2,0.309,0,397,Web,South,0
C01601,32,Male,5,875.71,175.14,35,12.0,5,0.314,2,880,Store,South,0
C01602,53,Female,3,1359.29,453.1,80,10.0,2,0.23,0,850,Web,South,1
C01603,57,Female,10,985.1,98.51,17,7.0,5,0.226,0,1002,Mobile,North,1
C01604,33,Male,6,1143.48,190.58,10,7.0,4,0.337,0,703,Mobile,North,1
C01605,23,Female,5,1203.93,240.79,63,11.0,4,0.226,1,142,Web,South,1
C01606,60,Male,4,1790.13,447.53,10,8.0,0,0.142,1,438,Store,Central,0
C01607,25,Female,4,1282.69,320.67,138,12.0,1,0.685,1,229,Mobile,South,0
C01608,46,Female,10,440.88,44.09,7,4.0,3,0.389,1,980,Mobile,South,1
C01609,29,Female,4,434.03,108.51,96,9.0,2,0.21,0,1275,Web,Central,0
C01610,24,Female,6,624.53,104.09,41,9.0,2,0.313,0,540,Mobile,South,0
C01611,55,Male,7,1238.36,176.91,71,7.0,6,0.552,0,714,Web,South,0
C01612,24,Female,9,469.53,52.17,52,6.0,1,0.243,1,1492,Store,South,1
C01613,50,Female,10,469.22,46.92,29,7.0,3,0.185,0,278,Mobile,Central,1
C01614,51,Female,6,1183.08,197.18,25,16.0,3,0.527,1,446,Web,South,1
C01615,20,Female,7,663.09,94.73,75,10.0,1,0.275,1,1313,Web,South,0
C01616,26,Male,11,2280.94,207.36,103,9.0,3,0.367,1,940,Mobile,South,0
C01617,56,Female,6,688.03,114.67,58,6.0,3,0.465,0,94,Mobile,South,0
C01618,42,Female,5,1515.92,303.18,69,5.0,2,0.352,1,34,Store,South,0
C01619,23,Male,5,893.17,178.63,55,8.0,3,0.452,0,1251,Web,South,0
C01620,65,Female,6,400.59,66.76,14,7.0,1,0.167,0,1484,Web,North,0
C01621,30,Female,8,672.71,84.09,15,10.0,6,0.287,0,686,Web,North,1
C01622,18,Female,11,934.59,84.96,130,14.0,3,0.491,2,1165,Web,North,0
C01623,62,Female,6,681.21,113.54,41,3.0,1,0.101,0,1209,Web,North,1
C01624,18,Male,5,2129.86,425.97,94,9.0,4,0.267,1,1421,Store,South,0
C01625,44,Female,6,514.5,85.75,34,12.0,2,0.249,0,1325,Mobile,North,0
C01626,65,Male,6,738.54,123.09,22,5.0,3,0.679,1,646,Mobile,North,0
C01627,45,Female,12,1273.09,106.09,33,6.0,2,0.048,0,631,Mobile,North,1
C01628,46,Male,7,2699.58,385.65,78,4.0,2,0.124,0,687,Web,South,1
C01629,36,Female,10,1387.92,138.79,25,12.0,5,0.148,1,1289,Store,South,1
C01630,24,Female,4,1223.67,305.92,55,11.0,4,0.37,1,70,Web,Central,0
C01631,45,Female,6,1641.63,273.6,70,4.0,1,0.145,0,714,Mobile,South,0
C01632,61,Female,8,1914.38,239.3,48,8.0,1,0.182,1,1482,Web,Central,1
C01633,22,Male,4,2156.7,539.17,54,10.0,5,0.005,0,1065,Store,South,0
C01634,60,Female,7,1386.0,198.0,55,10.0,2,0.139,1,1351,Mobile,South,1
C01635,37,Female,1,1119.43,1119.43,24,7.0,1,0.076,0,763,Mobile,South,0
C01636,43,Male,6,527.47,87.91,38,6.0,7,0.355,0,756,Mobile,South,0
C01637,25,Female,11,1172.27,106.57,23,3.0,1,0.099,3,194,Web,South,1
C01638,47,Female,8,2402.84,300.36,36,11.0,3,0.29,2,47,Mobile,South,0
C01639,26,Female,7,143.51,20.5,83,8.0,2,0.604,1,448,Web,North,0
C01640,31,Female,7,2022.4,288.91,83,9.0,5,0.338,1,1405,Web,Central,0
C01641,52,Male,6,1116.06,186.01,56,4.0,2,0.054,1,507,Web,South,0
C01642,20,Female,10,1748.59,174.86,47,9.0,4,0.335,0,1017,Mobile,South,1
C01643,39,Male,9,1422.78,158.09,66,11.0,4,0.296,1,924,Web,North,1
C01644,46,Male,7,1011.36,144.48,54,7.0,1,0.199,1,1361,Store,South,0
C01645,24,Male,8,1114.78,139.35,36,7.0,0,0.176,0,760,Mobile,North,1
C01646,32,Male,13,1495.45,115.03,45,8.0,0,0.178,0,410,Mobile,North,1
C01647,34,Male,6,551.48,91.91,18,6.0,2,0.271,2,1466,Mobile,South,1
C01648,49,Female,8,1017.13,127.14,16,6.0,6,0.492,0,1412,Web,South,1
C01649,64,Male,6,1371.11,228.52,118,10.0,2,0.369,1,225,Mobile,North,0
C01650,58,Male,4,1588.81,397.2,78,9.0,2,0.179,1,63,Store,South,1
C01651,27,Male,5,1492.92,298.58,30,8.0,4,0.205,1,534,Web,South,1
C01652,18,Female,6,833.36,138.89,45,8.0,2,0.056,0,1314,Web,North,1
C01653,20,Male,5,1065.9,213.18,34,5.0,2,0.509,1,673,Web,Central,0
C01654,46,Male,8,433.09,54.14,44,9.0,0,0.078,1,465,Web,South,1
C01655,25,Female,5,1959.38,391.88,79,2.0,3,0.357,0,476,Web,North,0
C01656,29,Male,10,1198.91,119.89,3,13.0,4,0.008,2,494,Store,South,1
C01657,58,Female,11,1062.93,96.63,64,12.0,5,0.399,0,1086,Mobile,South,1
C01658,59,Male,9,1059.67,117.74,14,10.0,5,0.08,0,741,Store,South,1
C01659,58,Male,7,905.19,129.31,268,6.0,4,0.302,0,1434,Mobile,Central,0
C01660,30,Male,10,1606.28,160.63,92,10.0,5,0.301,0,1241,Web,North,1
C01661,47,Female,7,1077.71,153.96,12,9.0,3,0.183,0,761,Store,North,0
C01662,47,Male,14,521.07,37.22,12,5.0,4,0.239,0,261,Mobile,South,1
C01663,26,Female,10,637.22,63.72,26,11.0,0,0.272,0,1077,Mobile,South,1
C01664,44,Male,13,383.03,29.46,44,5.0,4,0.289,0,291,Mobile,North,1
C01665,43,Female,3,2346.78,782.26,25,8.0,3,0.187,0,926,Web,Central,1
C01666,37,Male,5,952.88,190.58,28,8.0,3,0.036,1,838,Mobile,South,1
C01667,54,Male,8,2494.52,311.82,4,8.0,3,0.604,0,1225,Store,South,1
C01668,50,Male,10,1148.43,114.84,197,9.0,2,0.166,0,655,Web,South,0
C01669,43,Female,4,807.25,201.81,43,7.0,1,0.039,1,890,Mobile,South,0
C01670,52,Male,6,919.35,153.22,143,12.0,2,0.231,0,623,Mobile,South,0
C01671,54,Female,8,1125.48,140.68,28,13.0,4,0.744,1,891,Mobile,North,1
C01672,45,Female,6,532.24,88.71,180,7.0,1,0.096,1,188,Web,South,0
C01673,30,Female,4,422.21,105.55,69,11.0,4,0.333,1,791,Mobile,Central,0
C01674,54,Male,2,1842.24,921.12,47,13.0,5,0.173,1,440,Mobile,South,0
C01675,52,Female,5,780.1,156.02,127,4.0,2,0.094,0,549,Web,North,0
C01676,65,Female,8,2530.03,316.25,12,12.0,3,0.471,0,565,Mobile,North,1
C01677,25,Female,5,1400.48,280.1,45,8.0,4,0.121,1,1475,Store,North,0
C01678,38,Female,6,739.9,123.32,38,7.0,3,0.426,1,642,Store,Central,0
C01679,62,Female,10,3093.91,309.39,93,4.0,1,0.11,1,94,Mobile,North,1
C01680,42,Female,6,1896.22,316.04,7,10.0,1,0.456,0,907,Mobile,South,1
C01681,63,Female,6,335.67,55.94,31,7.0,2,0.287,0,1409,Store,South,0
C01682,18,Male,4,600.99,150.25,4,5.0,2,0.189,1,295,Store,Central,1
C01683,19,Female,2,43.7,21.85,33,16.0,2,0.414,2,1141,Mobile,Central,0
C01684,56,Female,11,863.16,78.47,112,11.0,4,0.259,1,1269,Mobile,South,1
C01685,35,Female,9,2861.63,317.96,33,4.0,3,0.263,0,716,Web,North,0
C01686,42,Female,6,248.32,41.39,22,11.0,2,0.152,2,197,Mobile,North,1
C01687,38,Male,3,1250.68,416.89,77,6.0,7,0.418,1,1308,Store,North,0
C01688,37,Male,7,3508.93,501.28,23,8.0,2,,1,519,Web,South,0
C01689,63,Male,11,901.4,81.95,102,6.0,5,0.054,0,151,Mobile,South,0
C01690,22,Female,8,1205.03,150.63,139,8.0,3,0.447,0,657,Web,North,0
C01691,55,Male,6,771.84,128.64,49,12.0,2,0.097,0,726,Store,North,0
C01692,60,Female,6,587.67,97.94,67,8.0,6,0.167,3,235,Mobile,South,0
C01693,49,Female,9,1575.25,175.03,108,10.0,2,0.323,0,544,Web,South,0
C01694,36,Female,9,1602.29,178.03,48,7.0,2,0.438,0,1014,Store,South,1
C01695,25,Male,10,1328.91,132.89,9,10.0,7,0.281,1,619,Web,Central,1
C01696,50,Female,10,690.48,69.05,116,8.0,2,0.206,0,228,Web,South,1
C01697,40,Male,6,1341.79,223.63,68,8.0,5,0.337,2,516,Mobile,North,0
C01698,25,Female,3,319.07,106.36,36,8.0,2,0.397,0,1076,Mobile,North,0
C01699,35,Male,6,1427.58,237.93,14,9.0,1,0.1,0,1476,Web,North,1
C01700,64,Male,9,560.06,62.23,33,8.0,2,0.237,0,510,Web,North,1
C01701,30,Male,7,530.05,75.72,59,11.0,3,0.463,1,896,Store,North,1
C01702,26,Female,7,2422.91,346.13,65,7.0,3,0.121,0,164,Web,North,1
C01703,50,Male,7,106.12,15.16,84,11.0,3,0.099,0,84,Web,North,0
C01704,27,Female,7,884.04,126.29,122,9.0,2,0.164,0,1417,Web,North,0
C01705,62,Female,9,345.7,38.41,81,4.0,3,,0,1093,Mobile,South,1
C01706,59,Female,8,1103.23,137.9,47,8.0,5,0.307,0,1341,Mobile,South,0
C01707,65,Male,10,604.67,60.47,28,7.0,7,0.122,1,1295,Mobile,South,0
C01708,61,Male,5,366.2,73.24,21,5.0,5,0.489,0,161,,North,0
C01709,29,Male,6,779.31,129.88,89,9.0,1,0.454,1,971,Web,South,0
C01710,28,Male,10,499.84,49.98,45,9.0,1,0.152,1,838,Mobile,South,1
C01711,34,Female,8,515.87,64.48,17,8.0,3,0.44,0,360,Mobile,Central,0
C01712,40,Male,9,1458.95,162.11,65,8.0,6,0.247,2,60,Web,South,1
C01713,60,Male,5,304.78,60.96,63,9.0,4,0.205,1,1200,Web,North,1
C01714,53,Male,4,138.68,34.67,192,11.0,5,0.484,1,1268,Mobile,North,0
C01715,48,Female,2,1145.17,572.58,4,5.0,4,0.342,0,954,Mobile,North,0
C01716,60,Male,4,877.9,219.48,10,10.0,5,0.354,2,37,Web,North,0
C01717,49,Female,12,586.59,48.88,5,8.0,6,0.312,0,1101,Mobile,South,1
C01718,36,Male,4,1449.6,362.4,22,6.0,2,0.407,1,1499,Store,South,1
C01719,37,Female,6,2552.41,425.4,44,7.0,2,0.371,1,132,Mobile,Central,0
C01720,42,Female,4,960.49,240.12,36,10.0,3,0.066,0,139,Mobile,Central,0
C01721,22,Male,9,975.35,108.37,130,7.0,5,0.598,0,714,Mobile,South,0
C01722,53,Male,9,408.97,45.44,37,10.0,2,0.26,2,289,Store,North,1
C01723,49,Male,6,318.7,53.12,6,9.0,4,0.169,0,1305,Web,South,1
C01724,53,Male,9,901.32,100.15,172,5.0,1,0.365,0,1432,Mobile,North,0
C01725,43,Male,1,235.0,235.0,90,9.0,2,0.155,1,965,Mobile,South,0
C01726,55,Female,9,200.42,22.27,86,5.0,4,0.688,1,1029,Web,North,0
C01727,63,Female,10,1262.69,126.27,14,10.0,3,0.174,1,885,Store,Central,1
C01728,45,Male,6,320.79,53.46,51,6.0,4,0.325,0,496,Web,North,0
C01729,39,Female,8,1296.73,162.09,114,12.0,2,0.275,1,1329,Mobile,South,1
C01730,23,Male,7,1991.66,284.52,99,8.0,0,0.166,2,1403,Web,Central,0
C01731,55,Female,6,1201.18,200.2,24,5.0,4,0.325,1,1493,Store,North,1
C01732,61,Male,8,276.05,34.51,44,11.0,5,0.48,0,413,Web,North,1
C01733,51,Female,6,3107.96,517.99,99,7.0,0,0.324,0,88,Mobile,South,0
C01734,59,Female,4,1018.81,254.7,52,6.0,2,0.226,0,66,Mobile,North,0
C01735,59,Male,9,961.27,106.81,35,3.0,3,0.04,0,697,Mobile,North,1
C01736,56,Male,6,862.67,143.78,16,7.0,2,0.454,0,757,Web,South,0
C01737,42,Male,8,573.54,71.69,44,10.0,5,0.469,0,1380,Store,South,1
C01738,22,Female,8,435.7,54.46,123,9.0,1,0.103,1,786,Mobile,South,0
C01739,18,Female,8,106.69,13.34,112,5.0,4,0.208,1,1056,Mobile,South,0
C01740,27,Female,4,343.17,85.79,61,8.0,4,0.215,1,1289,Mobile,South,1
C01741,38,Female,10,805.29,80.53,56,9.0,0,0.444,0,833,Web,North,0
C01742,53,Female,5,1252.81,250.56,82,8.0,3,0.645,0,55,Store,Central,0
C01743,39,Male,4,473.82,118.46,58,5.0,3,0.214,1,1091,Mobile,North,0
C01744,19,Female,7,1153.46,164.78,58,5.0,3,0.412,1,998,Web,South,0
C01745,28,Female,12,763.3,63.61,10,7.0,3,0.271,0,1103,Mobile,South,1
C01746,65,Male,5,895.22,179.04,18,9.0,3,0.333,0,1017,Web,Central,1
C01747,65,Female,4,1671.82,417.96,75,6.0,4,0.308,1,490,Web,South,0
C01748,36,Male,6,1159.05,193.18,53,7.0,4,0.167,1,483,Store,South,0
C01749,56,Male,9,1318.6,146.51,48,6.0,4,0.112,0,1037,Store,North,1
C01750,52,Female,7,3303.4,471.91,35,8.0,3,0.235,1,561,Mobile,Central,1
C01751,62,Male,6,478.13,79.69,122,10.0,4,0.134,2,1308,Web,North,0
C01752,60,Male,7,1584.04,226.29,77,12.0,4,,1,248,Mobile,South,0
C01753,48,Male,8,1300.37,162.55,66,6.0,3,0.753,1,453,Mobile,South,0
C01754,36,Female,6,1296.95,216.16,16,5.0,5,0.04,1,913,Mobile,Central,1
C01755,48,Female,12,1066.63,88.89,66,6.0,2,0.273,0,181,Mobile,South,0
C01756,33,Male,14,1219.06,87.08,223,8.0,1,0.251,0,47,Mobile,South,0
C01757,34,Male,7,781.12,111.59,7,5.0,1,0.056,1,182,Web,North,1
C01758,47,Male,13,972.62,74.82,89,4.0,4,0.291,1,389,Web,Central,0
C01759,45,Female,7,1823.16,260.45,48,7.0,3,0.275,0,610,Web,Central,1
C01760,45,Male,4,623.46,155.86,47,9.0,5,0.118,2,671,Mobile,North,0
C01761,36,Female,5,675.68,135.14,105,13.0,6,0.122,1,1401,Web,South,0
C01762,37,Female,9,1244.8,138.31,24,7.0,3,0.192,0,687,Mobile,South,1
C01763,18,Male,8,1172.38,146.55,34,8.0,4,0.664,0,253,Mobile,Central,0
C01764,46,Female,5,760.04,152.01,40,9.0,2,0.197,0,57,Mobile,South,0
C01765,45,Female,5,1268.05,253.61,22,9.0,3,0.637,1,76,Web,North,1
C01766,62,Female,5,1259.53,251.91,39,4.0,7,0.25,0,1484,Store,North,1
C01767,42,Male,7,3008.55,429.79,25,11.0,2,0.28,1,149,Mobile,Central,1
C01768,40,Female,8,3596.53,449.57,49,12.0,4,0.346,0,1033,Mobile,Central,1
C01769,21,Female,6,3952.1,658.68,91,9.0,2,0.06,1,922,Mobile,North,0
C01770,27,Female,5,1250.9,250.18,21,9.0,3,0.331,0,1175,Store,South,1
C01771,34,Female,10,1685.15,168.52,54,14.0,2,0.159,0,236,Store,North,1
C01772,36,Male,7,1231.67,175.95,46,11.0,2,0.328,1,225,Web,South,1
C01773,35,Female,3,905.95,301.98,44,10.0,2,0.213,1,1126,Mobile,South,0
C01774,36,Female,10,1307.09,130.71,20,6.0,0,0.289,3,494,Web,Central,0
C01775,54,Male,8,894.19,111.77,106,11.0,4,0.468,0,599,Mobile,South,0
C01776,24,Male,7,1012.52,144.65,106,14.0,2,0.384,0,1187,Web,South,1
C01777,33,Male,10,953.32,95.33,44,12.0,4,0.066,1,1090,Store,South,1
C01778,25,Female,7,962.25,137.46,85,7.0,5,0.463,0,432,Web,North,0
C01779,32,Male,5,631.18,126.24,28,8.0,3,0.206,1,905,Mobile,North,0
C01780,50,Female,9,1589.8,176.64,92,9.0,1,0.058,0,1324,Store,South,1
C01781,20,Male,7,1283.62,183.37,21,2.0,5,0.105,0,1383,Web,North,1
C01782,34,Male,8,614.56,76.82,18,11.0,3,0.281,0,697,Web,South,1
C01783,19,Female,6,936.33,156.06,51,8.0,3,0.105,0,547,Web,South,0
C01784,63,Male,6,458.01,76.33,155,8.0,6,0.464,0,188,Web,South,0
C01785,52,Female,5,1118.95,223.79,16,12.0,6,0.295,0,522,Store,South,1
C01786,29,Male,7,1814.37,259.2,8,10.0,5,0.235,0,1049,Mobile,South,1
C01787,27,Female,5,791.01,158.2,91,11.0,6,0.439,1,173,Mobile,South,0
C01788,22,Male,5,1568.79,313.76,53,9.0,2,0.31,1,1441,Web,Central,1
C01789,40,Female,6,966.07,161.01,58,9.0,2,0.333,1,1362,Store,North,0
C01790,54,Female,9,815.33,90.59,35,9.0,3,0.154,0,840,Mobile,South,1
C01791,46,Male,6,587.71,97.95,72,11.0,2,0.196,0,290,Web,South,0
C01792,60,Male,4,872.81,218.2,85,7.0,3,0.166,2,1364,Mobile,North,0
C01793,34,Male,5,1598.54,319.71,12,7.0,0,0.148,0,232,Web,Central,1
C01794,31,Female,7,1216.03,173.72,10,10.0,2,0.292,3,311,Web,Central,1
C01795,40,Female,8,514.33,64.29,18,11.0,4,0.14,3,678,Mobile,North,1
C01796,27,Male,9,1321.31,146.81,27,4.0,0,0.158,1,483,Web,Central,1
C01797,64,Male,3,1091.07,363.69,41,12.0,3,0.093,0,375,Mobile,South,0
C01798,26,Female,7,463.22,66.17,52,4.0,5,0.252,2,1267,Mobile,South,0
C01799,40,Female,5,371.94,74.39,76,7.0,1,0.486,0,1409,Mobile,North,0
C01800,43,Female,7,358.95,51.28,27,12.0,2,0.444,0,1481,Store,Central,0
C01801,20,Male,10,1664.12,166.41,88,7.0,3,0.223,0,800,Web,South,1
C01802,40,Female,7,469.29,67.04,53,7.0,3,0.322,3,716,Store,North,0
C01803,39,Female,4,827.96,206.99,60,5.0,2,0.416,2,341,Web,North,1
C01804,30,Male,11,1263.54,114.87,12,6.0,1,0.061,2,1243,Mobile,South,1
C01805,24,Male,8,1219.77,152.47,22,5.0,3,0.297,0,738,Mobile,South,1
C01806,20,Male,9,1219.89,135.54,34,16.0,1,0.212,0,378,Mobile,South,1
C01807,18,Female,11,426.59,38.78,274,8.0,3,0.267,1,760,Store,South,0
C01808,41,Male,9,1277.33,141.93,86,8.0,1,0.41,0,862,Mobile,Central,1
C01809,22,Female,11,804.1,73.1,43,11.0,3,0.223,0,600,Mobile,North,1
C01810,64,Female,7,1028.68,146.95,29,13.0,1,0.57,0,162,Mobile,North,1
C01811,29,Female,8,996.92,124.62,160,9.0,5,0.233,2,1066,Web,North,1
C01812,49,Female,5,900.67,180.13,56,7.0,2,0.116,2,1007,Web,Central,0
C01813,50,Male,6,1779.09,296.52,22,11.0,1,0.035,0,1482,Web,North,0
C01814,41,Female,7,1634.99,233.57,18,6.0,7,0.134,0,199,Mobile,North,0
C01815,60,Male,7,4388.56,626.94,68,6.0,5,0.127,0,442,Mobile,North,0
C01816,23,Female,4,2243.92,560.98,42,9.0,0,0.248,1,755,Mobile,South,0
C01817,29,Female,5,277.56,55.51,101,8.0,2,0.262,0,1250,Mobile,North,0
C01818,30,Female,5,958.4,191.68,16,12.0,2,0.17,0,598,Mobile,South,1
C01819,24,Female,8,2134.95,266.87,89,3.0,4,0.376,1,269,Mobile,South,0
C01820,32,Male,4,882.13,220.53,94,5.0,2,0.449,0,1139,Web,South,0
C01821,33,Female,10,761.71,76.17,116,6.0,1,0.149,1,1123,Mobile,Central,0
C01822,54,Female,6,415.65,69.27,25,3.0,5,,1,159,Web,Central,0
C01823,32,Female,9,383.62,42.62,89,14.0,2,0.17,1,81,Store,North,0
C01824,60,Male,11,1553.25,141.2,35,8.0,6,0.379,2,96,Web,South,0
C01825,55,Male,5,1042.67,208.53,20,8.0,8,0.288,3,951,Web,North,0
C01826,61,Female,5,153.13,30.63,43,12.0,7,0.078,0,584,Store,Central,0
C01827,23,Male,9,1851.56,205.73,5,6.0,4,0.527,0,590,Web,South,0
C01828,65,Female,5,2007.65,401.53,60,16.0,3,0.253,0,889,Mobile,South,0
C01829,47,Female,6,837.27,139.54,45,3.0,7,0.033,0,395,Mobile,South,0
C01830,65,Female,6,970.35,161.72,11,10.0,3,0.25,1,636,Store,South,0
C01831,35,Male,5,2283.22,456.64,61,11.0,4,0.755,0,567,Store,South,0
C01832,63,Female,9,814.07,90.45,85,12.0,3,0.063,1,1013,Web,South,0
C01833,46,Male,7,234.17,33.45,41,9.0,2,0.068,1,1298,Mobile,South,1
C01834,21,Male,9,1560.61,173.4,31,10.0,1,0.137,0,188,Store,South,1
C01835,37,Female,6,1964.49,327.42,70,9.0,1,0.166,0,254,Store,South,0
C01836,24,Male,8,1075.61,134.45,127,9.0,3,0.568,0,153,Mobile,North,0
C01837,63,Male,8,468.21,58.53,39,8.0,1,0.24,1,546,Mobile,Central,1
C01838,32,Male,11,2128.89,193.54,172,16.0,3,0.352,2,498,Mobile,North,0
C01839,28,Female,10,730.85,73.09,106,4.0,0,0.35,0,1221,Mobile,South,1
C01840,44,Female,7,533.39,76.2,33,11.0,1,0.308,0,366,Mobile,North,0
C01841,38,Male,6,1064.68,177.45,23,10.0,1,0.43,0,1137,Web,South,1
C01842,22,Male,11,828.47,75.32,72,9.0,3,0.016,2,129,Mobile,North,1
C01843,57,Female,6,1474.58,245.76,16,8.0,1,0.373,1,1019,Mobile,North,0
C01844,58,Male,13,3274.23,251.86,16,10.0,2,,1,767,Mobile,North,1
C01845,53,Female,9,510.03,56.67,34,3.0,1,0.085,1,1002,Mobile,South,1
C01846,47,Female,10,1627.44,162.74,33,6.0,4,0.436,2,807,Web,Central,1
C01847,37,Female,8,805.32,100.66,150,10.0,2,0.531,0,795,Store,South,0
C01848,44,Female,2,1468.65,734.32,93,8.0,2,0.148,1,1074,Mobile,North,0
C01849,43,Female,10,1091.59,109.16,96,8.0,4,0.367,0,507,Web,South,0
C01850,25,Female,6,705.54,117.59,70,5.0,1,0.308,1,1114,Web,North,0
C01851,21,Male,8,1657.83,207.23,34,8.0,1,0.256,1,1214,Web,North,0
C01852,30,Male,5,759.44,151.89,40,9.0,1,0.311,2,551,Mobile,North,0
C01853,39,Female,10,543.85,54.39,65,12.0,3,0.31,0,842,Mobile,Central,0
C01854,25,Male,6,1587.89,264.65,20,10.0,3,0.287,0,346,Mobile,South,1
C01855,23,Female,12,541.24,45.1,19,9.0,2,0.281,0,944,Mobile,North,1
C01856,58,Female,7,1544.57,220.65,86,1.0,3,0.028,0,1472,Mobile,North,0
C01857,35,Female,5,1014.41,202.88,75,12.0,5,0.396,1,957,Web,South,0
C01858,46,Male,5,1057.49,211.5,18,10.0,2,0.151,0,648,Mobile,South,1
C01859,43,Female,4,494.11,123.53,18,7.0,1,0.387,0,94,Mobile,North,1
C01860,53,Female,12,1091.14,90.93,19,4.0,4,0.424,0,1281,Mobile,North,1
C01861,53,Male,1,723.06,723.06,85,6.0,5,0.382,1,1070,Mobile,South,0
C01862,32,Female,6,2346.38,391.06,103,10.0,0,0.248,0,1173,Mobile,North,1
C01863,58,Female,8,376.44,47.06,20,7.0,1,0.22,1,1393,Store,North,0
C01864,35,Female,9,1890.92,210.1,55,7.0,3,0.298,0,817,Mobile,South,1
C01865,58,Female,9,1984.45,220.49,19,6.0,2,0.456,1,1042,Mobile,South,0
C01866,37,Male,4,1309.67,327.42,119,10.0,0,0.519,1,1204,Mobile,South,0
C01867,23,Male,10,2270.8,227.08,9,11.0,1,0.164,2,1005,Mobile,South,1
C01868,54,Female,3,837.67,279.22,60,5.0,4,0.366,0,220,Store,South,0
C01869,19,Male,8,911.29,113.91,34,10.0,3,0.383,0,1225,Mobile,North,0
C01870,55,Male,10,1365.19,136.52,20,5.0,3,0.207,0,181,Mobile,North,1
C01871,20,Male,4,856.89,214.22,12,3.0,1,0.354,0,1157,Mobile,South,1
C01872,27,Male,11,177.7,16.15,16,14.0,4,0.361,2,1015,Mobile,Central,1
C01873,46,Female,8,381.62,47.7,40,8.0,2,0.214,0,185,Mobile,North,1
C01874,63,Male,15,412.07,27.47,27,13.0,0,0.369,0,1325,Mobile,North,1
C01875,37,Female,9,1602.67,178.07,53,5.0,1,0.323,0,567,Mobile,Central,0
C01876,23,Male,4,972.09,243.02,155,7.0,3,0.103,0,1130,Store,South,0
C01877,29,Female,4,1524.05,381.01,90,6.0,1,0.51,2,824,Store,North,0
C01878,61,Male,10,1672.73,167.27,86,10.0,6,0.27,1,1048,Web,North,1
C01879,52,Female,9,844.27,93.81,84,7.0,1,0.14,1,1193,Mobile,South,0
C01880,22,Male,6,1181.4,196.9,68,5.0,3,0.188,1,328,Mobile,North,1
C01881,36,Female,6,369.52,61.59,102,4.0,5,0.441,4,949,Mobile,South,0
C01882,30,Male,5,631.23,126.25,30,9.0,4,0.329,0,638,Store,North,0
C01883,26,Male,7,819.09,117.01,68,10.0,4,0.324,1,111,Web,North,1
C01884,58,Male,4,992.14,248.04,8,16.0,5,0.279,0,164,Mobile,South,1
C01885,47,Female,15,319.83,21.32,85,11.0,5,0.423,0,1047,Mobile,South,1
C01886,26,Female,9,826.24,91.8,52,4.0,1,0.513,0,1190,Store,North,1
C01887,49,Male,5,545.53,109.11,45,14.0,3,0.471,0,170,Web,North,0
C01888,37,Male,9,3082.6,342.51,18,3.0,5,0.395,1,440,Web,South,1
C01889,20,Female,12,1032.28,86.02,14,13.0,3,0.287,1,996,Web,North,0
C01890,39,Female,10,1517.66,151.77,32,7.0,4,0.389,2,1211,Web,North,1
C01891,26,Male,6,1519.2,253.2,52,14.0,5,0.169,0,511,Web,South,1
C01892,29,Female,7,1080.64,154.38,92,7.0,2,0.416,1,743,Mobile,South,0
C01893,60,Female,9,1272.12,141.35,102,10.0,3,0.385,1,988,Mobile,North,0
C01894,52,Female,5,1196.5,239.3,94,6.0,6,0.125,1,911,Web,South,0
C01895,24,Male,4,1197.11,299.28,71,13.0,2,0.27,0,519,Web,South,0
C01896,58,Male,4,2142.36,535.59,13,10.0,5,0.369,2,676,Store,South,1
C01897,45,Male,4,1007.72,251.93,46,12.0,2,0.125,2,184,Web,Central,0
C01898,59,Female,9,527.85,58.65,128,6.0,1,0.069,1,871,Mobile,Central,0
C01899,53,Male,5,1552.65,310.53,155,7.0,3,0.325,0,499,Mobile,North,0
C01900,34,Female,7,446.88,63.84,13,7.0,0,0.153,0,1422,Mobile,South,1
C01901,43,Female,7,905.41,129.34,34,3.0,2,0.412,0,36,Web,South,0
C01902,43,Female,4,702.61,175.65,134,5.0,5,0.498,0,66,Mobile,North,0
C01903,52,Male,6,847.08,141.18,104,5.0,2,0.109,0,1273,Mobile,North,1
C01904,29,Male,3,1335.36,445.12,49,6.0,3,0.184,1,648,Store,Central,0
C01905,33,Male,6,1266.31,211.05,61,7.0,3,0.601,3,1346,Web,North,0
C01906,29,Female,4,851.51,212.88,69,13.0,4,0.097,2,1090,Mobile,South,0
C01907,32,Female,8,643.75,80.47,106,8.0,3,0.092,2,640,,South,0
C01908,25,Male,12,1715.9,142.99,104,10.0,2,0.199,2,608,Mobile,North,0
C01909,19,Female,8,1385.65,173.21,37,7.0,1,0.126,0,1156,Web,South,0
C01910,63,Male,7,315.56,45.08,128,6.0,4,0.26,1,238,Store,South,0
C01911,21,Male,7,348.87,49.84,138,2.0,9,0.331,0,321,Mobile,Central,0
C01912,60,Male,6,697.47,116.24,42,5.0,5,0.269,0,885,Web,Central,0
C01913,18,Female,9,224.21,24.91,133,13.0,2,0.172,0,252,Mobile,South,0
C01914,55,Male,11,391.52,35.59,41,6.0,4,0.389,1,1472,Web,South,1
C01915,33,Male,10,1103.44,110.34,83,5.0,3,0.433,0,921,Mobile,North,0
C01916,42,Female,11,1260.33,114.58,147,8.0,8,0.144,0,1490,Web,South,0
C01917,31,Female,9,887.17,98.57,115,9.0,2,0.253,0,370,Web,North,0
C01918,41,Male,13,887.42,68.26,27,9.0,1,0.511,0,177,Mobile,South,1
C01919,39,Male,7,713.1,101.87,68,9.0,1,0.186,0,402,Web,Central,0
C01920,43,Female,9,600.1,66.68,76,15.0,1,0.62,0,751,Mobile,North,1
C01921,36,Male,6,1494.01,249.0,60,6.0,4,0.021,1,146,Mobile,Central,1
C01922,43,Male,7,1565.35,223.62,29,11.0,2,0.38,1,962,Store,South,1
C01923,57,Female,5,865.99,173.2,28,7.0,2,0.279,1,351,Mobile,North,0
C01924,38,Male,5,401.02,80.2,43,7.0,2,0.056,1,1339,Web,South,1
C01925,35,Female,6,601.96,100.33,13,7.0,2,0.512,0,539,Store,North,1
C01926,24,Male,10,924.01,92.4,75,7.0,8,0.136,0,575,Mobile,North,1
C01927,35,Male,12,864.53,72.04,164,,3,0.212,0,857,Mobile,Central,0
C01928,24,Male,4,1404.92,351.23,48,5.0,2,0.41,0,823,Mobile,Central,1
C01929,26,Male,6,577.56,96.26,28,9.0,3,0.426,0,573,Store,South,0
C01930,63,Male,6,1300.9,216.82,17,4.0,6,0.44,1,796,Web,South,1
C01931,22,Male,5,942.58,188.52,109,9.0,3,0.4,0,1146,Web,South,0
C01932,41,Female,9,3011.17,334.57,68,7.0,3,0.264,1,1324,Store,South,0
C01933,58,Female,9,910.2,101.13,60,8.0,5,0.215,0,896,Web,South,1
C01934,63,Male,8,623.76,77.97,69,12.0,3,0.062,1,863,Web,Central,0
C01935,25,Female,3,2083.05,694.35,70,9.0,2,0.168,1,1066,Web,South,0
C01936,25,Female,7,866.88,123.84,75,7.0,7,0.021,0,839,Mobile,Central,0
C01937,35,Female,7,1259.3,179.9,65,6.0,3,0.607,2,1227,Web,South,0
C01938,44,Male,7,252.57,36.08,84,5.0,5,0.479,0,70,Web,North,1
C01939,64,Male,6,1807.81,301.3,71,9.0,3,0.17,3,1331,Mobile,South,0
C01940,27,Male,5,602.05,120.41,8,10.0,1,0.207,0,1428,Mobile,Central,0
C01941,25,Male,10,436.46,43.65,26,10.0,5,0.044,0,1338,Store,Central,1
C01942,30,Male,7,1608.68,229.81,26,6.0,1,0.17,1,1276,Web,South,1
C01943,59,Female,3,561.19,187.06,28,13.0,3,0.13,2,849,Mobile,North,0
C01944,19,Female,8,501.46,62.68,18,7.0,4,0.275,2,260,Mobile,South,1
C01945,36,Male,4,389.29,97.32,63,6.0,2,0.4,1,1048,Store,North,0
C01946,23,Male,7,698.34,99.76,87,4.0,3,0.18,1,207,Mobile,North,0
C01947,25,Male,6,560.92,93.49,10,7.0,0,0.278,1,258,Mobile,North,0
C01948,62,Female,4,1485.92,371.48,21,11.0,4,0.162,2,233,Store,South,0
C01949,18,Female,7,590.54,84.36,12,10.0,1,0.155,2,1220,Store,Central,1
C01950,33,Male,6,666.87,111.14,6,6.0,1,0.275,1,547,Mobile,South,1
C01951,61,Female,10,630.51,63.05,52,7.0,1,0.195,1,703,Web,North,1
C01952,47,Female,5,1332.56,266.51,7,5.0,4,0.346,1,1231,Web,North,0
C01953,21,Female,5,1566.7,313.34,50,9.0,6,0.124,0,917,Store,South,0
C01954,40,Female,10,934.7,93.47,60,7.0,3,0.179,0,1073,Web,Central,0
C01955,64,Female,7,905.88,129.41,48,5.0,4,0.172,1,159,Mobile,South,1
C01956,37,Male,7,1015.27,145.04,49,9.0,2,0.08,0,777,Web,South,0
C01957,43,Male,5,1069.83,213.97,43,9.0,2,0.674,1,1427,Web,South,1
C01958,43,Female,5,1406.23,281.25,92,6.0,3,0.377,0,1272,Store,South,0
C01959,49,Male,7,1352.81,193.26,139,11.0,2,0.244,0,600,Web,Central,0
C01960,26,Female,9,48.27,5.36,63,11.0,6,0.303,0,487,Web,South,0
C01961,58,Male,10,475.97,47.6,27,6.0,2,0.257,0,1278,Store,Central,0
C01962,65,Male,8,188.22,23.53,20,6.0,0,0.17,1,954,Web,South,1
C01963,24,Male,14,1118.49,79.89,7,6.0,6,0.172,1,254,,North,1
C01964,57,Female,7,374.2,53.46,120,9.0,5,0.306,1,818,Mobile,North,0
C01965,57,Male,3,1240.22,413.41,39,6.0,2,0.294,1,769,Store,Central,0
C01966,53,Male,5,1062.44,212.49,42,9.0,3,0.316,0,1393,Web,North,0
C01967,35,Male,12,904.57,75.38,51,4.0,4,0.329,2,1200,Web,South,1
C01968,40,Female,8,793.43,99.18,33,6.0,2,0.177,1,321,Mobile,North,0
C01969,58,Female,6,1542.99,257.17,59,13.0,2,0.664,1,1105,Web,South,0
C01970,25,Male,7,1297.18,185.31,61,9.0,3,0.594,2,237,Mobile,South,1
C01971,57,Female,4,447.8,111.95,67,7.0,2,0.151,1,844,Web,North,0
C01972,62,Male,7,1086.07,155.15,12,11.0,6,0.441,1,1365,Store,North,1
C01973,50,Female,9,992.92,110.32,4,9.0,2,0.388,0,1421,Mobile,Central,1
C01974,34,Male,12,1837.01,153.08,89,11.0,2,0.304,1,94,Web,North,0
C01975,44,Female,7,1994.54,284.93,41,7.0,6,0.193,2,231,Mobile,North,1
C01976,20,Female,6,952.98,158.83,24,6.0,4,0.569,2,634,Store,South,1
C01977,62,Female,4,2883.33,720.83,97,9.0,3,0.221,1,1311,Mobile,Central,0
C01978,34,Male,9,562.35,62.48,25,6.0,4,0.735,0,1446,Mobile,North,1
C01979,20,Female,9,303.53,33.73,22,6.0,1,0.392,2,988,Mobile,North,0
C01980,56,Female,9,2122.11,235.79,30,10.0,4,0.114,0,1486,Store,Central,1
C01981,49,Male,8,509.88,63.74,26,10.0,4,0.581,1,325,Web,South,1
C01982,47,Female,7,316.15,45.16,27,5.0,3,0.56,2,1340,Web,North,1
C01983,20,Female,10,536.85,53.68,83,8.0,2,0.115,0,1138,Web,North,1
C01984,54,Male,7,663.91,94.84,126,9.0,1,0.178,0,49,Web,Central,0
C01985,48,Female,10,200.65,20.07,19,6.0,3,0.471,1,1227,,North,1
C01986,56,Male,14,764.42,54.6,49,2.0,2,0.085,1,829,Mobile,South,1
C01987,57,Female,10,620.29,62.03,27,13.0,6,0.221,0,733,Mobile,South,0
C01988,28,Male,4,978.13,244.53,103,6.0,2,0.296,2,809,Mobile,Central,0
C01989,28,Male,4,118.63,29.66,63,5.0,2,0.474,0,852,Mobile,North,1
C01990,62,Female,5,805.89,161.18,50,8.0,6,0.352,1,1172,Web,Central,0
C01991,43,Female,6,3198.39,533.06,80,9.0,5,0.325,2,778,Web,South,1
C01992,39,Female,6,1662.66,277.11,96,6.0,3,0.275,2,1294,Mobile,North,0
C01993,31,Female,10,338.17,33.82,78,9.0,4,0.448,0,1335,Web,Central,0
C01994,48,Male,9,564.92,62.77,76,,1,0.254,0,1365,Web,South,0
C01995,54,Male,8,682.94,85.37,137,9.0,3,0.208,1,1119,Store,Central,0
C01996,18,Male,5,2078.04,415.61,66,8.0,7,0.226,3,1002,Mobile,Central,1
C01997,44,Male,9,772.32,85.81,23,5.0,1,0.396,0,649,Mobile,South,1
C01998,65,Female,9,692.79,76.98,55,7.0,8,0.217,1,273,Store,Central,1
C01999,31,Female,6,378.69,63.12,34,8.0,1,0.197,0,759,Mobile,North,0
C02000,31,Female,6,696.26,116.04,131,8.0,3,0.123,1,718,Web,South,0
C02001,60,Male,8,755.25,94.41,37,10.0,6,0.204,0,1267,Store,North,0
C02002,20,Male,6,1033.28,172.21,38,12.0,3,0.558,5,1036,Mobile,Central,0
C02003,37,Female,8,517.22,64.65,43,11.0,2,0.288,0,243,Web,South,0
C02004,39,Male,8,383.64,47.96,59,4.0,2,,0,134,Mobile,North,1
C02005,56,Male,5,374.85,74.97,29,3.0,1,0.031,2,484,Web,North,1
C02006,24,Male,9,1692.12,188.01,29,9.0,2,0.211,1,331,Store,North,1
C02007,38,Male,7,1857.68,265.38,23,9.0,0,0.101,1,884,Web,South,1
C02008,25,Male,5,1709.48,341.9,122,6.0,2,0.446,1,198,Web,North,0
C02009,55,Female,11,701.77,63.8,73,4.0,2,0.122,0,725,Mobile,South,1
C02010,48,Male,8,1653.35,206.67,40,10.0,5,0.183,0,420,Web,South,0
C02011,41,Female,7,1511.73,215.96,32,9.0,5,0.314,0,1467,Mobile,South,1
C02012,36,Female,10,1215.6,121.56,22,9.0,3,0.601,0,526,Web,Central,1
C02013,25,Female,8,741.73,92.72,36,11.0,7,0.088,0,1043,Web,North,0
C02014,62,Male,4,1216.07,304.02,41,10.0,1,0.221,0,619,Mobile,South,1
C02015,49,Male,10,345.18,34.52,105,11.0,3,0.094,1,1242,Store,South,0
C02016,33,Male,4,1557.14,389.28,21,5.0,5,0.204,0,1472,Web,South,0
C02017,37,Male,2,157.74,78.87,58,12.0,0,0.127,1,458,Web,Central,0
C02018,52,Male,11,745.92,67.81,71,6.0,3,0.379,1,1229,Store,South,1
C02019,52,Female,10,842.25,84.22,26,5.0,2,0.198,0,812,Store,South,0
C02020,40,Male,10,719.58,71.96,10,5.0,3,0.418,1,1211,Store,South,1
C02021,32,Male,3,1576.61,525.54,56,6.0,3,0.207,1,56,Web,Central,1
C02022,49,Male,10,352.88,35.29,21,12.0,2,0.211,1,695,Mobile,North,1
C02023,49,Female,12,461.36,38.45,62,6.0,1,0.145,0,1124,Mobile,South,0
C02024,46,Female,8,982.18,122.77,57,10.0,6,0.515,0,1233,Store,South,0
C02025,21,Female,7,276.19,39.46,90,10.0,2,0.759,0,814,Mobile,South,0
C02026,40,Female,7,682.61,97.52,95,14.0,3,0.141,2,1242,Mobile,North,0
C02027,47,Female,5,2192.68,438.54,11,9.0,1,0.404,2,1064,Web,South,1
C02028,63,Female,2,1546.97,773.48,71,7.0,2,0.363,1,408,Mobile,North,0
C02029,43,Male,6,2426.9,404.48,62,5.0,2,0.256,2,476,Mobile,South,0
C02030,34,Female,13,917.89,70.61,60,8.0,3,0.481,0,379,Store,South,1
C02031,44,Female,6,1617.26,269.54,97,10.0,2,0.11,0,40,Mobile,South,0
C02032,26,Male,10,1674.9,167.49,22,6.0,2,0.176,0,1147,Web,North,1
C02033,22,Female,7,283.77,40.54,96,6.0,2,0.234,1,684,Web,North,0
C02034,50,Female,10,591.46,59.15,71,8.0,2,0.554,0,1068,Mobile,South,0
C02035,65,Female,11,718.79,65.34,10,4.0,6,0.242,0,428,Web,North,1
C02036,58,Male,8,3240.28,405.04,31,12.0,5,0.539,0,422,Mobile,North,1
C02037,46,Female,7,1875.43,267.92,49,3.0,5,0.359,1,687,Web,North,1
C02038,19,Female,4,412.67,103.17,11,13.0,1,0.223,0,708,Mobile,North,0
C02039,65,Male,6,2334.91,389.15,70,11.0,4,0.091,0,870,Web,South,1
C02040,39,Male,9,670.82,74.54,96,6.0,2,0.014,0,370,Store,South,0
C02041,31,Male,3,1329.91,443.3,84,9.0,2,,1,666,Mobile,South,0
C02042,60,Male,8,750.82,93.85,78,11.0,3,0.149,0,1145,Store,South,0
C02043,53,Female,3,168.38,56.13,33,6.0,4,0.602,0,258,Store,North,0
C02044,53,Female,10,2352.99,235.3,70,6.0,5,0.387,1,348,Mobile,South,1
C02045,31,Male,6,1726.26,287.71,133,7.0,3,0.299,1,414,Mobile,Central,0
C02046,65,Male,8,805.08,100.64,17,5.0,1,0.401,2,1456,Store,North,1
C02047,39,Female,3,1205.93,401.98,14,10.0,1,0.282,1,186,Web,South,0
C02048,43,Male,6,593.82,98.97,22,7.0,4,0.158,1,1424,Mobile,Central,1
C02049,54,Female,6,538.3,89.72,46,8.0,6,0.489,0,1021,Mobile,South,1
C02050,49,Male,4,1720.3,430.08,21,4.0,0,0.504,1,813,Mobile,Central,0
C02051,26,Male,5,1574.99,315.0,80,9.0,6,0.051,1,748,Web,South,0
C02052,32,Female,4,2790.06,697.52,50,8.0,3,0.424,2,542,Web,South,0
C02053,35,Male,3,1609.24,536.41,49,2.0,4,0.403,0,976,Store,Central,0
C02054,63,Female,8,1182.77,147.85,96,,0,0.177,0,924,Web,North,0
C02055,52,Male,5,1637.0,327.4,12,7.0,3,0.215,0,824,Web,South,0
C02056,35,Female,8,1279.91,159.99,61,9.0,3,0.364,0,700,Store,Central,1
C02057,53,Female,6,1353.22,225.54,63,8.0,2,0.346,2,1498,Web,South,0
C02058,53,Female,6,1515.92,252.65,119,12.0,1,0.254,2,1243,,South,1
C02059,36,Male,10,1703.28,170.33,183,4.0,1,0.227,1,1117,Web,North,0
C02060,37,Female,7,890.34,127.19,16,9.0,0,0.317,1,1332,Mobile,South,1
C02061,60,Female,8,142.67,17.83,32,14.0,1,0.095,2,1376,Mobile,South,1
C02062,44,Male,9,923.45,102.61,7,9.0,7,0.108,0,1203,Mobile,South,1
C02063,25,Male,8,463.42,57.93,20,8.0,2,0.077,0,91,Store,Central,0
C02064,52,Female,7,1966.65,280.95,124,8.0,3,0.096,2,353,Web,South,0
C02065,46,Male,10,2237.33,223.73,83,12.0,2,0.184,0,1277,Mobile,Central,1
C02066,42,Female,8,489.98,61.25,40,7.0,6,0.235,2,869,Mobile,South,1
C02067,52,Female,8,743.47,92.93,46,8.0,2,0.26,0,555,Store,North,0
C02068,61,Male,6,860.28,143.38,15,7.0,1,0.177,0,1430,Web,North,1
C02069,33,Female,7,518.65,74.09,17,9.0,2,0.362,0,1185,Mobile,South,1
C02070,38,Female,9,1277.75,141.97,48,10.0,1,0.37,1,456,Mobile,Central,1
C02071,27,Male,4,362.0,90.5,29,6.0,2,0.529,0,1201,Web,South,1
C02072,49,Female,7,1117.65,159.66,81,10.0,3,0.614,0,1487,Mobile,North,0
C02073,37,Male,6,1561.87,260.31,92,11.0,5,0.259,0,661,Web,Central,0
C02074,34,Male,7,1374.49,196.36,32,7.0,2,0.318,1,1448,Mobile,Central,0
C02075,51,Female,9,1308.98,145.44,63,5.0,5,0.353,1,1269,Web,Central,0
C02076,37,Male,5,567.16,113.43,46,7.0,1,0.289,0,1266,Mobile,South,0
C02077,40,Female,8,2172.88,271.61,44,8.0,3,0.095,0,107,Web,South,1
C02078,39,Male,5,1850.8,370.16,121,6.0,5,0.239,0,287,Mobile,South,0
C02079,30,Female,4,730.28,182.57,13,12.0,3,0.841,2,718,Web,Central,0
C02080,24,Male,7,1468.83,209.83,119,7.0,3,0.437,0,427,Web,South,0
C02081,57,Female,7,652.01,93.14,86,4.0,3,0.109,0,860,Web,South,0
C02082,22,Female,2,1486.27,743.14,61,7.0,3,0.315,0,325,Web,North,0
C02083,33,Female,8,375.83,46.98,79,7.0,5,0.411,3,1040,Mobile,South,0
C02084,50,Female,6,1769.61,294.94,43,11.0,3,0.301,2,1242,Mobile,Central,0
C02085,24,Female,7,679.07,97.01,31,9.0,2,0.49,1,1116,Store,Central,1
C02086,49,Female,7,481.62,68.8,22,11.0,1,0.36,1,802,Mobile,North,1
C02087,53,Female,4,429.57,107.39,88,6.0,2,0.61,0,77,Store,South,0
C02088,49,Female,8,1153.91,144.24,56,5.0,2,0.807,0,335,Mobile,Central,1
C02089,32,Female,5,217.86,43.57,147,9.0,7,0.416,0,442,Web,South,0
C02090,18,Female,6,1379.39,229.9,82,8.0,5,0.203,0,833,Mobile,North,0
C02091,60,Male,11,835.68,75.97,61,7.0,3,0.525,3,371,Web,Central,0
C02092,33,Female,3,1568.73,522.91,29,6.0,6,0.236,0,745,Store,Central,0
C02093,56,Female,11,181.54,16.5,34,10.0,0,0.236,0,302,Web,South,1
C02094,27,Male,4,1012.22,253.06,27,9.0,3,0.169,0,523,Store,South,1
C02095,25,Male,10,822.47,82.25,67,8.0,0,0.227,1,951,Mobile,South,1
C02096,55,Female,4,523.25,130.81,42,12.0,4,0.356,0,600,Store,North,0
C02097,63,Male,6,455.46,75.91,30,14.0,1,0.448,0,1075,Web,North,0
C02098,59,Male,7,1442.24,206.03,155,3.0,1,0.258,0,1315,Mobile,Central,0
C02099,54,Male,5,382.32,76.46,103,10.0,3,0.153,0,234,Web,South,0
C02100,29,Male,13,966.4,74.34,49,6.0,2,0.219,0,1329,Mobile,South,0
C02101,61,Female,10,299.92,29.99,52,7.0,3,0.718,2,445,Store,Central,1
C02102,50,Female,8,246.41,30.8,85,5.0,1,0.242,1,899,Web,South,0
C02103,26,Female,5,922.1,184.42,43,3.0,2,0.75,2,562,Mobile,North,0
C02104,24,Female,10,1102.52,110.25,16,6.0,2,0.187,2,998,Mobile,South,1
C02105,59,Female,11,528.31,48.03,28,11.0,3,0.32,0,1129,Web,South,0
C02106,31,Male,7,1306.59,186.66,53,8.0,6,0.293,0,1496,Web,South,0
C02107,54,Female,6,1850.27,308.38,52,11.0,2,0.18,0,409,Mobile,North,1
C02108,24,Male,9,1473.33,163.7,10,5.0,4,0.227,0,1107,Web,Central,0
C02109,31,Male,8,924.44,115.56,84,10.0,2,0.317,1,776,Store,South,0
C02110,31,Female,8,1774.3,221.79,11,11.0,4,0.657,0,1379,Mobile,North,1
C02111,31,Female,12,1036.22,86.35,20,6.0,2,0.143,0,337,Mobile,Central,1
C02112,50,Male,5,474.19,94.84,89,7.0,2,0.478,0,1096,Mobile,North,1
C02113,61,Female,6,1385.56,230.93,41,7.0,4,0.296,0,1220,Web,North,1
C02114,61,Male,13,1657.68,127.51,110,6.0,4,0.418,2,774,Mobile,North,0
C02115,53,Male,3,320.28,106.76,97,10.0,1,0.238,1,669,Mobile,Central,0
C02116,27,Male,8,775.71,96.96,16,6.0,4,0.473,1,577,Web,South,1
C02117,64,Male,4,476.83,119.21,36,5.0,4,0.069,0,896,Web,South,0
C02118,44,Female,5,1056.45,211.29,30,7.0,4,0.102,0,986,Mobile,South,1
C02119,44,Male,7,838.84,119.83,32,6.0,6,0.029,1,596,Store,North,1
C02120,51,Female,5,461.77,92.35,29,11.0,5,0.384,0,1246,Mobile,Central,1
C02121,54,Male,4,925.06,231.26,19,8.0,3,0.372,2,603,Web,Central,1
C02122,63,Female,12,1130.5,94.21,103,10.0,2,0.298,1,1314,Mobile,North,0
C02123,45,Female,6,1329.04,221.51,21,15.0,1,0.267,0,1267,Web,South,1
C02124,47,Female,10,2532.3,253.23,40,8.0,2,0.564,0,444,Mobile,North,0
C02125,53,Male,9,806.59,89.62,20,5.0,4,0.031,0,78,Store,Central,1
C02126,30,Female,9,985.34,109.48,54,10.0,3,0.367,1,594,Web,North,1
C02127,32,Female,9,957.6,106.4,39,9.0,3,0.15,0,519,Mobile,South,1
C02128,48,Male,5,3195.43,639.09,31,7.0,2,0.249,0,611,Mobile,South,1
C02129,21,Male,10,677.44,67.74,103,6.0,5,0.148,0,1239,Web,South,0
C02130,33,Male,6,833.17,138.86,43,9.0,4,0.29,0,1214,Mobile,North,0
C02131,52,Male,6,875.85,145.98,46,5.0,6,0.106,1,1006,Mobile,North,0
C02132,64,Male,10,376.38,37.64,10,11.0,5,0.305,2,1275,Mobile,South,1
C02133,42,Male,7,1281.23,183.03,52,10.0,6,0.238,0,610,Store,North,1
C02134,37,Male,6,1076.21,179.37,81,3.0,2,0.38,0,1246,Mobile,North,1
C02135,39,Female,6,653.04,108.84,24,2.0,5,0.288,2,427,Store,North,1
C02136,50,Male,7,1321.48,188.78,38,16.0,1,0.086,0,312,Mobile,North,1
C02137,44,Male,4,1196.2,299.05,117,13.0,2,0.261,1,1252,Mobile,South,0
C02138,19,Female,7,452.38,64.63,30,6.0,4,0.439,2,273,Mobile,Central,0
C02139,43,Male,7,1290.08,184.3,72,11.0,1,0.021,2,1364,,Central,1
C02140,37,Male,8,228.68,28.58,40,9.0,1,0.176,0,866,Store,North,1
C02141,51,Male,4,991.94,247.98,104,11.0,7,0.479,2,1174,Mobile,North,0
C02142,60,Male,2,531.73,265.86,60,3.0,0,0.138,0,404,Web,North,1
C02143,64,Male,2,2209.99,1104.99,27,10.0,4,0.1,0,602,Web,Central,1
C02144,47,Male,7,1778.16,254.02,15,12.0,3,0.179,1,152,Store,South,0
C02145,35,Male,6,2224.55,370.76,134,5.0,3,0.059,1,1238,Mobile,North,0
C02146,39,Female,11,574.07,52.19,67,,4,0.302,0,1388,Web,North,1
C02147,26,Female,8,466.32,58.29,59,9.0,5,0.537,2,137,Web,South,0
C02148,62,Male,9,895.17,99.46,34,5.0,4,0.137,1,166,Mobile,North,0
C02149,58,Male,8,618.05,77.26,12,10.0,3,0.02,2,526,Web,South,1
C02150,58,Male,9,530.55,58.95,62,10.0,4,0.429,0,651,Mobile,Central,0
C02151,33,Female,10,1865.75,186.58,60,9.0,2,0.394,1,708,Mobile,Central,1
C02152,33,Female,5,1849.5,369.9,72,7.0,3,0.343,1,1263,Mobile,Central,0
C02153,59,Male,9,1540.76,171.2,111,6.0,3,0.535,0,68,Mobile,North,0
C02154,44,Male,5,244.56,48.91,56,13.0,3,0.358,0,1447,Store,South,0
C02155,51,Male,8,1208.32,151.04,11,9.0,3,0.477,0,1166,Mobile,Central,1
C02156,41,Female,8,790.23,98.78,76,9.0,3,0.383,1,312,Mobile,Central,0
C02157,39,Female,8,1455.37,181.92,137,5.0,1,0.235,1,1334,Web,North,0
C02158,48,Male,1,1414.33,1414.33,45,4.0,3,0.623,1,450,Mobile,South,0
C02159,57,Female,2,1117.76,558.88,43,13.0,2,0.407,2,465,Web,South,0
C02160,34,Male,10,1876.31,187.63,40,10.0,6,0.306,0,840,Web,North,1
C02161,56,Female,9,1094.03,121.56,50,11.0,3,0.066,1,523,Mobile,South,1
C02162,29,Female,12,210.22,17.52,62,9.0,4,0.321,1,271,Mobile,South,1
C02163,37,Male,3,750.83,250.28,72,7.0,5,0.298,0,1149,Mobile,Central,0
C02164,61,Male,7,578.67,82.67,30,3.0,4,0.113,1,1350,Web,Central,0
C02165,63,Female,3,462.34,154.11,32,7.0,8,0.491,1,979,Web,North,1
C02166,62,Male,9,486.25,54.03,2,13.0,1,0.227,0,869,Web,South,1
C02167,33,Female,6,684.15,114.02,10,5.0,1,0.453,0,294,Store,South,0
C02168,58,Male,7,616.22,88.03,37,12.0,1,0.31,1,430,Web,North,1
C02169,62,Female,12,1257.05,104.75,62,7.0,1,0.593,1,1017,Web,South,0
C02170,64,Male,10,553.14,55.31,35,4.0,1,0.129,0,54,Web,South,1
C02171,19,Male,5,1295.58,259.12,80,9.0,4,0.464,0,569,Mobile,South,0
C02172,53,Male,6,1627.92,271.32,28,9.0,3,0.273,1,1070,Store,Central,1
C02173,65,Male,12,1276.68,106.39,30,7.0,2,0.313,0,1498,Mobile,Central,1
C02174,54,Male,6,1006.95,167.82,98,3.0,5,0.124,0,722,Mobile,North,0
C02175,29,Female,8,1360.98,170.12,61,6.0,4,0.01,1,297,Mobile,South,0
C02176,54,Male,12,472.69,39.39,89,11.0,0,0.223,2,596,Store,North,1
C02177,23,Male,8,238.54,29.82,63,7.0,5,0.308,0,1336,Web,North,1
C02178,41,Male,5,1398.77,279.75,52,6.0,1,0.17,0,1066,Web,South,1
C02179,48,Male,7,1087.01,155.29,62,5.0,2,0.165,0,1270,Mobile,South,0
C02180,39,Female,4,2318.09,579.52,18,13.0,3,0.445,3,497,Mobile,Central,1
C02181,51,Female,7,1645.47,235.07,6,10.0,5,0.04,1,863,Web,South,1
C02182,29,Male,7,752.54,107.51,16,4.0,1,0.364,1,280,Mobile,South,1
C02183,47,Female,4,817.16,204.29,10,6.0,4,0.265,2,1289,Web,Central,0
C02184,48,Female,8,1030.79,128.85,60,,2,0.422,1,1400,Mobile,North,1
C02185,48,Female,7,847.03,121.0,99,7.0,5,0.04,2,331,Store,Central,1
C02186,31,Male,6,1015.83,169.3,17,9.0,3,0.298,2,694,Store,Central,1
C02187,32,Male,1,636.83,636.83,57,2.0,1,0.204,0,589,Web,South,0
C02188,30,Male,4,1496.58,374.14,124,9.0,2,0.215,0,129,Mobile,Central,0
C02189,40,Female,13,1231.84,94.76,86,7.0,2,0.165,0,593,Mobile,North,1
C02190,46,Female,6,890.47,148.41,65,7.0,2,0.361,1,840,Web,North,0
C02191,35,Male,5,424.75,84.95,49,10.0,3,0.356,0,928,Mobile,North,1
C02192,37,Male,5,881.1,176.22,61,4.0,5,0.304,0,773,Mobile,North,0
C02193,31,Female,6,1131.88,188.65,54,3.0,2,0.318,0,623,Store,South,1
C02194,28,Female,9,847.43,94.16,43,5.0,5,0.223,0,1458,Web,Central,1
C02195,49,Male,5,726.76,145.35,20,11.0,4,0.546,2,66,Mobile,Central,0
C02196,57,Female,3,176.05,58.68,29,6.0,0,0.337,0,779,Mobile,South,0
C02197,31,Male,6,3262.75,543.79,58,12.0,5,0.064,0,1364,Mobile,South,0
C02198,59,Male,6,521.61,86.94,94,3.0,2,0.102,0,1127,Mobile,Central,0
C02199,45,Female,4,1170.94,292.74,18,8.0,0,0.365,0,124,Web,South,1
C02200,26,Female,7,462.53,66.08,165,5.0,1,0.329,0,957,Mobile,North,0
C02201,35,Female,9,1108.21,123.13,9,17.0,4,0.356,0,332,Store,Central,1
C02202,18,Male,6,1175.62,195.94,23,7.0,2,0.091,1,505,Mobile,South,0
C02203,19,Male,5,770.22,154.04,60,3.0,1,0.338,0,190,Mobile,North,0
C02204,34,Male,8,844.38,105.55,76,9.0,3,0.284,0,463,Store,South,0
C02205,39,Male,11,603.38,54.85,30,8.0,1,0.377,1,1326,Mobile,North,1
C02206,56,Male,9,3263.06,362.56,50,3.0,2,0.263,0,635,Store,North,1
C02207,24,Male,7,1556.79,222.4,43,6.0,5,0.144,0,507,Web,North,1
C02208,58,Male,9,1010.42,112.27,37,13.0,3,0.342,2,1404,,North,0
C02209,29,Male,7,648.21,92.6,23,7.0,5,0.648,1,407,Mobile,South,1
C02210,24,Male,4,1463.87,365.97,59,11.0,2,0.32,2,193,Store,North,0
C02211,51,Female,10,1473.24,147.32,61,12.0,1,0.431,2,290,Web,Central,1
C02212,55,Male,3,469.17,156.39,48,7.0,2,0.249,1,1283,Store,Central,0
C02213,47,Female,3,295.67,98.56,81,4.0,4,0.438,1,1227,Mobile,North,0
C02214,23,Female,7,642.75,91.82,59,8.0,5,0.371,1,1224,Web,South,0
C02215,23,Female,5,622.87,124.57,26,12.0,3,0.288,1,387,Mobile,Central,0
C02216,36,Male,7,319.55,45.65,125,15.0,5,0.218,0,1052,Store,Central,0
C02217,39,Male,9,518.48,57.61,69,15.0,3,0.142,1,1115,Web,South,1
C02218,65,Female,7,428.4,61.2,38,8.0,3,,0,1057,Store,South,1
C02219,31,Female,11,1893.01,172.09,34,13.0,4,0.12,1,793,Mobile,Central,1
C02220,27,Male,6,1132.95,188.82,33,6.0,3,0.327,0,337,Store,South,0
C02221,63,Male,6,1223.43,203.9,19,8.0,3,0.049,0,561,Mobile,Central,1
C02222,25,Female,8,1524.06,190.51,29,,6,0.669,1,1434,Web,North,1
C02223,19,Male,9,455.47,50.61,54,8.0,0,0.115,1,845,Store,North,0
C02224,38,Female,7,1237.63,176.8,71,9.0,3,0.7,1,664,Store,South,0
C02225,37,Male,5,718.25,143.65,115,8.0,2,0.497,0,122,Web,South,0
C02226,47,Male,8,1890.64,236.33,39,6.0,0,0.241,1,526,Web,South,1
C02227,60,Female,11,1730.49,157.32,57,7.0,4,0.166,2,734,Store,South,0
C02228,62,Male,8,2118.1,264.76,57,10.0,3,0.426,1,1143,Web,North,0
C02229,31,Female,6,491.37,81.9,28,9.0,2,0.353,0,1218,Web,South,1
C02230,65,Male,9,853.64,94.85,66,3.0,3,0.109,1,1193,Web,South,0
C02231,48,Male,13,614.89,47.3,14,6.0,3,0.311,0,461,Mobile,South,1
C02232,21,Female,10,580.3,58.03,45,11.0,2,0.276,1,372,Mobile,South,0
C02233,63,Male,4,635.7,158.93,38,5.0,3,0.304,2,227,Mobile,North,1
C02234,24,Male,6,1400.24,233.37,30,6.0,1,0.121,0,1370,Mobile,North,0
C02235,46,Female,9,595.4,66.16,61,8.0,2,0.272,0,990,Mobile,North,0
C02236,55,Female,5,520.04,104.01,116,,4,0.306,0,530,Web,South,0
C02237,29,Female,4,584.66,146.16,88,6.0,3,0.466,2,569,Web,South,0
C02238,30,Male,7,338.63,48.38,56,5.0,5,0.019,2,712,Web,South,0
C02239,40,Male,7,601.43,85.92,83,7.0,2,0.36,1,937,Web,South,0
C02240,60,Female,8,1765.77,220.72,139,11.0,2,0.218,1,302,Web,South,0
C02241,28,Male,7,2789.28,398.47,27,7.0,6,0.402,1,401,Web,North,1
C02242,49,Male,5,727.17,145.43,45,8.0,2,0.386,2,672,Web,North,0
C02243,39,Female,6,1825.59,304.26,65,6.0,5,0.087,1,324,Store,North,0
C02244,23,Male,7,2353.01,336.14,69,9.0,2,0.039,3,1107,Mobile,South,0
C02245,52,Male,7,1709.53,244.22,39,9.0,2,0.195,1,851,,North,1
C02246,57,Male,5,227.04,45.41,56,15.0,2,0.047,1,106,Store,North,0
C02247,45,Male,4,718.03,179.51,41,9.0,5,0.238,1,381,Mobile,South,0
C02248,26,Female,6,2048.93,341.49,47,9.0,5,0.102,1,353,Mobile,North,1
C02249,25,Female,10,1442.03,144.2,10,8.0,3,0.199,0,779,Mobile,South,1
C02250,38,Male,8,1629.73,203.72,115,7.0,3,0.496,1,1093,Store,South,1
C02251,42,Male,6,942.97,157.16,8,9.0,6,0.156,1,57,Mobile,North,0
C02252,44,Female,7,1148.49,164.07,32,6.0,6,0.291,2,536,Web,North,0
C02253,29,Male,3,779.35,259.78,71,9.0,0,0.286,1,842,Web,Central,0
C02254,42,Female,7,1809.98,258.57,95,14.0,2,0.382,2,315,Web,North,0
C02255,32,Female,5,786.39,157.28,40,14.0,3,0.505,1,590,Mobile,North,0
C02256,50,Female,11,1040.4,94.58,77,4.0,3,0.571,0,123,Store,South,1
C02257,56,Male,5,639.66,127.93,45,9.0,4,0.128,1,231,Web,South,1
C02258,49,Female,6,526.08,87.68,60,7.0,1,0.508,1,809,Store,North,0
C02259,18,Male,5,1901.58,380.32,33,8.0,3,,0,568,Mobile,North,0
C02260,65,Female,5,1786.6,357.32,72,9.0,3,0.342,0,159,Web,North,0
C02261,19,Female,7,586.85,83.84,17,7.0,3,0.393,1,623,Store,North,0
C02262,65,Female,7,1168.82,166.97,161,5.0,3,0.421,0,371,Web,South,0
C02263,19,Female,5,1780.15,356.03,29,4.0,3,0.214,0,986,Mobile,North,1
C02264,42,Female,9,3085.53,342.84,19,8.0,4,0.458,1,758,Store,North,1
C02265,23,Male,9,1230.26,136.7,48,7.0,4,0.227,0,896,Mobile,Central,0
C02266,22,Male,4,1729.92,432.48,37,8.0,1,0.713,1,62,Web,Central,0
C02267,50,Female,8,1714.09,214.26,114,7.0,1,0.519,2,642,Store,South,0
C02268,52,Female,6,1575.95,262.66,144,12.0,3,0.413,0,563,Store,North,0
C02269,23,Male,4,265.38,66.34,30,8.0,5,0.069,2,161,Mobile,South,1
C02270,64,Female,6,1139.02,189.84,65,,4,0.218,2,54,Mobile,South,1
C02271,33,Female,11,794.0,72.18,60,13.0,6,0.201,0,1382,Mobile,South,0
C02272,33,Male,2,511.15,255.58,64,8.0,2,0.308,0,659,Web,South,0
C02273,32,Male,4,465.54,116.38,23,10.0,3,0.522,0,560,Web,North,1
C02274,40,Male,10,641.88,64.19,22,4.0,5,0.287,0,205,Store,North,1
C02275,26,Male,8,2022.38,252.8,51,14.0,2,0.704,1,544,Mobile,North,0
C02276,38,Male,12,452.53,37.71,62,4.0,2,0.132,0,943,Mobile,North,1
C02277,28,Male,8,1586.3,198.29,16,7.0,1,0.337,0,1075,Web,Central,0
C02278,20,Male,5,2290.02,458.0,32,8.0,3,0.691,1,869,Mobile,North,0
C02279,35,Male,3,639.96,213.32,43,6.0,2,0.133,1,1362,Mobile,South,0
C02280,50,Female,2,2182.99,1091.49,98,7.0,3,0.619,0,628,Mobile,South,0
C02281,54,Male,7,1825.04,260.72,81,9.0,2,0.064,0,580,Web,Central,0
C02282,34,Female,6,777.51,129.58,112,3.0,3,0.188,1,869,Web,North,0
C02283,33,Female,4,1068.2,267.05,47,11.0,2,0.019,0,1429,Mobile,North,0
C02284,55,Female,8,567.12,70.89,35,9.0,4,0.264,1,498,Web,South,0
C02285,50,Female,11,910.32,82.76,108,8.0,2,0.123,1,1470,Web,South,1
C02286,57,Female,8,4037.67,504.71,46,6.0,0,0.196,0,239,Web,Central,0
C02287,61,Male,10,1028.16,102.82,72,5.0,5,0.345,3,1179,Mobile,South,0
C02288,57,Female,5,685.73,137.15,8,7.0,6,0.263,0,958,Mobile,South,1
C02289,62,Male,4,272.0,68.0,45,11.0,2,0.445,0,1212,Mobile,North,0
C02290,37,Female,10,1230.39,123.04,47,9.0,0,0.283,0,827,Mobile,North,1
C02291,36,Female,6,503.12,83.85,46,9.0,2,0.395,1,455,,North,0
C02292,33,Male,4,392.12,98.03,51,5.0,4,0.267,1,1224,Store,South,1
C02293,29,Male,8,1213.18,151.65,106,11.0,3,0.251,0,577,Web,Central,0
C02294,53,Female,7,554.71,79.24,33,6.0,5,0.239,1,240,,South,0
C02295,52,Male,6,1620.44,270.07,81,8.0,3,0.351,0,1018,Store,North,0
C02296,56,Male,8,250.95,31.37,14,10.0,4,0.054,5,110,Mobile,North,1
C02297,26,Male,5,1380.93,276.19,15,9.0,4,0.327,0,1188,Mobile,Central,1
C02298,41,Male,9,2521.69,280.19,23,9.0,3,0.317,1,948,Web,North,1
C02299,28,Female,9,1289.05,143.23,28,8.0,1,,0,873,Mobile,South,1
C02300,60,Female,5,1679.31,335.86,80,7.0,1,0.356,0,480,Web,North,0
C02301,30,Male,8,607.21,75.9,51,9.0,6,0.113,1,108,Web,North,0
C02302,24,Male,8,1721.46,215.18,11,13.0,4,0.071,0,935,Mobile,South,1
C02303,45,Male,5,1276.98,255.4,55,10.0,1,0.115,1,1021,Mobile,South,0
C02304,60,Male,5,1087.77,217.55,55,14.0,3,0.207,1,33,Web,Central,1
C02305,61,Female,6,2037.14,339.52,1,14.0,1,0.07,0,754,Web,Central,1
C02306,22,Female,8,1439.85,179.98,112,7.0,3,0.226,0,960,Web,South,0
C02307,33,Male,10,524.35,52.44,26,9.0,5,0.379,0,1283,Web,North,1
C02308,25,Female,7,765.91,109.42,80,9.0,2,0.072,0,229,Web,South,1
C02309,32,Male,7,2320.83,331.55,68,8.0,3,0.391,1,205,Mobile,South,1
C02310,43,Female,3,484.17,161.39,19,8.0,2,0.296,0,720,Web,Central,0
C02311,31,Female,2,484.17,242.08,99,7.0,3,0.043,2,796,Web,North,0
C02312,21,Female,5,1611.84,322.37,61,6.0,0,0.237,1,349,Web,North,0
C02313,42,Female,8,746.43,93.3,98,7.0,4,0.074,1,37,Store,Central,0
C02314,20,Female,3,2557.51,852.5,132,7.0,1,0.037,0,674,Mobile,South,0
C02315,28,Male,1,1461.56,1461.56,23,7.0,2,0.01,0,977,Mobile,South,0
C02316,18,Male,7,791.41,113.06,58,3.0,5,0.339,0,1102,Store,North,0
C02317,22,Male,4,1280.67,320.17,14,7.0,1,0.296,0,470,Mobile,South,1
C02318,38,Female,6,610.71,101.79,98,7.0,5,0.104,0,924,Mobile,South,0
C02319,58,Female,4,2801.73,700.43,10,6.0,1,0.463,0,1419,,South,0
C02320,55,Female,5,1114.55,222.91,17,7.0,4,0.152,1,478,Store,South,1
C02321,22,Female,6,841.51,140.25,31,8.0,2,0.127,0,602,Web,South,1
C02322,19,Male,5,681.21,136.24,46,6.0,1,0.315,1,1054,Web,South,1
C02323,34,Female,5,514.29,102.86,82,8.0,2,0.257,0,703,Mobile,North,0
C02324,49,Female,4,566.71,141.68,12,4.0,6,0.169,0,1018,Store,South,1
C02325,53,Male,8,641.49,80.19,58,13.0,1,0.304,0,120,Store,South,0
C02326,57,Male,3,334.09,111.36,30,8.0,2,0.565,2,1210,Mobile,North,1
C02327,34,Male,4,788.86,197.22,45,9.0,1,0.053,0,244,Mobile,North,0
C02328,26,Male,6,889.26,148.21,110,8.0,2,0.228,2,667,Web,South,0
C02329,19,Female,8,1297.68,162.21,51,4.0,4,0.311,0,1171,Mobile,North,0
C02330,25,Female,13,583.35,44.87,68,5.0,1,0.07,1,955,Mobile,North,0
C02331,21,Female,8,551.79,68.97,7,12.0,4,0.077,2,775,Web,Central,1
C02332,59,Male,9,947.34,105.26,26,7.0,2,0.068,1,1475,Mobile,North,1
C02333,30,Female,3,845.94,281.98,47,9.0,1,0.128,2,50,Mobile,North,0
C02334,57,Female,12,1233.07,102.76,14,9.0,2,0.131,1,458,Mobile,South,1
C02335,44,Male,7,261.17,37.31,10,4.0,1,0.31,2,748,Web,South,1
C02336,43,Female,13,1286.11,98.93,26,8.0,3,0.374,0,471,Web,North,1
C02337,39,Male,9,937.86,104.21,47,9.0,1,0.353,1,399,Web,North,1
C02338,57,Male,5,167.7,33.54,79,9.0,2,0.055,1,1091,Mobile,North,0
C02339,20,Male,3,800.67,266.89,79,5.0,0,0.164,1,1127,Mobile,South,0
C02340,22,Male,7,1557.16,222.45,42,5.0,4,0.257,0,1433,Web,South,1
C02341,38,Female,9,1015.49,112.83,51,,4,0.341,1,1340,Store,Central,1
C02342,36,Male,9,858.95,95.44,13,9.0,4,0.537,1,568,Mobile,Central,1
C02343,44,Male,6,599.51,99.92,152,4.0,2,0.375,1,787,Web,Central,0
C02344,53,Male,12,258.51,21.54,119,11.0,4,0.407,0,1322,Mobile,South,1
C02345,46,Male,8,977.12,122.14,60,3.0,7,0.044,1,964,Mobile,South,0
C02346,30,Male,5,1784.32,356.86,37,5.0,2,0.246,2,438,Store,South,0
C02347,33,Male,11,2320.48,210.95,96,3.0,1,0.386,2,1474,Mobile,South,1
C02348,54,Female,7,469.55,67.08,153,7.0,5,0.035,0,546,Web,Central,0
C02349,27,Male,8,1036.58,129.57,66,10.0,3,0.238,1,1137,Store,Central,0
C02350,42,Female,4,1073.81,268.45,80,7.0,4,0.34,0,1469,Mobile,South,0
C02351,43,Male,9,720.55,80.06,31,7.0,3,0.343,0,245,Web,North,0
C02352,54,Female,5,1803.38,360.68,15,13.0,1,0.386,1,486,Mobile,North,0
C02353,52,Female,6,1102.12,183.69,43,11.0,7,0.402,1,1378,Mobile,South,0
C02354,40,Male,4,373.13,93.28,72,13.0,4,0.559,0,1063,Web,South,0
C02355,32,Male,7,869.99,124.28,12,8.0,3,0.184,2,758,Mobile,South,1
C02356,35,Female,4,1620.96,405.24,145,7.0,1,0.091,0,717,Web,South,0
C02357,37,Male,6,409.55,68.26,69,6.0,2,0.115,0,388,,South,0
C02358,28,Female,7,939.44,134.21,80,9.0,2,0.205,1,368,Mobile,Central,0
C02359,48,Male,6,987.85,164.64,7,12.0,4,0.419,1,476,Store,Central,1
C02360,28,Male,11,1103.34,100.3,32,16.0,2,0.33,1,59,Web,North,1
C02361,49,Female,8,1479.09,184.89,51,3.0,4,0.507,0,1497,Web,Central,0
C02362,54,Female,4,652.63,163.16,18,3.0,4,0.29,2,993,,South,1
C02363,64,Male,5,2565.69,513.14,185,7.0,5,,2,731,Web,North,0
C02364,23,Female,6,1191.62,198.6,114,7.0,3,0.193,0,1440,Web,North,0
C02365,54,Female,4,3041.57,760.39,53,12.0,0,0.335,0,487,Mobile,South,0
C02366,22,Male,5,727.04,145.41,87,2.0,2,0.382,1,63,Web,South,1
C02367,34,Male,10,1342.74,134.27,38,13.0,4,0.092,1,56,Mobile,South,1
C02368,26,Male,8,65.41,8.18,101,10.0,4,0.152,1,1129,Mobile,North,0
C02369,25,Male,8,2698.66,337.33,44,12.0,1,0.639,0,688,Mobile,Central,0
C02370,26,Female,4,1228.51,307.13,139,7.0,4,0.58,1,313,Store,North,0
C02371,20,Male,8,725.14,90.64,29,6.0,1,0.278,1,448,Web,South,1
C02372,57,Male,4,315.85,78.96,15,5.0,6,0.415,0,1290,Mobile,South,0
C02373,20,Female,9,1245.4,138.38,47,7.0,2,0.157,0,264,Mobile,South,0
C02374,37,Female,7,667.96,95.42,27,8.0,4,0.078,1,721,Store,South,1
C02375,51,Female,7,1749.13,249.88,67,11.0,4,0.083,0,299,Mobile,South,1
C02376,65,Female,6,2512.16,418.69,23,9.0,1,0.405,0,528,Mobile,North,0
C02377,58,Male,9,1118.33,124.26,186,9.0,2,0.074,0,484,Mobile,Central,0
C02378,24,Female,5,1596.87,319.37,14,13.0,1,0.074,1,223,Web,South,0
C02379,65,Male,8,805.96,100.74,69,8.0,4,0.372,2,49,Mobile,South,0
C02380,49,Male,4,139.78,34.94,37,1.0,4,0.185,0,528,Mobile,North,0
C02381,26,Male,9,1302.69,144.74,126,10.0,5,0.143,1,449,Store,North,0
C02382,39,Female,4,1515.69,378.92,39,9.0,2,0.388,0,1323,Web,South,0
C02383,62,Female,10,815.99,81.6,38,6.0,5,0.201,1,1283,Web,South,1
C02384,36,Male,6,282.53,47.09,36,6.0,1,0.461,0,616,Web,North,0
C02385,26,Female,12,663.97,55.33,71,17.0,2,0.229,0,429,Store,North,1
C02386,60,Female,9,1259.24,139.92,35,12.0,4,0.202,0,270,Store,North,1
C02387,63,Male,6,795.33,132.56,31,8.0,3,0.386,0,900,Mobile,Central,0
C02388,64,Female,6,869.95,144.99,14,5.0,0,0.276,2,1425,Web,Central,1
C02389,63,Male,9,2293.5,254.83,24,10.0,2,0.184,2,1310,Web,South,1
C02390,59,Female,3,1219.27,406.42,85,6.0,1,0.454,1,327,Web,South,0
C02391,39,Male,12,2927.85,243.99,27,5.0,1,0.282,1,1430,Web,Central,1
C02392,27,Male,5,353.23,70.65,55,4.0,3,0.432,0,1004,Store,South,1
C02393,47,Male,7,292.75,41.82,8,6.0,3,0.181,2,967,Mobile,North,1
C02394,28,Male,8,1442.38,180.3,82,11.0,4,0.239,0,621,Mobile,South,1
C02395,40,Female,8,1880.3,235.04,212,4.0,5,0.291,2,1052,Web,North,0
C02396,49,Female,9,1403.44,155.94,18,0.0,4,0.122,1,287,Mobile,South,0
C02397,63,Male,10,3353.3,335.33,22,6.0,3,0.611,1,751,Mobile,North,1
C02398,31,Female,7,2355.47,336.5,40,9.0,4,0.119,0,436,Web,South,1
C02399,30,Female,5,1984.01,396.8,10,7.0,4,0.193,0,1245,Mobile,South,1
C02400,53,Female,6,588.61,98.1,19,6.0,4,0.174,0,878,Mobile,Central,1
C02401,18,Female,7,546.03,78.0,79,4.0,3,0.668,1,999,Store,South,0
C02402,45,Male,4,2033.99,508.5,48,5.0,6,0.18,1,1292,Store,North,1
C02403,53,Male,5,863.86,172.77,48,11.0,5,0.165,0,62,Web,North,1
C02404,44,Female,5,1705.78,341.16,8,4.0,2,0.199,0,954,Store,South,1
C02405,36,Female,5,863.83,172.77,14,4.0,2,0.167,0,444,Store,North,1
C02406,57,Female,15,248.74,16.58,33,10.0,2,0.169,0,585,Web,South,1
C02407,35,Female,9,2135.55,237.28,113,13.0,4,0.281,0,189,Web,North,0
C02408,52,Male,5,1476.81,295.36,32,12.0,4,0.129,2,1200,Mobile,South,1
C02409,40,Female,4,675.46,168.86,57,7.0,7,0.253,0,1181,Web,North,0
C02410,19,Male,12,159.5,13.29,27,5.0,0,0.089,0,98,Store,South,0
C02411,43,Male,9,2846.48,316.28,48,7.0,1,0.286,1,222,Store,Central,1
C02412,20,Male,3,1692.58,564.19,150,8.0,2,0.368,1,608,Web,South,0
C02413,62,Male,6,1535.47,255.91,64,11.0,3,0.047,0,313,Mobile,North,0
C02414,46,Female,12,1754.44,146.2,39,4.0,1,0.091,0,1183,Web,Central,1
C02415,35,Male,7,395.48,56.5,76,8.0,0,0.116,1,1143,Store,South,0
C02416,41,Female,7,2357.27,336.75,74,17.0,5,0.145,2,1440,Web,North,0
C02417,47,Female,8,9.1,1.14,69,17.0,1,0.109,0,1266,Web,South,0
C02418,30,Female,13,569.41,43.8,32,13.0,6,0.104,0,1438,Web,North,1
C02419,31,Female,9,645.87,71.76,11,7.0,1,0.101,2,1490,Mobile,Central,1
C02420,38,Male,10,626.98,62.7,43,4.0,3,0.451,0,491,Mobile,South,1
C02421,30,Male,8,931.79,116.47,20,10.0,4,0.349,0,51,Web,North,0
C02422,54,Male,6,1626.42,271.07,17,7.0,3,0.214,3,957,Web,North,1
C02423,22,Male,6,394.82,65.8,56,13.0,2,0.197,2,409,Mobile,Central,0
C02424,57,Female,6,301.56,50.26,47,4.0,1,0.152,2,892,Web,South,0
C02425,34,Male,6,1835.36,305.89,75,6.0,0,0.111,0,1488,Mobile,Central,1
C02426,44,Male,5,773.27,154.65,68,10.0,3,0.267,0,196,Mobile,South,0
C02427,25,Male,4,605.58,151.4,74,8.0,2,0.458,1,60,Mobile,South,0
C02428,36,Female,9,2549.4,283.27,193,6.0,4,0.524,0,304,Web,South,0
C02429,54,Female,2,1716.96,858.48,32,4.0,4,0.344,0,737,Web,South,0
C02430,30,Male,8,571.29,71.41,65,12.0,2,0.033,0,1489,Mobile,Central,0
C02431,24,Female,7,128.56,18.37,55,7.0,0,0.349,1,808,Web,Central,0
C02432,43,Female,6,1132.71,188.78,8,8.0,3,0.289,0,613,Web,South,1
C02433,25,Female,4,584.26,146.06,42,5.0,1,,0,340,Mobile,North,0
C02434,33,Male,8,1685.06,210.63,18,8.0,2,0.077,0,739,Mobile,South,1
C02435,39,Female,4,1762.67,440.67,85,9.0,4,0.56,0,1225,Mobile,North,0
C02436,45,Male,7,914.45,130.64,31,7.0,2,0.158,1,1334,Store,North,0
C02437,48,Male,7,675.78,96.54,24,8.0,3,0.32,1,830,Web,North,0
C02438,50,Female,8,940.26,117.53,110,9.0,4,0.568,1,1078,Mobile,South,0
C02439,58,Female,11,835.03,75.91,60,11.0,2,0.309,0,744,Mobile,North,0
C02440,21,Male,5,1345.51,269.1,70,6.0,1,0.134,1,1292,Web,Central,0
C02441,35,Female,6,971.36,161.89,56,8.0,4,0.235,1,1417,Web,Central,1
C02442,18,Male,7,1366.61,195.23,19,12.0,2,0.459,0,431,Mobile,South,1
C02443,18,Female,11,876.22,79.66,13,6.0,1,0.404,0,913,Mobile,Central,1
C02444,28,Female,6,576.37,96.06,69,8.0,3,0.239,1,404,Mobile,Central,0
C02445,46,Female,6,1104.91,184.15,102,12.0,2,0.452,2,1330,Mobile,North,0
C02446,60,Female,6,648.15,108.02,39,10.0,4,0.433,1,1230,Web,Central,1
C02447,55,Female,7,2187.02,312.43,105,6.0,6,0.136,1,1120,Mobile,Central,0
C02448,49,Female,9,1288.74,143.19,39,4.0,4,0.142,1,1390,Mobile,South,1
C02449,55,Female,5,616.19,123.24,33,8.0,3,0.308,0,298,Web,North,0
C02450,26,Female,9,1339.14,148.79,53,5.0,2,0.221,0,1026,Mobile,South,1
C02451,58,Male,4,1347.64,336.91,23,6.0,4,0.131,1,1093,Mobile,North,1
C02452,60,Female,7,1184.16,169.17,79,7.0,1,0.218,0,489,Web,North,0
C02453,22,Male,5,666.36,133.27,109,10.0,2,0.403,0,85,Mobile,South,0
C02454,40,Female,6,1709.4,284.9,20,12.0,0,0.406,1,615,Mobile,North,1
C02455,57,Male,5,1718.23,343.65,32,10.0,2,0.635,0,1064,Mobile,South,1
C02456,40,Male,7,554.17,79.17,108,6.0,4,0.509,1,754,Mobile,North,0
C02457,58,Female,4,413.48,103.37,27,7.0,3,0.222,0,1352,Web,North,0
C02458,62,Male,7,723.12,103.3,26,7.0,1,0.294,1,982,Mobile,South,0
C02459,40,Male,7,1443.91,206.27,136,10.0,1,0.062,2,1274,Mobile,South,0
C02460,20,Female,11,709.41,64.49,155,4.0,1,0.394,0,461,Mobile,South,0
C02461,34,Male,5,1350.94,270.19,57,8.0,2,0.251,1,1156,Mobile,South,0
C02462,28,Male,3,1707.67,569.22,54,9.0,2,0.203,0,476,Store,Central,0
C02463,40,Female,5,338.85,67.77,158,3.0,5,0.181,1,169,Mobile,North,0
C02464,46,Male,4,1659.88,414.97,112,9.0,2,0.143,0,1460,Store,South,0
C02465,40,Male,8,919.88,114.98,162,11.0,3,0.323,0,953,Mobile,South,0
C02466,27,Male,7,2995.51,427.93,30,9.0,5,0.009,2,1138,Mobile,North,1
C02467,32,Male,4,896.6,224.15,37,8.0,3,0.008,0,976,Store,South,0
C02468,50,Male,4,634.92,158.73,7,4.0,3,0.164,1,681,Web,Central,1
C02469,19,Male,9,1258.9,139.88,8,5.0,1,0.292,0,342,Store,South,1
C02470,28,Female,7,1305.78,186.54,10,8.0,8,0.389,2,653,Web,South,0
C02471,60,Female,10,3365.52,336.55,38,4.0,2,0.311,0,278,Web,South,1
C02472,22,Male,5,799.61,159.92,23,11.0,1,0.034,1,94,Web,North,1
C02473,37,Male,8,888.91,111.11,56,6.0,1,0.237,1,1415,Mobile,Central,0
C02474,27,Female,11,707.86,64.35,28,7.0,1,0.479,1,1482,Mobile,Central,1
C02475,23,Female,6,1136.5,189.42,125,6.0,6,0.145,0,927,Web,South,0
C02476,38,Male,6,886.93,147.82,21,12.0,6,0.283,0,739,Mobile,South,0
C02477,43,Male,4,895.5,223.88,6,5.0,3,0.107,0,139,Mobile,North,1
C02478,26,Male,5,2464.01,492.8,13,8.0,2,0.211,0,736,Web,South,0
C02479,21,Female,8,691.16,86.4,114,12.0,2,0.425,1,980,Web,Central,0
C02480,24,Female,3,1266.27,422.09,21,6.0,5,0.124,2,314,Mobile,North,0
C02481,49,Female,4,2362.45,590.61,82,8.0,4,0.261,1,360,Mobile,North,0
C02482,59,Male,4,802.88,200.72,55,7.0,4,0.429,2,936,Web,South,0
C02483,26,Male,4,903.49,225.87,103,3.0,4,0.079,1,1226,Web,Central,0
C02484,33,Male,11,944.92,85.9,135,11.0,3,0.383,0,1494,,North,0
C02485,34,Male,3,443.23,147.74,59,10.0,4,0.119,0,931,Mobile,South,0
C02486,35,Male,8,847.76,105.97,60,3.0,2,0.441,0,1002,Mobile,Central,0
C02487,29,Female,5,422.2,84.44,3,3.0,2,0.27,2,976,Store,South,1
C02488,20,Male,7,2913.79,416.26,52,9.0,4,0.195,0,1442,Web,South,1
C02489,43,Female,10,747.21,74.72,32,7.0,4,0.257,1,332,Store,North,1
C02490,35,Male,9,1717.93,190.88,75,4.0,6,0.637,1,1220,Web,North,1
C02491,34,Male,6,1113.48,185.58,83,8.0,2,0.266,0,603,Mobile,South,0
C02492,30,Female,3,557.35,185.78,15,9.0,2,0.25,0,1467,Mobile,South,0
C02493,62,Female,3,834.05,278.02,43,9.0,5,0.058,0,440,Store,South,0
C02494,47,Male,9,665.18,73.91,120,13.0,2,0.287,1,203,Web,North,0
C02495,38,Female,7,601.26,85.89,83,3.0,6,0.105,0,868,Mobile,North,0
C02496,27,Male,5,687.04,137.41,64,8.0,3,0.119,1,668,Store,North,0
C02497,56,Male,11,1237.02,112.46,71,7.0,3,0.222,1,183,Mobile,South,1
C02498,60,Male,5,1307.07,261.41,2,10.0,2,0.589,1,1258,Mobile,South,0
C02499,19,Male,5,1279.41,255.88,49,6.0,3,0.372,0,34,Web,South,0
C02500,62,Female,5,1234.64,246.93,27,14.0,3,0.214,1,353,Mobile,Central,0
C02501,51,Male,9,1299.15,144.35,135,6.0,2,0.371,0,911,Store,Central,0
C02502,22,Female,3,682.3,227.43,193,10.0,5,0.042,1,919,Store,North,0
C02503,54,Female,6,1455.1,242.52,28,1.0,5,0.467,0,52,Mobile,Central,0
C02504,23,Male,7,571.97,81.71,147,7.0,4,0.454,0,307,Mobile,North,0
C02505,20,Male,5,716.76,143.35,79,11.0,3,0.151,2,1401,Mobile,North,0
C02506,23,Male,7,253.92,36.27,3,8.0,1,0.292,1,749,Store,South,1
C02507,40,Female,8,526.85,65.86,122,9.0,3,0.471,2,826,Web,Central,0
C02508,47,Female,3,1292.8,430.93,102,9.0,5,0.334,1,774,Web,Central,0
C02509,37,Female,9,1377.3,153.03,49,8.0,1,0.168,0,1176,Store,South,1
C02510,23,Male,7,1937.11,276.73,79,6.0,2,0.454,0,412,Mobile,South,0
C02511,27,Male,8,543.84,67.98,86,14.0,3,0.35,0,597,Store,South,0
C02512,58,Female,9,582.3,64.7,134,10.0,3,0.244,1,995,Store,South,0
C02513,64,Male,7,458.6,65.51,136,9.0,1,0.125,0,646,Mobile,South,0
C02514,54,Female,13,1315.02,101.16,35,8.0,2,0.082,1,99,Web,South,1
C02515,22,Male,6,500.99,83.5,25,11.0,2,0.233,1,870,Web,South,1
C02516,57,Male,6,1904.19,317.36,27,15.0,2,0.629,2,1048,Mobile,North,1
C02517,51,Female,6,691.36,115.23,24,8.0,1,0.338,1,732,Mobile,South,0
C02518,43,Female,7,962.91,137.56,36,10.0,3,0.032,0,799,Web,South,1
C02519,24,Female,6,1107.47,184.58,37,9.0,3,0.568,0,807,Mobile,South,1
C02520,65,Male,4,1908.81,477.2,22,6.0,5,0.087,0,239,Mobile,South,1
C02521,39,Female,3,2465.04,821.68,43,6.0,1,0.089,2,57,Web,South,0
C02522,20,Female,7,1202.09,171.73,121,8.0,5,0.164,0,339,Web,North,1
C02523,28,Female,5,1486.17,297.23,51,8.0,4,0.212,2,295,Web,South,1
C02524,37,Female,5,527.93,105.59,15,9.0,3,0.676,0,204,Mobile,North,0
C02525,20,Female,10,2324.04,232.4,29,9.0,3,0.26,0,1272,Web,North,1
C02526,33,Female,5,1528.0,305.6,159,4.0,2,0.191,1,1300,Mobile,South,0
C02527,40,Male,7,3838.9,548.41,117,12.0,2,0.549,0,952,Mobile,North,0
C02528,63,Male,7,1003.44,143.35,23,9.0,1,0.028,0,1247,Mobile,North,0
C02529,22,Female,8,579.51,72.44,135,5.0,1,0.182,0,679,Store,South,0
C02530,45,Male,9,799.98,88.89,88,12.0,6,0.283,0,1000,Mobile,South,1
C02531,61,Male,9,1880.39,208.93,150,7.0,9,0.714,0,1300,Web,Central,0
C02532,56,Female,2,2340.62,1170.31,9,7.0,4,0.091,0,999,Web,Central,1
C02533,62,Male,4,2918.87,729.72,30,14.0,3,0.046,0,392,Mobile,South,1
C02534,26,Female,13,608.54,46.81,92,8.0,2,0.049,1,1321,Mobile,South,1
C02535,56,Female,10,372.15,37.21,69,3.0,3,0.307,2,140,Store,South,0
C02536,64,Male,8,925.62,115.7,141,7.0,3,0.248,2,847,Mobile,Central,0
C02537,33,Female,5,525.24,105.05,104,8.0,5,0.503,0,1292,Web,North,0
C02538,41,Male,6,1723.71,287.29,8,7.0,4,0.183,0,54,Mobile,South,1
C02539,43,Female,10,889.8,88.98,77,,3,0.144,1,541,Mobile,North,0
C02540,41,Female,6,825.26,137.54,109,12.0,5,0.291,1,1273,Mobile,North,0
C02541,31,Male,9,828.13,92.01,19,10.0,2,0.523,0,80,Mobile,North,1
C02542,64,Male,11,772.73,70.25,56,10.0,4,0.593,0,256,Store,North,1
C02543,63,Male,4,369.87,92.47,22,6.0,4,0.439,1,449,Web,South,1
C02544,36,Male,5,553.53,110.71,67,8.0,1,0.401,1,247,Mobile,North,0
C02545,56,Male,6,1513.69,252.28,42,7.0,4,0.245,0,1099,Store,North,0
C02546,37,Female,8,479.01,59.88,51,7.0,1,0.321,0,1299,Mobile,Central,1
C02547,56,Male,9,1478.84,164.32,109,8.0,7,0.474,1,745,Web,South,0
C02548,46,Female,3,1082.44,360.81,34,8.0,2,0.436,0,1432,Web,South,0
C02549,40,Male,8,1886.53,235.82,39,5.0,3,0.167,0,409,Mobile,South,0
C02550,24,Female,10,1010.82,101.08,41,11.0,2,0.074,1,167,Mobile,North,1
C02551,49,Male,8,580.99,72.62,61,7.0,6,0.061,1,828,Mobile,North,0
C02552,33,Male,17,564.57,33.21,35,11.0,6,0.242,2,366,Mobile,Central,1
C02553,28,Female,7,287.67,41.1,25,5.0,1,0.108,2,202,Mobile,Central,1
C02554,27,Male,4,612.33,153.08,93,7.0,5,0.161,1,1156,Mobile,South,0
C02555,65,Female,8,868.61,108.58,38,16.0,2,0.278,0,1157,Web,North,0
C02556,22,Male,4,2019.52,504.88,46,8.0,4,0.539,2,938,Web,North,1
C02557,56,Female,8,1519.17,189.9,81,6.0,7,0.177,1,61,Mobile,South,0
C02558,59,Female,3,805.36,268.45,31,6.0,1,0.072,2,937,Mobile,Central,0
C02559,19,Female,3,499.64,166.55,14,10.0,1,0.416,2,506,Mobile,South,0
C02560,46,Male,8,1339.0,167.38,132,9.0,5,0.096,2,301,Store,South,0
C02561,45,Male,2,645.57,322.79,69,16.0,2,0.068,1,454,Mobile,North,0
C02562,35,Male,8,505.62,63.2,50,5.0,1,0.329,0,104,Store,North,1
C02563,50,Male,5,1346.59,269.32,54,5.0,5,0.471,0,330,Mobile,North,1
C02564,37,Male,4,553.95,138.49,151,8.0,4,0.142,0,318,Store,South,0
C02565,39,Female,3,1664.6,554.87,82,10.0,4,0.417,1,1181,Web,Central,0
C02566,38,Female,3,299.55,99.85,2,9.0,3,0.443,2,343,Store,North,0
C02567,56,Female,7,550.09,78.58,50,12.0,4,0.283,2,1493,Web,North,1
C02568,48,Male,4,529.03,132.26,54,2.0,3,0.617,0,1299,Store,South,0
C02569,36,Male,11,1577.9,143.45,51,6.0,1,0.694,0,1485,Mobile,South,1
C02570,62,Female,9,979.68,108.85,7,8.0,2,0.363,0,620,Store,South,1
C02571,56,Male,6,1553.33,258.89,18,16.0,3,0.03,0,1403,,South,0
C02572,62,Male,5,456.6,91.32,9,14.0,0,0.36,0,409,Mobile,South,0
C02573,53,Male,3,1521.88,507.29,168,8.0,4,0.708,0,609,Web,North,0
C02574,36,Female,8,1435.92,179.49,51,7.0,4,0.549,2,1481,Store,Central,0
C02575,55,Female,5,557.05,111.41,58,9.0,2,0.467,2,510,Web,North,0
C02576,33,Male,5,589.45,117.89,43,11.0,1,0.179,1,911,Web,North,1
C02577,31,Female,5,596.65,119.33,23,9.0,3,0.521,0,183,Web,Central,0
C02578,39,Male,5,2591.89,518.38,25,6.0,6,0.154,0,901,Web,South,1
C02579,64,Male,6,934.71,155.78,168,4.0,6,0.185,0,297,Web,South,1
C02580,45,Female,6,415.28,69.21,44,6.0,4,0.306,0,1476,Mobile,South,0
C02581,36,Male,10,575.82,57.58,31,3.0,5,0.289,1,1212,Store,South,0
C02582,40,Female,4,3483.09,870.77,105,14.0,2,0.326,3,139,Mobile,Central,0
C02583,31,Male,8,1079.09,134.89,39,9.0,2,0.413,0,830,Mobile,Central,1
C02584,49,Male,7,863.36,123.34,15,8.0,4,0.05,0,364,Web,Central,1
C02585,34,Female,15,295.24,19.68,22,11.0,5,0.386,0,839,Mobile,South,1
C02586,44,Male,4,521.88,130.47,104,13.0,2,0.469,0,537,Web,South,0
C02587,35,Female,5,1920.23,384.05,32,7.0,3,0.236,2,165,Store,South,0
C02588,33,Male,5,1107.51,221.5,62,1.0,4,0.206,2,614,Mobile,Central,1
C02589,64,Female,8,535.12,66.89,44,7.0,2,0.059,0,294,Mobile,North,1
C02590,34,Male,8,3329.8,416.22,86,13.0,4,0.291,2,119,Web,North,0
C02591,21,Male,8,1089.43,136.18,39,9.0,3,0.079,0,965,Mobile,Central,1
C02592,36,Female,4,3798.19,949.55,26,8.0,3,0.104,0,1275,Web,South,1
C02593,43,Male,12,458.96,38.25,22,2.0,4,0.328,2,960,Mobile,South,0
C02594,22,Male,9,365.83,40.65,92,12.0,2,0.093,0,1199,Store,North,0
C02595,32,Female,4,926.92,231.73,31,7.0,4,0.102,1,1186,Store,South,1
C02596,25,Female,9,299.39,33.27,60,5.0,1,0.292,2,1082,Store,Central,1
C02597,42,Female,9,743.1,82.57,116,7.0,1,0.474,0,130,Store,South,0
C02598,52,Female,5,1385.2,277.04,51,7.0,2,0.614,3,1303,Mobile,Central,0
C02599,64,Female,5,1284.05,256.81,67,10.0,2,0.388,2,1464,Web,South,0
C02600,36,Female,7,1074.66,153.52,31,6.0,1,0.387,0,502,Mobile,Central,1
C02601,59,Female,8,542.74,67.84,39,8.0,1,0.12,1,591,Web,Central,0
C02602,28,Male,7,1687.36,241.05,118,3.0,0,0.091,1,114,Store,South,0
C02603,55,Male,6,858.2,143.03,85,7.0,4,0.128,1,919,Mobile,North,1
C02604,45,Female,3,154.79,51.6,43,7.0,5,0.053,1,757,Mobile,North,0
C02605,54,Female,8,482.4,60.3,51,5.0,0,0.235,1,1494,Store,Central,0
C02606,54,Male,6,488.06,81.34,41,10.0,1,0.124,0,126,Mobile,South,1
C02607,43,Male,5,1864.34,372.87,78,6.0,3,0.685,1,508,Web,South,0
C02608,30,Male,8,482.56,60.32,30,10.0,2,0.345,0,251,,South,1
C02609,43,Female,8,1249.47,156.18,78,3.0,2,0.11,2,419,Mobile,North,0
C02610,57,Female,5,227.5,45.5,147,10.0,1,0.424,2,1222,Web,South,0
C02611,64,Male,11,1362.25,123.84,56,8.0,2,0.281,0,1196,Mobile,Central,1
C02612,62,Female,12,289.75,24.15,16,5.0,1,0.309,1,215,Mobile,North,0
C02613,26,Female,5,1823.92,364.78,45,7.0,6,0.236,0,1411,Store,North,1
C02614,46,Female,5,860.07,172.01,139,6.0,0,0.526,1,424,Web,South,0
C02615,23,Male,9,1547.05,171.89,51,11.0,1,0.411,0,1439,Web,North,1
C02616,50,Female,8,826.51,103.31,20,7.0,4,0.432,0,846,Web,South,1
C02617,65,Female,9,607.01,67.45,44,15.0,5,0.509,4,197,Mobile,North,1
C02618,20,Female,9,275.11,30.57,124,10.0,1,0.243,2,1315,Web,South,0
C02619,49,Male,5,202.64,40.53,30,7.0,4,0.09,1,919,Mobile,North,1
C02620,63,Female,5,596.26,119.25,126,10.0,3,0.496,0,1350,Mobile,South,0
C02621,58,Female,11,950.61,86.42,41,10.0,3,0.171,0,861,Mobile,North,1
C02622,36,Male,7,385.43,55.06,216,6.0,6,0.311,2,1475,Store,South,0
C02623,22,Male,7,2837.82,405.4,33,5.0,7,0.039,0,445,Store,South,0
C02624,62,Female,10,2092.21,209.22,24,8.0,2,0.523,1,117,Mobile,South,0
C02625,62,Female,6,853.6,142.27,3,8.0,5,0.225,1,1335,Web,South,1
C02626,45,Male,7,2260.22,322.89,47,7.0,1,0.3,0,1316,Mobile,North,0
C02627,64,Male,8,870.27,108.78,40,7.0,5,0.282,0,60,Mobile,North,0
C02628,18,Male,9,391.23,43.47,138,9.0,3,0.47,0,600,Mobile,South,0
C02629,47,Female,5,777.61,155.52,94,9.0,4,0.144,0,918,Web,South,0
C02630,19,Female,7,1440.56,205.79,122,18.0,3,0.064,2,159,Mobile,Central,0
C02631,62,Male,8,544.76,68.1,104,8.0,3,0.175,0,322,Store,South,0
C02632,50,Male,7,2479.29,354.18,48,6.0,5,0.236,1,248,Store,North,0
C02633,61,Male,6,663.97,110.66,365,12.0,1,0.162,0,856,Store,South,0
C02634,45,Male,9,1561.62,173.51,45,10.0,4,0.49,0,1185,Mobile,North,0
C02635,21,Female,6,819.08,136.51,67,3.0,4,0.11,0,748,Web,North,1
C02636,19,Female,11,506.91,46.08,169,5.0,5,0.091,0,827,Store,South,0
C02637,34,Male,11,355.42,32.31,96,4.0,3,0.117,0,1308,Web,North,0
C02638,53,Male,5,1669.0,333.8,56,5.0,0,0.188,2,782,Web,Central,0
C02639,25,Male,7,1167.98,166.85,76,13.0,2,0.097,2,1459,Mobile,North,0
C02640,58,Female,11,571.09,51.92,30,9.0,3,0.246,0,514,Mobile,North,1
C02641,29,Female,4,1687.88,421.97,37,12.0,1,0.194,0,228,Store,North,1
C02642,41,Female,5,589.8,117.96,67,12.0,5,0.297,0,1298,Mobile,North,1
C02643,27,Male,4,1130.01,282.5,20,6.0,1,0.263,0,1293,Web,South,1
C02644,40,Female,5,1251.09,250.22,28,15.0,3,0.303,1,155,Mobile,North,0
C02645,39,Male,8,3099.18,387.4,7,9.0,3,0.228,1,342,Mobile,South,1
C02646,18,Female,6,2991.41,498.57,50,8.0,3,0.268,1,329,Web,South,1
C02647,45,Female,5,596.6,119.32,55,8.0,4,0.473,0,529,Web,South,0
C02648,55,Female,8,501.81,62.73,107,6.0,3,0.256,1,617,Store,North,0
C02649,62,Female,8,1063.08,132.88,24,11.0,1,0.39,0,91,Mobile,North,0
C02650,33,Male,5,1818.87,363.77,37,3.0,0,0.261,0,1115,Mobile,North,0
C02651,60,Female,4,191.55,47.89,88,6.0,4,0.064,2,1053,Mobile,South,0
C02652,60,Male,7,2568.76,366.97,100,6.0,3,0.209,0,1129,Store,North,1
C02653,65,Male,6,697.09,116.18,96,7.0,3,0.298,0,161,Web,South,0
C02654,35,Male,7,1772.82,253.26,26,5.0,3,0.338,0,336,Web,South,1
C02655,58,Male,7,703.84,100.55,10,8.0,3,0.137,1,401,Mobile,South,0
C02656,45,Male,7,2415.88,345.13,55,7.0,2,0.657,1,65,Mobile,Central,0
C02657,20,Male,10,695.25,69.53,48,5.0,2,0.076,1,755,Mobile,North,1
C02658,30,Female,4,1479.14,369.78,57,13.0,3,0.436,0,488,Web,South,0
C02659,50,Male,8,964.15,120.52,65,7.0,2,0.437,0,860,Mobile,South,1
C02660,25,Male,5,375.52,75.1,73,7.0,5,0.32,3,453,Web,South,0
C02661,38,Female,3,672.12,224.04,74,12.0,4,0.022,1,771,Store,South,0
C02662,55,Female,6,162.97,27.16,38,8.0,2,0.357,2,1036,Store,North,0
C02663,25,Male,8,605.28,75.66,43,6.0,3,0.188,1,66,Web,South,1
C02664,41,Male,6,1220.98,203.5,33,4.0,5,0.105,1,458,Web,South,1
C02665,28,Female,14,2341.9,167.28,90,8.0,4,0.336,1,133,Mobile,South,0
C02666,43,Female,7,929.18,132.74,20,4.0,2,0.381,0,664,Mobile,North,1
C02667,29,Male,8,3708.07,463.51,161,8.0,2,0.278,0,701,Mobile,Central,0
C02668,64,Female,10,1936.53,193.65,49,8.0,5,0.19,1,1194,Web,North,0
C02669,21,Male,8,521.81,65.23,49,1.0,4,0.216,0,1420,Mobile,North,1
C02670,64,Male,10,976.76,97.68,42,7.0,5,0.309,2,775,Mobile,North,1
C02671,56,Female,6,1384.01,230.67,92,3.0,5,0.14,1,351,Mobile,North,0
C02672,59,Female,4,712.56,178.14,53,10.0,1,0.146,0,742,Mobile,South,0
C02673,58,Female,8,1212.0,151.5,35,5.0,6,0.093,1,818,Store,North,0
C02674,27,Male,9,628.87,69.87,89,10.0,2,0.122,0,96,Web,South,0
C02675,62,Male,4,956.98,239.24,29,10.0,3,0.232,0,720,Store,South,0
C02676,46,Male,5,2163.11,432.62,94,9.0,4,0.108,0,922,Mobile,South,0
C02677,64,Male,12,669.08,55.76,13,9.0,1,0.154,2,840,Mobile,South,1
C02678,60,Male,10,287.8,28.78,123,11.0,4,0.117,0,367,Web,North,0
C02679,45,Female,5,3062.05,612.41,28,8.0,5,0.165,2,482,Store,North,0
C02680,35,Female,6,1698.23,283.04,17,2.0,2,0.206,0,440,Mobile,South,1
C02681,23,Female,7,1339.68,191.38,40,12.0,4,,1,1071,Mobile,Central,0
C02682,22,Male,4,2519.15,629.79,36,6.0,3,0.102,1,172,Mobile,South,0
C02683,36,Male,3,1767.46,589.15,66,4.0,2,0.272,1,823,Store,Central,0
C02684,56,Female,7,706.82,100.97,16,15.0,1,0.42,0,996,Store,North,1
C02685,42,Male,2,3038.11,1519.06,64,9.0,1,0.005,3,1149,Web,South,0
C02686,41,Female,6,1217.04,202.84,40,5.0,4,0.243,0,787,Store,South,0
C02687,29,Male,7,1589.65,227.09,53,9.0,2,0.324,2,1444,Mobile,Central,1
C02688,45,Female,13,211.98,16.31,20,9.0,4,0.141,0,1085,Mobile,Central,1
C02689,48,Female,9,430.83,47.87,50,9.0,3,0.208,1,838,Web,North,0
C02690,65,Female,3,356.6,118.87,29,9.0,2,0.453,0,921,Web,Central,0
C02691,53,Female,7,336.22,48.03,11,6.0,7,0.047,0,300,Web,Central,1
C02692,47,Female,8,1417.41,177.18,78,2.0,6,0.313,0,1348,Web,South,0
C02693,61,Male,3,506.64,168.88,25,9.0,5,0.083,3,1415,Web,South,0
C02694,38,Female,2,1177.57,588.78,64,4.0,4,0.054,0,727,Mobile,North,0
C02695,62,Female,11,1734.41,157.67,25,10.0,3,0.29,1,1094,Mobile,North,1
C02696,35,Female,20,594.86,29.74,49,11.0,2,0.309,0,964,Mobile,North,1
C02697,24,Male,12,497.77,41.48,201,2.0,4,0.319,1,774,Web,Central,0
C02698,38,Male,5,224.21,44.84,104,10.0,3,0.284,1,1330,Web,North,0
C02699,24,Female,8,2069.71,258.71,150,4.0,2,0.307,0,914,Mobile,South,0
C02700,23,Female,9,614.89,68.32,108,12.0,5,0.074,1,1049,Store,South,0
C02701,60,Male,7,2609.67,372.81,48,4.0,3,0.745,0,1225,,North,1
C02702,56,Male,10,1323.36,132.34,92,10.0,4,0.262,2,711,Store,South,1
C02703,28,Male,8,2279.47,284.93,43,6.0,7,0.285,1,603,Mobile,North,1
C02704,58,Male,7,310.77,44.4,16,12.0,6,0.568,0,1434,Mobile,Central,1
C02705,21,Male,7,1543.81,220.54,59,8.0,2,0.146,0,111,Mobile,South,0
C02706,31,Male,10,1575.3,157.53,12,4.0,7,0.586,2,1310,Store,South,0
C02707,51,Male,5,1992.41,398.48,42,10.0,4,0.214,0,1057,Mobile,North,1
C02708,32,Female,13,521.34,40.1,115,10.0,1,0.331,0,864,Mobile,South,0
C02709,53,Male,12,638.51,53.21,100,8.0,6,0.569,0,1102,Mobile,North,1
C02710,59,Male,9,2028.82,225.42,43,8.0,4,0.317,1,1490,Store,South,1
C02711,21,Male,7,256.25,36.61,149,7.0,5,0.422,1,1484,Mobile,North,0
C02712,19,Male,4,469.52,117.38,71,7.0,4,0.148,1,838,Store,South,0
C02713,63,Female,10,1517.15,151.72,81,7.0,3,0.053,1,1073,Store,South,0
C02714,42,Female,9,704.75,78.31,36,8.0,2,0.058,1,357,,North,1
C02715,42,Male,9,797.37,88.6,90,10.0,3,0.025,4,869,Store,South,0
C02716,40,Male,6,100.86,16.81,45,6.0,4,0.221,0,848,Web,North,1
C02717,38,Male,3,2481.77,827.26,22,8.0,3,0.086,0,514,Mobile,South,1
C02718,51,Male,10,746.83,74.68,71,6.0,6,0.251,0,1444,Web,South,0
C02719,45,Male,5,1452.39,290.48,51,5.0,3,0.431,0,1471,Mobile,South,0
C02720,25,Male,8,2067.3,258.41,48,9.0,4,0.086,0,61,Web,South,1
C02721,48,Male,8,782.41,97.8,76,5.0,4,0.473,1,325,Mobile,South,0
C02722,50,Female,5,146.49,29.3,12,7.0,3,0.197,0,420,Web,Central,1
C02723,23,Male,5,1464.72,292.94,30,8.0,2,0.154,1,1083,Store,South,0
C02724,36,Male,11,2523.16,229.38,65,9.0,1,0.092,0,1082,Web,North,0
C02725,55,Female,4,1661.56,415.39,20,4.0,3,0.157,1,782,Mobile,South,1
C02726,47,Male,7,1279.63,182.8,26,5.0,3,0.042,2,1489,Mobile,South,1
C02727,24,Male,11,1653.26,150.3,90,3.0,2,0.385,2,482,Mobile,North,0
C02728,19,Male,8,1809.7,226.21,16,3.0,2,0.207,0,1242,Mobile,North,1
C02729,45,Male,11,922.04,83.82,104,8.0,4,0.159,1,1362,Store,North,0
C02730,40,Male,4,2560.69,640.17,77,13.0,3,0.203,0,272,Mobile,North,0
C02731,64,Female,9,1116.73,124.08,83,10.0,4,0.488,0,1286,Mobile,South,1
C02732,43,Female,10,1885.92,188.59,18,11.0,2,0.373,0,73,Web,South,1
C02733,62,Male,8,441.36,55.17,107,10.0,1,0.147,0,1469,Store,North,1
C02734,28,Male,5,956.37,191.27,58,11.0,3,0.305,0,40,Mobile,North,0
C02735,39,Female,12,541.88,45.16,151,3.0,3,0.511,0,1453,Store,North,0
C02736,24,Female,4,1354.98,338.74,78,9.0,3,0.07,1,548,Store,Central,0
C02737,45,Male,6,410.53,68.42,47,9.0,1,0.437,1,1361,Store,Central,0
C02738,27,Male,9,1663.38,184.82,13,9.0,2,0.207,0,555,Mobile,North,1
C02739,41,Male,10,1434.22,143.42,67,5.0,7,0.568,0,734,Mobile,South,0
C02740,34,Female,6,865.21,144.2,98,9.0,3,0.216,1,1035,Mobile,South,0
C02741,26,Male,6,1763.37,293.9,89,6.0,4,0.041,0,611,Mobile,North,0
C02742,22,Male,10,443.31,44.33,21,8.0,2,0.475,1,524,Mobile,Central,0
C02743,42,Male,8,1656.29,207.04,147,7.0,3,0.298,0,1102,Store,South,0
C02744,63,Male,6,485.26,80.88,31,8.0,4,0.224,2,1412,Mobile,South,0
C02745,27,Male,6,613.52,102.25,103,8.0,4,0.556,0,373,Web,South,0
C02746,37,Female,4,2070.78,517.7,24,6.0,4,0.198,0,600,Mobile,South,0
C02747,28,Female,8,2096.16,262.02,24,5.0,4,0.132,2,975,Store,Central,1
C02748,56,Male,5,1348.62,269.72,25,10.0,3,0.058,1,300,Mobile,North,1
C02749,37,Male,3,3657.34,1219.11,25,8.0,2,0.311,0,717,,North,1
C02750,64,Female,4,2714.09,678.52,15,6.0,1,0.205,1,1159,Mobile,North,1
C02751,29,Male,5,858.89,171.78,21,4.0,5,0.334,2,706,Mobile,North,0
C02752,21,Male,5,476.31,95.26,5,10.0,1,0.143,1,30,Mobile,Central,1
C02753,45,Male,10,1661.22,166.12,8,3.0,3,0.292,1,588,Web,North,1
C02754,49,Female,5,1150.19,230.04,171,9.0,2,0.155,0,907,Mobile,North,0
C02755,65,Female,6,1473.06,245.51,63,2.0,4,0.161,0,1155,Web,North,0
C02756,59,Female,7,1561.42,223.06,49,5.0,3,0.59,1,1290,Mobile,South,1
C02757,60,Female,6,566.28,94.38,62,7.0,5,0.326,0,150,Store,South,0
C02758,48,Male,5,447.6,89.52,35,4.0,6,0.296,0,635,Mobile,North,1
C02759,35,Male,13,1492.84,114.83,47,14.0,5,0.141,1,559,Mobile,North,1
C02760,38,Male,9,1461.89,162.43,38,7.0,1,0.361,1,1450,Mobile,South,1
C02761,24,Female,7,338.0,48.29,72,5.0,1,0.243,3,363,Mobile,Central,0
C02762,38,Female,6,612.33,102.06,94,8.0,4,0.182,1,958,Web,Central,0
C02763,35,Male,8,449.41,56.18,27,10.0,0,0.043,0,236,Mobile,South,1
C02764,19,Female,4,1051.67,262.92,20,7.0,3,0.167,1,882,Store,North,1
C02765,27,Male,11,953.3,86.66,32,9.0,4,0.166,2,377,Web,South,0
C02766,43,Male,7,205.66,29.38,28,7.0,4,0.245,1,651,Web,South,0
C02767,35,Male,5,1057.9,211.58,73,5.0,5,0.188,5,1288,Store,South,0
C02768,65,Female,8,1221.6,152.7,50,7.0,4,0.209,1,300,Mobile,North,1
C02769,40,Female,7,1264.73,180.68,22,5.0,2,0.261,1,541,Mobile,South,1
C02770,64,Female,9,451.27,50.14,8,10.0,6,0.345,0,161,Web,North,1
C02771,49,Female,9,975.44,108.38,82,11.0,0,0.395,0,252,Web,North,1
C02772,19,Female,7,2254.73,322.1,27,8.0,3,0.117,1,1325,Mobile,Central,1
C02773,27,Female,1,618.79,618.79,37,12.0,2,0.502,0,1224,Store,South,1
C02774,51,Female,12,2176.54,181.38,66,7.0,4,0.094,0,170,Mobile,North,1
C02775,44,Male,6,716.51,119.42,67,6.0,2,0.168,0,262,Store,Central,0
C02776,32,Female,12,1911.59,159.3,91,8.0,2,0.14,1,891,Mobile,South,0
C02777,43,Female,7,1451.2,207.31,109,9.0,0,0.406,0,1418,Mobile,South,0
C02778,61,Female,7,1024.43,146.35,25,4.0,2,0.379,0,49,Store,North,0
C02779,36,Male,15,1300.75,86.72,82,5.0,4,0.11,1,105,Mobile,North,1
C02780,20,Female,10,128.34,12.83,99,5.0,2,0.199,0,1347,Mobile,South,0
C02781,32,Female,8,1784.47,223.06,96,12.0,2,0.144,0,149,Web,South,0
C02782,62,Male,10,392.25,39.22,57,4.0,3,0.146,0,635,Mobile,Central,1
C02783,54,Female,2,2383.46,1191.73,112,7.0,3,0.095,0,352,Web,South,0
C02784,58,Male,12,1327.89,110.66,195,6.0,4,0.558,1,984,Store,South,0
C02785,61,Male,11,454.22,41.29,48,10.0,3,0.48,0,1069,Store,South,1
C02786,23,Male,4,1786.11,446.53,27,7.0,2,0.556,1,423,Store,North,1
C02787,31,Female,4,1081.56,270.39,59,10.0,4,0.255,0,114,Mobile,South,0
C02788,20,Female,12,1527.27,127.27,35,8.0,1,0.206,1,106,Web,South,1
C02789,18,Male,7,942.6,134.66,31,9.0,4,0.384,0,879,Mobile,North,1
C02790,58,Female,10,1649.83,164.98,154,3.0,4,0.078,0,204,Web,North,0
C02791,62,Male,9,637.01,70.78,39,5.0,1,0.602,2,1481,Store,South,0
C02792,25,Male,7,785.53,112.22,38,7.0,3,0.403,3,1389,Web,South,0
C02793,52,Female,5,1442.33,288.47,32,5.0,3,0.612,0,1205,Store,Central,1
C02794,43,Female,9,2404.23,267.14,65,8.0,3,0.131,0,92,Mobile,North,1
C02795,21,Female,10,1020.29,102.03,77,9.0,1,0.352,0,1351,Store,Central,1
C02796,61,Female,5,1698.07,339.61,124,7.0,3,0.481,0,1021,Web,South,1
C02797,59,Female,7,1605.61,229.37,20,6.0,7,0.215,1,780,Web,Central,1
C02798,45,Male,5,2304.54,460.91,121,9.0,3,0.071,0,1341,Mobile,North,0
C02799,51,Male,5,506.3,101.26,24,15.0,0,0.235,4,506,,South,1
C02800,37,Male,5,1279.41,255.88,19,8.0,2,0.26,0,490,Web,Central,1
C02801,56,Female,9,1201.74,133.53,44,5.0,1,0.234,2,1029,Store,North,1
C02802,39,Female,9,1279.73,142.19,21,8.0,2,0.218,0,1274,Mobile,North,0
C02803,65,Female,5,702.82,140.56,65,9.0,2,0.286,1,529,Store,North,0
C02804,21,Male,10,1039.66,103.97,31,11.0,2,0.215,1,285,Web,South,0
C02805,26,Male,6,1903.17,317.2,92,7.0,1,0.404,1,1335,Web,North,1
C02806,64,Female,4,527.56,131.89,73,9.0,6,0.495,0,52,Mobile,South,0
C02807,31,Female,4,1436.23,359.06,78,4.0,4,0.258,0,578,Mobile,North,0
C02808,32,Male,6,889.55,148.26,61,4.0,4,0.222,1,1124,Web,Central,0
C02809,55,Male,6,1230.62,205.1,59,10.0,4,0.207,1,821,Store,North,1
C02810,27,Male,5,862.69,172.54,29,4.0,5,0.082,1,790,Web,South,0
C02811,42,Male,12,1902.07,158.51,32,9.0,4,0.198,2,836,Store,North,1
C02812,31,Male,6,461.01,76.83,33,9.0,4,0.585,0,970,Web,South,1
C02813,27,Male,3,1238.88,412.96,87,9.0,3,0.27,1,1199,Store,South,0
C02814,64,Female,6,2002.55,333.76,65,6.0,3,0.397,0,490,Web,South,1
C02815,27,Male,5,1291.03,258.21,33,8.0,3,0.199,0,51,Web,Central,1
C02816,22,Male,7,596.39,85.2,51,6.0,1,0.223,0,911,Store,North,1
C02817,50,Male,5,580.72,116.14,119,10.0,4,0.258,2,1321,Store,South,0
C02818,59,Female,8,1224.35,153.04,1,7.0,0,0.254,0,122,Web,North,1
C02819,24,Male,7,270.92,38.7,46,9.0,4,0.343,1,1389,Mobile,South,0
C02820,51,Male,4,1473.9,368.48,52,13.0,4,0.598,1,910,Mobile,South,0
C02821,43,Male,15,347.87,23.19,31,9.0,3,0.344,2,1130,Web,South,0
C02822,57,Female,12,467.57,38.96,13,4.0,1,0.192,0,853,Web,South,0
C02823,24,Female,13,2663.87,204.91,29,15.0,5,0.056,1,1472,Web,South,1
C02824,64,Male,8,2372.73,296.59,25,4.0,1,0.37,0,766,Web,North,1
C02825,47,Male,12,793.45,66.12,53,6.0,1,0.131,0,996,Mobile,Central,1
C02826,58,Male,9,2089.53,232.17,26,6.0,2,0.265,1,159,Store,South,1
C02827,35,Female,11,599.68,54.52,51,12.0,3,0.014,0,626,Store,South,1
C02828,63,Female,4,1482.6,370.65,139,12.0,4,0.318,0,51,Web,North,0
C02829,48,Male,9,2186.55,242.95,20,11.0,1,0.065,0,1288,Mobile,South,1
C02830,24,Male,6,669.8,111.63,98,6.0,3,0.283,0,476,Store,North,0
C02831,62,Female,8,344.6,43.08,43,9.0,1,0.2,1,1303,Mobile,Central,1
C02832,56,Female,6,1139.42,189.9,5,4.0,4,0.179,0,804,Web,Central,0
C02833,32,Male,7,647.68,92.53,93,4.0,4,0.479,0,560,Web,South,1
C02834,44,Male,8,681.82,85.23,91,13.0,5,0.108,0,1165,,North,0
C02835,36,Male,7,465.38,66.48,20,9.0,3,0.32,0,1016,Store,South,1
C02836,44,Female,7,90.9,12.99,65,4.0,5,0.183,0,211,Mobile,South,0
C02837,64,Female,9,725.71,80.63,41,9.0,6,0.662,1,1113,Mobile,North,1
C02838,61,Female,5,779.2,155.84,57,7.0,6,0.413,0,1164,Store,North,1
C02839,28,Female,4,598.04,149.51,28,12.0,4,0.226,1,513,Web,North,1
C02840,64,Male,6,452.82,75.47,22,7.0,4,0.24,1,610,Web,South,0
C02841,39,Male,5,1803.87,360.77,18,9.0,4,0.094,0,988,Mobile,Central,1
C02842,51,Male,7,1296.42,185.2,111,3.0,4,0.338,0,344,Mobile,North,1
C02843,54,Female,7,366.15,52.31,20,9.0,6,0.261,1,940,Mobile,North,0
C02844,41,Female,6,1180.72,196.79,65,7.0,2,0.493,2,657,Mobile,North,1
C02845,39,Male,13,547.72,42.13,21,7.0,2,0.078,1,1021,Mobile,South,1
C02846,39,Male,7,1709.63,244.23,197,11.0,4,0.484,1,877,Mobile,South,0
C02847,59,Female,8,605.24,75.66,20,8.0,0,0.644,0,1449,Store,North,1
C02848,36,Female,3,1913.34,637.78,20,6.0,1,0.114,0,1082,Web,South,0
C02849,31,Female,6,1832.23,305.37,122,4.0,2,0.475,0,1482,Store,North,0
C02850,35,Male,7,1389.69,198.53,39,9.0,4,0.521,2,711,Web,South,1
C02851,27,Female,4,594.67,148.67,16,7.0,5,0.263,2,406,Web,South,0
C02852,36,Female,7,861.87,123.12,45,3.0,2,0.313,0,1085,Store,Central,1
C02853,23,Female,8,935.13,116.89,23,12.0,3,0.428,0,1253,Mobile,South,1
C02854,22,Female,4,1103.33,275.83,220,8.0,4,0.274,0,1040,,Central,0
C02855,52,Female,8,2010.23,251.28,8,9.0,4,0.107,1,566,Store,South,0
C02856,21,Female,9,798.3,88.7,76,5.0,6,0.495,2,1343,Mobile,South,1
C02857,45,Female,9,1688.08,187.56,125,9.0,4,0.178,2,1354,Store,South,1
C02858,55,Male,10,420.77,42.08,83,13.0,3,0.235,0,713,Store,South,0
C02859,52,Male,4,640.87,160.22,27,5.0,3,0.338,0,1221,Web,South,0
C02860,39,Female,4,556.31,139.08,101,10.0,4,0.086,0,959,Store,South,0
C02861,27,Female,5,1704.72,340.94,54,5.0,3,0.335,0,471,Web,South,0
C02862,62,Male,8,2238.56,279.82,73,3.0,7,0.303,2,608,Mobile,South,1
C02863,58,Male,10,707.18,70.72,85,12.0,4,0.039,2,1284,Mobile,South,0
C02864,47,Female,11,580.26,52.75,19,8.0,6,0.211,0,950,Mobile,North,1
C02865,22,Female,10,880.69,88.07,70,7.0,3,0.394,2,475,Web,North,0
C02866,19,Female,12,530.0,44.17,81,7.0,5,0.03,1,921,Store,South,0
C02867,33,Male,9,724.13,80.46,46,11.0,4,0.429,0,377,Mobile,South,0
C02868,25,Female,3,881.81,293.94,27,7.0,4,0.182,1,267,Store,North,1
C02869,59,Female,10,887.62,88.76,43,13.0,5,0.413,0,489,Mobile,North,0
C02870,27,Male,10,295.78,29.58,151,8.0,3,0.237,1,679,Mobile,South,0
C02871,31,Male,10,699.69,69.97,65,6.0,2,0.523,1,197,Web,North,0
C02872,64,Female,8,2573.45,321.68,49,5.0,5,0.091,1,1319,Mobile,North,1
C02873,57,Male,4,339.89,84.97,20,8.0,2,0.774,1,139,Mobile,North,0
C02874,28,Female,9,1094.06,121.56,100,,3,0.082,1,382,Mobile,South,0
C02875,36,Female,10,1026.96,102.7,70,9.0,6,0.388,0,708,Web,South,1
C02876,42,Female,8,3027.34,378.42,34,7.0,3,0.093,0,900,Web,South,1
C02877,49,Male,5,1063.9,212.78,29,4.0,3,0.35,1,1367,Store,South,1
C02878,62,Female,10,2446.13,244.61,17,6.0,2,0.49,0,706,Mobile,South,1
C02879,59,Male,4,1044.7,261.18,72,7.0,6,0.345,3,1286,Web,Central,0
C02880,64,Female,2,682.86,341.43,8,,3,0.456,2,1209,Web,Central,0
C02881,19,Male,6,1083.0,180.5,74,7.0,1,0.425,1,795,Store,Central,1
C02882,29,Female,5,409.04,81.81,8,5.0,2,0.598,0,1226,Mobile,North,0
C02883,45,Female,8,1142.76,142.84,41,5.0,3,0.258,1,663,Mobile,North,1
C02884,20,Male,7,728.41,104.06,102,3.0,1,0.449,2,686,Mobile,South,1
C02885,35,Male,10,685.87,68.59,6,5.0,1,0.172,0,888,Mobile,South,1
C02886,25,Female,8,1790.97,223.87,118,6.0,4,0.379,0,452,Web,North,0
C02887,62,Male,3,822.58,274.19,29,11.0,5,0.069,0,712,Mobile,Central,0
C02888,21,Male,9,221.69,24.63,43,3.0,4,0.306,0,479,Mobile,South,1
C02889,25,Male,8,1331.06,166.38,29,9.0,3,0.285,0,1005,Mobile,North,0
C02890,27,Female,11,1509.49,137.23,32,12.0,6,0.289,0,1026,Store,North,1
C02891,25,Female,8,3275.96,409.5,22,9.0,1,0.163,1,1262,Mobile,North,1
C02892,45,Male,5,1138.89,227.78,95,9.0,1,0.194,0,822,Store,North,0
C02893,35,Female,7,778.14,111.16,79,11.0,3,0.39,1,1448,Mobile,North,0
C02894,61,Male,7,1344.1,192.01,20,,1,0.124,0,1428,Web,South,1
C02895,30,Male,9,430.58,47.84,65,7.0,1,0.357,0,1228,Web,North,1
C02896,43,Male,6,684.28,114.05,55,5.0,8,0.614,2,1345,Mobile,North,0
C02897,49,Male,9,1431.21,159.02,35,8.0,6,0.257,1,273,Mobile,South,1
C02898,48,Male,8,862.02,107.75,68,9.0,3,0.321,0,719,Mobile,Central,1
C02899,56,Female,10,266.1,26.61,42,11.0,1,0.108,0,322,Web,South,1
C02900,27,Male,4,818.29,204.57,87,6.0,4,0.187,1,83,Web,South,0
C02901,42,Female,7,1072.63,153.23,23,10.0,2,0.064,1,243,Mobile,North,0
C02902,56,Male,6,839.39,139.9,81,10.0,2,0.511,2,507,Store,North,0
C02903,59,Male,6,296.05,49.34,8,4.0,5,0.077,1,889,Web,North,1
C02904,47,Male,6,128.43,21.4,52,5.0,2,0.382,0,849,Web,South,0
C02905,49,Female,10,1595.17,159.52,47,8.0,5,0.119,1,884,Web,North,0
C02906,59,Female,4,1490.43,372.61,24,12.0,3,0.009,1,974,Store,South,1
C02907,47,Male,6,633.86,105.64,70,11.0,5,0.314,1,1426,Mobile,North,0
C02908,63,Male,3,615.9,205.3,74,3.0,3,0.183,0,1254,Web,North,0
C02909,24,Male,6,786.45,131.08,28,6.0,4,0.088,0,451,Web,Central,1
C02910,34,Female,11,1646.07,149.64,35,13.0,2,0.236,0,844,Mobile,North,1
C02911,23,Male,11,1080.67,98.24,61,8.0,0,0.138,1,205,Store,South,1
C02912,22,Female,4,2129.11,532.28,10,13.0,2,0.432,1,814,Web,North,1
C02913,40,Male,11,1063.37,96.67,29,10.0,3,0.267,2,155,Mobile,North,1
C02914,28,Male,8,547.7,68.46,31,6.0,2,0.495,1,1307,Store,South,1
C02915,37,Female,5,651.25,130.25,38,9.0,2,0.346,1,571,Store,North,0
C02916,39,Male,7,1362.08,194.58,83,5.0,3,0.123,0,1412,Web,North,0
C02917,47,Male,5,2440.76,488.15,80,8.0,3,0.322,0,283,Mobile,Central,0
C02918,63,Female,9,1113.7,123.74,22,16.0,3,0.336,0,467,Store,Central,1
C02919,58,Male,7,1820.38,260.05,50,8.0,5,0.293,1,1125,Mobile,Central,0
C02920,36,Male,5,1268.5,253.7,59,7.0,5,0.166,1,865,Store,North,0
C02921,33,Male,6,1189.63,198.27,67,10.0,6,0.524,3,1495,Store,North,0
C02922,54,Female,11,2606.57,236.96,16,8.0,0,0.322,2,1115,Web,Central,1
C02923,23,Female,7,471.4,67.34,4,7.0,2,0.071,2,683,Mobile,Central,1
C02924,43,Male,9,795.13,88.35,166,7.0,0,0.27,0,600,Mobile,North,0
C02925,38,Female,8,702.99,87.87,25,10.0,4,0.513,0,385,Mobile,South,1
C02926,26,Female,8,972.68,121.58,44,13.0,0,0.082,0,1413,Store,South,0
C02927,47,Female,7,332.65,47.52,60,11.0,4,0.08,1,1056,Mobile,Central,1
C02928,33,Female,4,943.91,235.98,43,8.0,2,0.075,1,589,Web,South,0
C02929,26,Female,8,618.18,77.27,46,7.0,1,0.331,1,144,Web,North,1
C02930,49,Female,9,647.79,71.98,58,9.0,3,0.162,1,852,Web,Central,0
C02931,26,Male,7,1921.74,274.53,24,9.0,3,0.206,2,775,Mobile,North,1
C02932,50,Male,4,569.43,142.36,24,11.0,1,0.208,1,60,Mobile,South,0
C02933,25,Female,9,3043.76,338.2,25,7.0,5,0.28,0,519,Web,Central,1
C02934,38,Male,7,1086.05,155.15,64,7.0,3,0.482,0,776,Web,North,0
C02935,56,Female,8,165.23,20.65,75,3.0,4,0.209,0,927,Mobile,Central,1
C02936,28,Male,6,1822.4,303.73,22,10.0,2,0.527,0,630,Store,South,0
C02937,54,Female,4,124.48,31.12,24,8.0,3,0.128,2,356,Store,North,1
C02938,52,Male,7,400.36,57.19,70,6.0,3,0.324,0,77,Web,Central,0
C02939,61,Female,10,1241.74,124.17,84,7.0,4,0.178,1,103,Store,North,1
C02940,26,Male,8,837.05,104.63,91,5.0,2,0.268,1,343,Mobile,South,0
C02941,52,Male,8,1484.39,185.55,26,5.0,2,0.165,2,633,Web,Central,0
C02942,62,Female,9,652.09,72.45,65,9.0,1,0.538,0,1365,Mobile,North,1
C02943,54,Female,7,647.98,92.57,138,3.0,4,0.102,1,1319,Mobile,North,0
C02944,27,Female,11,727.78,66.16,32,13.0,4,0.213,1,958,Web,South,1
C02945,57,Female,5,1287.75,257.55,79,6.0,2,0.455,0,1374,Mobile,North,0
C02946,23,Male,6,1509.89,251.65,52,,3,0.641,1,739,Web,Central,0
C02947,46,Female,8,418.18,52.27,184,6.0,2,0.154,0,1155,Mobile,Central,0
C02948,41,Male,5,1976.32,395.26,5,6.0,5,0.425,0,1191,Mobile,North,1
C02949,43,Female,4,2947.45,736.86,58,13.0,1,0.129,1,1449,Mobile,South,1
C02950,42,Male,6,952.2,158.7,116,,0,0.119,1,651,Web,South,0
C02951,19,Male,9,1148.33,127.59,20,12.0,5,0.12,1,408,Web,South,1
C02952,42,Female,6,619.0,103.17,80,5.0,4,0.122,1,354,Mobile,North,1
C02953,62,Female,4,1773.68,443.42,33,9.0,5,0.267,1,1468,Mobile,North,0
C02954,38,Male,10,130.1,13.01,8,6.0,1,0.119,1,1092,Web,South,1
C02955,31,Female,7,2339.35,334.19,32,,0,0.301,0,1127,Store,Central,1
C02956,65,Female,8,2182.61,272.83,22,5.0,4,0.237,0,704,Mobile,South,0
C02957,22,Male,6,392.11,65.35,98,7.0,4,0.451,2,1332,Mobile,North,0
C02958,41,Female,9,558.94,62.1,186,7.0,3,0.383,0,250,Store,Central,0
C02959,42,Male,7,859.78,122.83,34,13.0,2,0.295,0,975,Web,South,0
C02960,40,Male,7,1652.76,236.11,32,3.0,1,0.374,3,170,Web,South,0
C02961,62,Female,6,304.77,50.79,6,8.0,0,0.407,1,559,Mobile,South,0
C02962,38,Male,5,671.89,134.38,92,11.0,2,0.329,1,1234,Web,North,0
C02963,64,Male,5,1383.69,276.74,129,6.0,1,0.344,1,248,Mobile,Central,0
C02964,21,Female,8,364.97,45.62,71,10.0,2,0.178,0,867,Mobile,South,0
C02965,53,Male,9,901.96,100.22,31,12.0,3,0.042,0,1065,Mobile,South,1
C02966,46,Female,8,1019.54,127.44,60,7.0,2,0.384,0,1202,Mobile,South,0
C02967,29,Female,10,461.11,46.11,90,2.0,3,0.224,0,1192,Mobile,South,0
C02968,28,Male,13,986.3,75.87,43,6.0,1,0.179,0,321,Store,North,1
C02969,52,Female,6,1043.74,173.96,75,8.0,6,0.142,1,1454,Mobile,North,0
C02970,48,Male,7,613.17,87.6,36,8.0,3,0.121,3,853,Web,South,0
C02971,47,Female,8,274.24,34.28,14,5.0,1,0.135,1,282,Web,South,0
C02972,20,Male,7,252.99,36.14,86,10.0,5,0.401,0,42,Mobile,Central,1
C02973,46,Female,9,1323.03,147.0,54,7.0,2,0.061,0,292,Web,Central,1
C02974,65,Male,6,1320.61,220.1,60,8.0,1,0.186,0,1064,Mobile,North,0
C02975,18,Female,5,755.03,151.01,95,5.0,2,0.263,1,604,Web,South,0
C02976,40,Male,5,850.58,170.12,22,8.0,3,0.078,0,841,Store,Central,1
C02977,41,Male,7,680.67,97.24,32,3.0,4,0.158,0,959,Web,North,0
C02978,61,Male,8,2024.54,253.07,128,7.0,4,0.292,0,1268,Store,North,1
C02979,31,Female,8,690.21,86.28,58,6.0,4,0.34,0,330,Mobile,South,0
C02980,40,Female,7,2663.1,380.44,89,7.0,2,0.129,0,1018,Mobile,South,1
C02981,52,Male,6,529.67,88.28,50,12.0,5,0.102,4,513,Store,South,1
C02982,20,Male,6,1783.9,297.32,74,11.0,2,0.11,0,1424,Mobile,North,0
C02983,56,Male,7,365.82,52.26,76,5.0,4,0.062,0,1102,Mobile,South,0
C02984,57,Male,11,1193.71,108.52,28,10.0,2,0.163,0,222,Mobile,South,1
C02985,52,Female,6,329.4,54.9,195,10.0,4,0.29,0,260,Web,Central,0
C02986,49,Female,8,618.12,77.26,60,8.0,7,0.033,0,435,Web,South,0
C02987,53,Female,5,1759.69,351.94,11,6.0,6,0.148,2,821,Mobile,South,1
C02988,55,Male,10,340.94,34.09,13,6.0,5,0.684,4,524,Mobile,Central,1
C02989,61,Male,10,2261.33,226.13,34,10.0,4,0.741,0,303,Store,Central,1
C02990,38,Female,7,1578.11,225.44,8,6.0,3,0.164,3,1006,Web,North,1
C02991,39,Male,6,1569.85,261.64,116,8.0,3,0.5,0,1278,Mobile,South,0
C02992,48,Female,9,1567.05,174.12,29,14.0,3,0.449,2,1001,Web,North,1
C02993,27,Male,11,2362.56,214.78,17,6.0,1,0.314,0,142,Store,South,1
C02994,59,Male,6,1196.46,199.41,62,5.0,9,0.703,0,1233,Web,South,1
C02995,54,Female,8,616.53,77.07,75,5.0,3,0.288,1,701,Mobile,Central,1
C02996,48,Male,8,1386.36,173.3,36,5.0,2,0.238,0,1041,Mobile,North,0
C02997,32,Female,5,908.31,181.66,76,8.0,7,0.224,1,531,Web,South,0
C02998,34,Male,4,2093.93,523.48,89,7.0,3,0.195,0,601,Store,South,0
C02999,38,Male,7,947.33,135.33,35,7.0,3,0.102,3,674,Web,South,0
C03000,49,Male,7,1635.92,233.7,15,12.0,2,0.381,1,168,Web,South,1
C03001,55,Male,7,468.18,66.88,32,5.0,5,0.144,0,1079,Web,Central,1
C03002,50,Female,7,890.8,127.26,41,8.0,2,0.107,2,763,Mobile,North,0
C03003,62,Male,9,910.62,101.18,50,7.0,3,0.637,3,524,Mobile,South,0
C03004,64,Female,7,2100.71,300.1,90,5.0,2,0.237,2,294,Mobile,South,0
C03005,51,Female,8,1555.92,194.49,42,9.0,4,0.186,1,242,Web,South,0
C03006,35,Male,6,472.29,78.72,25,12.0,3,0.011,1,309,Web,South,0
C03007,46,Male,5,973.35,194.67,31,3.0,2,0.304,1,1271,Web,North,0
C03008,38,Male,5,750.34,150.07,57,8.0,4,0.492,0,1491,Mobile,Central,0
C03009,48,Female,7,1577.2,225.31,61,1.0,6,0.2,1,561,Mobile,Central,0
C03010,56,Female,9,1685.79,187.31,144,4.0,2,0.5,0,1338,Store,South,0
C03011,35,Male,7,1975.45,282.21,40,2.0,5,0.33,0,1180,Store,North,1
C03012,42,Female,8,1671.94,208.99,25,9.0,3,0.234,0,128,Mobile,North,1
C03013,20,Male,5,535.62,107.12,5,10.0,2,0.195,1,769,Mobile,South,1
C03014,53,Male,4,910.47,227.62,9,8.0,4,0.154,0,1192,Web,Central,0
C03015,41,Male,8,1773.7,221.71,69,15.0,4,0.126,0,1414,Mobile,North,1
C03016,40,Female,4,2182.61,545.65,29,8.0,4,0.249,1,1051,Mobile,South,1
C03017,43,Male,10,351.23,35.12,108,7.0,3,0.145,1,1379,Store,North,1
C03018,28,Male,9,1362.58,151.4,7,5.0,3,0.16,1,294,Store,Central,1
C03019,46,Male,3,933.59,311.2,33,11.0,1,0.047,1,1143,Mobile,North,0
C03020,53,Female,9,1143.16,127.02,87,7.0,0,0.068,1,870,Mobile,South,0
C03021,34,Male,3,1556.39,518.8,117,13.0,2,0.226,1,920,Web,North,0
C03022,24,Male,6,995.78,165.96,73,14.0,0,0.049,0,507,Web,North,0
C03023,36,Male,4,1076.44,269.11,94,6.0,1,0.06,0,522,Web,North,0
C03024,27,Female,9,442.44,49.16,24,10.0,3,0.218,0,134,Mobile,South,0
C03025,35,Male,6,910.24,151.71,38,11.0,2,0.288,0,540,Mobile,South,1
C03026,48,Female,6,873.55,145.59,122,11.0,6,0.142,0,99,Mobile,South,1
C03027,23,Male,3,844.18,281.39,22,10.0,5,0.295,1,736,Mobile,Central,0
C03028,53,Male,14,831.22,59.37,49,7.0,5,0.096,1,261,Mobile,North,1
C03029,28,Female,6,2536.92,422.82,79,8.0,5,0.38,0,256,Mobile,Central,0
C03030,60,Female,8,1540.9,192.61,112,14.0,3,0.169,0,401,Web,South,0
C03031,53,Male,3,390.57,130.19,45,9.0,2,0.579,1,781,Store,Central,0
C03032,31,Female,8,216.77,27.1,37,7.0,4,0.325,0,742,Mobile,Central,1
C03033,45,Female,8,885.12,110.64,65,8.0,4,0.336,1,1305,Mobile,Central,1
C03034,23,Male,9,1889.08,209.9,151,9.0,3,0.281,1,311,Web,Central,0
C03035,22,Female,5,480.75,96.15,65,8.0,3,0.385,1,428,Mobile,South,0
C03036,63,Female,10,1704.58,170.46,67,10.0,3,0.307,0,206,Mobile,South,0
C03037,56,Male,7,549.51,78.5,44,,4,0.324,0,447,Mobile,North,0
C03038,25,Female,5,749.65,149.93,24,11.0,2,0.725,1,1475,Web,South,0
C03039,31,Male,1,856.32,856.32,37,10.0,3,0.128,0,408,Web,North,0
C03040,27,Male,10,995.35,99.54,44,,2,0.251,0,1000,Mobile,South,1
C03041,36,Female,3,318.34,106.11,37,5.0,3,0.382,0,1264,Mobile,North,0
C03042,31,Female,3,381.75,127.25,48,7.0,1,0.214,1,1271,Web,North,1
C03043,33,Female,3,737.72,245.91,69,8.0,1,0.185,2,473,Web,South,0
C03044,43,Female,6,259.83,43.3,30,9.0,6,0.526,2,1084,Web,North,0
C03045,27,Female,7,689.66,98.52,91,11.0,2,0.369,1,530,Web,North,1
C03046,60,Male,7,1149.67,164.24,65,6.0,2,0.273,0,1173,Web,North,0
C03047,52,Female,5,455.16,91.03,51,8.0,3,0.374,0,345,Store,South,0
C03048,54,Female,4,673.04,168.26,42,4.0,5,0.493,1,907,Web,South,0
C03049,26,Female,8,1049.91,131.24,22,5.0,6,0.067,1,1408,Mobile,South,1
C03050,51,Male,2,348.87,174.44,70,9.0,6,0.162,1,749,Mobile,North,0
C03051,58,Male,3,1156.66,385.55,197,3.0,1,0.349,1,1275,Store,North,0
C03052,26,Male,11,916.9,83.35,114,5.0,2,0.317,1,1241,Mobile,South,0
C03053,54,Male,8,529.07,66.13,76,8.0,2,0.096,0,397,Web,Central,1
C03054,35,Male,8,2007.23,250.9,124,5.0,4,0.181,0,1465,Store,Central,0
C03055,55,Female,3,434.05,144.68,32,8.0,6,0.328,1,1205,Mobile,Central,0
C03056,40,Female,7,1206.82,172.4,27,6.0,4,0.259,1,128,Web,Central,1
C03057,56,Male,8,1233.83,154.23,48,7.0,3,0.329,0,1162,Mobile,North,0
C03058,25,Male,13,438.72,33.75,50,5.0,1,0.02,0,1159,Mobile,Central,1
C03059,36,Female,8,547.62,68.45,107,10.0,5,0.005,1,1072,Web,South,0
C03060,31,Male,8,1347.1,168.39,89,4.0,5,0.325,1,316,Mobile,South,0
C03061,29,Female,6,1625.41,270.9,7,6.0,2,0.079,0,1347,Web,South,0
C03062,32,Male,12,1167.71,97.31,91,5.0,2,0.492,0,377,Mobile,South,0
C03063,36,Male,5,1343.05,268.61,42,6.0,6,0.418,1,548,Store,South,0
C03064,24,Male,4,690.11,172.53,62,4.0,1,0.28,0,83,Mobile,North,1
C03065,51,Female,4,1841.59,460.4,46,9.0,2,0.307,0,740,Mobile,South,0
C03066,44,Male,10,272.96,27.3,29,12.0,7,0.234,1,1260,Mobile,South,1
C03067,57,Female,7,1099.69,157.1,62,7.0,1,0.391,0,37,Mobile,Central,0
C03068,51,Male,4,1803.46,450.86,28,13.0,3,0.111,0,1488,Mobile,South,0
C03069,25,Male,8,1673.66,209.21,43,10.0,1,0.517,0,310,Store,South,0
C03070,21,Female,4,93.65,23.41,24,6.0,4,0.118,1,250,Store,South,0
C03071,38,Male,10,1568.0,156.8,17,10.0,3,0.104,0,1381,Store,North,1
C03072,41,Male,2,680.2,340.1,190,15.0,5,0.291,3,920,Store,South,0
C03073,29,Female,5,668.12,133.62,33,9.0,3,0.274,0,646,Mobile,North,0
C03074,55,Female,10,1128.69,112.87,43,6.0,2,0.108,2,917,Web,South,1
C03075,45,Male,9,425.3,47.26,113,7.0,4,0.118,0,373,Web,North,0
C03076,53,Male,11,1235.45,112.31,54,11.0,4,0.441,1,330,Web,Central,1
C03077,23,Female,5,1748.31,349.66,23,8.0,5,0.016,1,868,Mobile,South,1
C03078,57,Female,8,2183.16,272.9,23,7.0,2,0.11,0,140,Web,Central,1
C03079,27,Female,9,2781.52,309.06,22,4.0,2,0.326,4,300,Mobile,North,1
C03080,39,Female,8,1152.14,144.02,150,5.0,2,0.53,0,1045,Web,North,0
C03081,39,Female,7,615.36,87.91,6,8.0,2,0.231,1,162,Store,Central,1
C03082,57,Male,5,492.07,98.41,19,2.0,1,0.27,0,1464,Mobile,South,0
C03083,31,Male,3,3090.37,1030.12,34,8.0,1,0.139,1,420,Mobile,Central,0
C03084,29,Female,8,773.52,96.69,34,16.0,3,0.476,0,187,Mobile,South,1
C03085,34,Female,9,132.27,14.7,31,7.0,3,0.105,0,1459,Mobile,South,1
C03086,35,Female,8,531.16,66.4,70,5.0,1,0.426,4,376,Web,North,0
C03087,26,Female,7,644.24,92.03,58,8.0,2,0.202,0,1208,Web,South,1
C03088,26,Male,4,1583.66,395.92,26,,7,0.244,0,1025,Mobile,South,1
C03089,29,Female,9,2270.1,252.23,32,11.0,3,0.611,0,352,Mobile,Central,0
C03090,40,Female,5,1689.67,337.93,228,11.0,5,0.166,3,888,Store,North,0
C03091,34,Male,4,1383.61,345.9,60,9.0,3,0.523,3,1476,Mobile,South,0
C03092,36,Female,5,2305.96,461.19,1,8.0,2,0.157,0,1492,Store,South,1
C03093,52,Female,7,1656.85,236.69,23,9.0,3,0.613,2,893,Web,North,0
C03094,29,Male,6,2001.06,333.51,31,6.0,3,0.256,0,484,Mobile,Central,0
C03095,61,Female,12,642.55,53.55,187,8.0,5,0.283,1,727,Mobile,South,0
C03096,54,Female,7,393.44,56.21,33,11.0,3,0.366,0,405,Web,South,1
C03097,26,Female,9,482.64,53.63,35,6.0,2,0.098,2,51,Mobile,South,0
C03098,33,Male,5,873.46,174.69,9,7.0,4,0.314,0,471,Mobile,South,1
C03099,26,Female,7,2826.47,403.78,50,11.0,1,0.163,1,1134,Mobile,North,1
C03100,31,Male,3,673.93,224.64,84,14.0,6,0.118,1,663,Mobile,South,0
C03101,35,Female,4,493.91,123.48,47,9.0,1,0.281,1,217,Mobile,North,1
C03102,24,Male,4,3684.38,921.1,33,14.0,2,0.717,1,475,Mobile,South,1
C03103,18,Female,6,1189.52,198.25,41,7.0,2,0.452,2,1350,Mobile,South,0
C03104,39,Female,10,728.09,72.81,81,8.0,0,0.634,1,631,Mobile,South,0
C03105,51,Female,7,352.21,50.32,38,7.0,3,0.09,2,363,Web,Central,0
C03106,32,Female,4,323.93,80.98,39,9.0,4,0.277,2,1059,Mobile,Central,1
C03107,59,Male,7,1785.99,255.14,65,5.0,2,0.34,0,1432,Web,North,1
C03108,35,Female,6,189.98,31.66,28,5.0,2,0.355,0,62,Store,North,1
C03109,61,Male,11,946.33,86.03,21,9.0,6,0.056,1,917,Mobile,North,1
C03110,29,Female,6,2229.4,371.57,10,6.0,1,0.227,0,932,Mobile,South,1
C03111,43,Male,6,665.29,110.88,43,13.0,4,0.078,1,1399,Mobile,North,0
C03112,54,Female,10,1189.11,118.91,27,8.0,0,0.129,1,649,Mobile,North,1
C03113,20,Male,11,577.36,52.49,91,9.0,5,0.483,0,787,Mobile,South,1
C03114,62,Female,6,2891.11,481.85,39,6.0,3,0.461,1,794,Store,South,0
C03115,35,Female,9,1283.83,142.65,83,11.0,0,0.342,0,968,Mobile,North,0
C03116,41,Male,10,2188.79,218.88,72,5.0,2,0.083,2,1191,Web,South,0
C03117,48,Male,5,1015.61,203.12,8,11.0,2,0.351,0,535,Web,South,0
C03118,48,Female,9,1176.21,130.69,16,7.0,4,0.198,2,949,Store,Central,1
C03119,19,Female,9,1393.2,154.8,158,9.0,4,0.318,0,566,Web,South,0
C03120,59,Male,10,863.06,86.31,29,8.0,4,0.11,0,1071,Store,Central,1
C03121,47,Male,8,1656.6,207.08,62,7.0,1,0.765,1,1114,Store,North,0
C03122,65,Male,8,958.31,119.79,43,9.0,5,0.085,1,1497,Mobile,North,0
C03123,40,Female,7,1491.43,213.06,9,5.0,1,0.129,0,970,Store,South,0
C03124,47,Female,4,2248.42,562.1,23,8.0,4,0.358,2,1234,Mobile,North,0
C03125,39,Male,11,1104.5,100.41,19,7.0,2,0.418,0,1357,Web,South,1
C03126,60,Female,7,641.89,91.7,79,10.0,5,0.209,1,1386,Mobile,South,0
C03127,57,Female,9,2140.86,237.87,23,12.0,4,,1,686,Mobile,North,1
C03128,61,Female,7,1391.9,198.84,66,12.0,4,0.074,1,569,Web,North,1
C03129,42,Male,4,757.71,189.43,14,8.0,5,0.319,0,357,Store,Central,0
C03130,55,Male,13,566.91,43.61,3,7.0,1,0.17,1,631,Mobile,South,1
C03131,35,Male,6,48.08,8.01,51,9.0,4,0.466,0,866,Mobile,North,0
C03132,40,Male,10,1020.84,102.08,64,6.0,1,0.349,1,85,Mobile,North,0
C03133,54,Male,4,977.93,244.48,34,9.0,4,0.163,0,551,Store,North,0
C03134,21,Male,9,520.54,57.84,49,14.0,2,0.309,0,491,Web,North,0
C03135,52,Male,10,529.37,52.94,11,6.0,2,0.309,1,772,Mobile,North,1
C03136,18,Female,8,562.42,70.3,36,6.0,2,0.515,0,681,Web,North,0
C03137,45,Male,9,937.92,104.21,91,9.0,4,0.298,2,159,Web,North,1
C03138,40,Female,11,1808.28,164.39,162,5.0,1,0.315,3,133,Web,South,0
C03139,40,Male,7,857.2,122.46,44,8.0,3,0.713,0,295,Store,South,1
C03140,41,Female,2,726.44,363.22,59,5.0,2,0.539,1,903,Mobile,South,1
C03141,41,Male,6,414.81,69.14,93,8.0,4,0.639,0,342,Mobile,Central,0
C03142,37,Female,7,186.79,26.68,52,5.0,3,0.272,1,434,Mobile,North,1
C03143,39,Female,3,424.16,141.39,62,9.0,1,0.411,0,298,Web,South,0
C03144,45,Male,3,673.41,224.47,129,10.0,3,0.055,1,556,Store,Central,0
C03145,54,Female,6,605.27,100.88,60,12.0,3,0.591,1,428,Mobile,North,1
C03146,44,Male,7,1139.3,162.76,35,13.0,4,0.652,0,458,Mobile,South,1
C03147,48,Female,9,1045.01,116.11,127,9.0,6,0.169,2,943,Store,North,0
C03148,58,Male,12,434.16,36.18,56,5.0,3,0.478,0,1256,Store,South,1
C03149,65,Male,8,1144.23,143.03,15,4.0,4,0.071,1,1486,Mobile,South,1
C03150,23,Male,12,537.19,44.77,38,7.0,3,0.392,0,864,Mobile,North,0
C03151,52,Female,5,882.41,176.48,175,7.0,2,0.014,0,392,Mobile,North,0
C03152,28,Male,5,413.6,82.72,98,5.0,2,0.362,0,944,Web,Central,0
C03153,27,Female,3,1140.58,380.19,29,10.0,4,0.291,0,877,Store,South,0
C03154,56,Male,3,585.18,195.06,107,5.0,1,0.161,0,986,Web,North,0
C03155,21,Male,11,2140.8,194.62,38,4.0,1,0.4,1,447,Store,Central,1
C03156,58,Male,10,615.14,61.51,24,8.0,3,0.117,0,1248,Web,Central,1
C03157,54,Female,7,387.0,55.29,92,8.0,2,0.083,2,259,Web,South,0
C03158,65,Female,7,605.28,86.47,16,8.0,4,0.012,0,160,Web,North,1
C03159,50,Male,4,500.36,125.09,24,4.0,2,0.111,1,1158,Web,South,0
C03160,59,Female,9,157.81,17.53,51,9.0,4,0.332,1,768,Web,North,0
C03161,23,Male,8,2274.21,284.28,58,6.0,1,0.382,1,1074,Mobile,North,0
C03162,60,Male,8,1299.74,162.47,82,12.0,0,0.053,2,213,Mobile,Central,0
C03163,25,Female,6,1047.03,174.5,20,5.0,4,0.423,0,153,Web,Central,1
C03164,33,Male,5,787.46,157.49,52,10.0,3,0.24,0,693,Mobile,North,0
C03165,24,Male,7,415.48,59.35,4,5.0,5,0.63,0,503,Web,South,0
C03166,37,Female,5,232.11,46.42,6,8.0,1,0.144,0,200,Web,South,1
C03167,53,Male,9,874.69,97.19,25,4.0,4,0.059,0,368,Mobile,North,1
C03168,30,Female,9,944.25,104.92,82,10.0,4,0.475,1,953,Mobile,North,1
C03169,57,Female,7,749.47,107.07,68,4.0,2,0.142,0,1450,Web,South,0
C03170,47,Female,10,2970.64,297.06,38,15.0,2,0.231,0,366,Web,North,1
C03171,48,Female,7,153.4,21.91,8,14.0,2,0.198,3,500,Web,South,1
C03172,63,Female,7,824.07,117.72,57,5.0,4,0.296,0,94,Web,South,1
C03173,38,Male,8,160.83,20.1,260,9.0,2,0.296,1,1230,Store,North,0
C03174,34,Female,8,721.65,90.21,46,6.0,1,0.181,0,484,Mobile,South,1
C03175,65,Female,6,670.33,111.72,16,7.0,5,0.243,0,446,Mobile,Central,0
C03176,44,Female,6,277.63,46.27,43,7.0,1,0.418,1,723,Web,South,1
C03177,47,Male,10,462.55,46.26,10,6.0,2,0.158,0,906,Web,Central,0
C03178,32,Female,9,748.44,83.16,29,9.0,6,0.065,0,1441,Web,North,1
C03179,28,Female,3,785.46,261.82,78,3.0,2,0.28,0,412,Web,Central,0
C03180,26,Male,5,564.88,112.98,121,5.0,2,0.21,0,534,Store,South,0
C03181,28,Female,15,1957.78,130.52,36,9.0,5,0.037,1,1219,Store,South,1
C03182,27,Male,5,1622.19,324.44,13,5.0,1,0.47,0,1426,Web,North,1
C03183,53,Male,5,366.37,73.27,81,6.0,5,0.446,1,853,Store,South,0
C03184,20,Female,7,357.26,51.04,55,5.0,6,0.227,0,299,Store,North,0
C03185,48,Male,7,502.08,71.73,42,5.0,1,0.123,1,186,Mobile,Central,1
C03186,63,Male,5,1071.32,214.26,49,10.0,2,0.181,1,1199,Web,South,1
C03187,54,Male,9,678.8,75.42,37,10.0,2,0.516,0,402,Store,Central,1
C03188,37,Male,7,981.84,140.26,46,8.0,3,0.374,0,272,Mobile,South,1
C03189,20,Female,4,1656.6,414.15,53,8.0,1,0.131,0,308,Web,South,0
C03190,58,Female,7,456.03,65.15,57,,3,0.299,0,553,Store,North,1
C03191,18,Female,5,200.66,40.13,49,8.0,1,0.11,2,1276,Mobile,North,0
C03192,50,Male,8,1198.28,149.78,22,2.0,2,0.06,1,1102,Mobile,Central,0
C03193,50,Female,4,451.51,112.88,156,6.0,5,0.315,1,1400,Web,North,0
C03194,27,Female,4,1148.22,287.06,44,5.0,1,0.332,0,934,Web,South,0
C03195,53,Female,6,1037.26,172.88,7,10.0,4,0.283,1,1278,Web,South,1
C03196,26,Male,11,1769.2,160.84,39,7.0,5,0.238,0,1409,Mobile,South,1
C03197,28,Male,7,1098.25,156.89,41,9.0,0,0.226,0,1026,Store,North,1
C03198,56,Female,5,912.59,182.52,24,7.0,4,0.476,1,625,Web,North,0
C03199,64,Female,8,876.15,109.52,17,9.0,2,0.161,2,928,Store,South,1
C03200,30,Male,5,2511.27,502.25,53,10.0,1,0.367,0,667,Web,North,0
C03201,62,Female,9,988.61,109.85,52,13.0,3,0.219,1,1157,Mobile,North,0
C03202,61,Male,6,728.02,121.34,15,8.0,3,0.347,0,347,Web,North,0
C03203,54,Male,7,608.2,86.89,53,9.0,2,0.335,0,223,Web,South,0
C03204,24,Female,5,1196.43,239.29,63,7.0,2,0.34,1,255,Web,South,0
C03205,32,Female,11,2285.77,207.8,14,10.0,3,0.287,1,1366,Web,North,1
C03206,50,Male,6,1343.79,223.96,37,9.0,1,0.577,1,1066,Store,Central,1
C03207,65,Female,5,2052.63,410.53,154,9.0,1,0.371,1,903,Web,Central,0
C03208,57,Female,3,1405.53,468.51,74,9.0,4,0.342,1,1270,Web,North,0
C03209,38,Male,7,297.91,42.56,74,10.0,4,0.225,2,256,Mobile,Central,1
C03210,29,Female,5,3109.3,621.86,75,7.0,4,0.321,1,945,Web,North,1
C03211,64,Female,6,1052.19,175.36,104,6.0,5,0.383,0,1316,Mobile,North,1
C03212,31,Female,7,2532.4,361.77,25,7.0,1,0.45,0,219,Mobile,North,1
C03213,34,Female,14,2045.36,146.1,9,11.0,4,0.131,1,900,Web,North,1
C03214,64,Female,3,261.82,87.27,37,9.0,1,0.208,1,394,,North,0
C03215,44,Male,3,892.75,297.58,30,9.0,2,0.576,1,783,Mobile,South,0
C03216,30,Male,13,547.1,42.08,33,10.0,3,0.053,0,445,Store,South,0
C03217,18,Female,9,487.79,54.2,78,8.0,2,0.213,0,404,Mobile,North,0
C03218,38,Female,11,1138.99,103.54,25,11.0,2,0.164,2,1040,Web,South,0
C03219,65,Male,4,1560.41,390.1,159,7.0,1,0.356,0,140,Web,North,0
C03220,38,Male,5,355.62,71.12,6,11.0,2,0.182,0,1253,Mobile,North,1
C03221,51,Female,4,319.16,79.79,111,16.0,2,0.279,0,531,Store,Central,0
C03222,30,Male,3,960.59,320.2,11,9.0,2,0.674,0,1127,Mobile,North,0
C03223,55,Male,8,1409.93,176.24,76,11.0,3,0.412,0,59,,Central,0
C03224,55,Female,6,1730.44,288.41,73,9.0,5,0.517,0,872,Store,North,0
C03225,47,Female,5,2440.65,488.13,38,3.0,2,0.559,0,1037,Web,South,0
C03226,55,Female,10,2259.46,225.95,82,5.0,2,0.391,1,739,Web,South,0
C03227,45,Female,8,1249.13,156.14,23,,4,0.485,0,1062,Web,Central,1
C03228,36,Male,12,1395.76,116.31,19,6.0,3,0.148,0,1095,Web,North,1
C03229,53,Female,3,1668.78,556.26,77,8.0,3,0.62,1,1489,Web,North,0
C03230,58,Male,13,332.75,25.6,30,11.0,2,0.162,0,508,Web,South,1
C03231,58,Male,8,849.88,106.24,147,12.0,4,0.139,2,77,Web,Central,0
C03232,28,Female,5,2046.63,409.33,77,10.0,2,0.341,1,837,Web,North,0
C03233,50,Female,8,483.45,60.43,60,5.0,2,0.092,1,1040,Mobile,Central,1
C03234,18,Female,5,262.54,52.51,32,4.0,4,0.053,0,1471,Mobile,South,1
C03235,45,Male,7,495.11,70.73,16,6.0,1,0.061,0,326,Web,North,0
C03236,45,Female,8,603.25,75.41,97,7.0,3,0.104,0,298,Web,North,0
C03237,35,Female,8,964.88,120.61,96,7.0,0,0.211,0,817,Mobile,South,1
C03238,65,Female,3,1382.92,460.97,25,6.0,1,0.355,0,997,Mobile,South,0
C03239,60,Female,4,1701.5,425.38,13,2.0,3,0.565,1,378,Web,South,0
C03240,19,Male,3,1273.74,424.58,50,5.0,2,0.122,0,353,Web,South,0
C03241,28,Female,8,2141.31,267.66,47,11.0,3,0.283,1,144,Mobile,North,0
C03242,27,Female,6,584.42,97.4,86,9.0,2,0.274,1,68,Mobile,South,0
C03243,61,Female,7,571.66,81.67,38,11.0,6,0.689,0,1035,Mobile,South,1
C03244,42,Female,4,391.19,97.8,135,5.0,3,0.246,0,1190,Mobile,South,0
C03245,52,Female,7,904.78,129.25,68,6.0,2,0.282,1,1297,Web,South,0
C03246,56,Male,7,533.53,76.22,150,14.0,4,0.025,2,57,Mobile,South,1
C03247,54,Male,11,1794.51,163.14,13,8.0,1,0.065,0,1425,Store,South,1
C03248,22,Female,8,319.99,40.0,54,8.0,3,0.2,0,315,Mobile,South,0
C03249,24,Female,7,2060.82,294.4,127,3.0,4,0.452,2,1479,Store,Central,0
C03250,36,Female,4,475.15,118.79,14,10.0,3,0.134,0,1024,Mobile,Central,1
C03251,34,Male,5,1896.15,379.23,92,6.0,4,,0,539,Store,North,0
C03252,53,Male,9,602.29,66.92,8,6.0,4,0.305,1,1070,Mobile,South,1
C03253,25,Female,6,1530.24,255.04,16,3.0,4,0.095,0,517,Store,North,0
C03254,35,Female,11,972.67,88.42,14,7.0,2,0.238,0,1327,Web,South,1
C03255,29,Male,4,1485.03,371.26,17,5.0,4,0.474,0,1156,Store,North,0
C03256,27,Female,3,193.93,64.64,83,7.0,4,0.141,1,512,Store,South,0
C03257,26,Male,8,771.41,96.43,37,5.0,2,0.085,0,343,Web,Central,1
C03258,27,Female,6,1969.91,328.32,44,9.0,5,0.123,0,1425,Store,South,0
C03259,45,Male,6,878.57,146.43,23,7.0,5,0.29,0,170,Web,South,0
C03260,37,Male,6,570.46,95.08,48,8.0,4,0.19,0,753,Store,Central,0
C03261,38,Male,10,304.17,30.42,123,11.0,3,0.146,0,720,Mobile,North,0
C03262,41,Female,9,508.35,56.48,15,10.0,1,0.136,2,250,Mobile,South,0
C03263,53,Female,8,2160.3,270.04,357,9.0,5,0.152,1,1265,Mobile,South,0
C03264,59,Female,8,1318.15,164.77,40,11.0,2,0.341,0,63,Store,Central,1
C03265,43,Male,7,1559.09,222.73,21,10.0,3,0.25,0,165,Mobile,South,1
C03266,48,Male,6,737.67,122.94,14,11.0,2,0.147,1,386,Store,North,1
C03267,53,Male,5,695.2,139.04,62,3.0,2,0.488,2,1199,Web,South,0
C03268,51,Female,7,1551.52,221.65,56,9.0,4,0.103,1,847,Mobile,Central,1
C03269,24,Male,11,1825.35,165.94,16,7.0,4,,2,1455,Mobile,North,1
C03270,65,Female,8,644.31,80.54,108,6.0,2,0.326,1,1343,Web,South,0
C03271,25,Female,4,1340.08,335.02,70,10.0,5,0.328,1,1106,Mobile,South,0
C03272,37,Female,12,1177.97,98.16,104,2.0,1,0.433,2,767,Web,South,0
C03273,49,Male,10,283.89,28.39,116,7.0,7,0.373,0,1369,Web,Central,0
C03274,37,Female,8,1133.51,141.69,13,8.0,2,0.339,2,1106,Web,South,1
C03275,29,Male,12,932.5,77.71,115,12.0,5,0.118,2,1022,Mobile,South,1
C03276,62,Male,7,331.28,47.33,78,8.0,7,0.509,0,498,Mobile,North,0
C03277,21,Female,6,1465.81,244.3,69,9.0,5,0.313,2,1138,Web,South,0
C03278,29,Female,10,420.94,42.09,39,,4,0.294,0,1177,Mobile,North,1
C03279,65,Female,7,584.58,83.51,110,7.0,5,0.252,0,858,Mobile,Central,0
C03280,53,Male,8,4445.68,555.71,122,9.0,2,0.394,1,1275,Web,South,0
C03281,22,Female,6,555.24,92.54,65,10.0,4,0.208,0,1403,Mobile,Central,1
C03282,54,Female,4,754.29,188.57,69,7.0,6,0.212,0,445,Mobile,North,0
C03283,64,Male,9,273.85,30.43,188,4.0,2,0.184,0,522,Web,North,0
C03284,22,Female,4,2992.69,748.17,1,9.0,4,,0,490,Mobile,North,1
C03285,37,Male,7,2257.7,322.53,132,6.0,6,0.259,0,1220,Store,North,0
C03286,40,Female,4,140.36,35.09,50,11.0,2,0.132,2,450,Mobile,Central,0
C03287,24,Female,7,4059.19,579.88,140,8.0,1,0.473,1,1092,Web,Central,0
C03288,27,Female,9,2688.58,298.73,22,11.0,2,0.293,2,50,Store,Central,1
C03289,26,Female,7,1056.55,150.94,64,12.0,5,0.273,0,652,Mobile,South,0
C03290,26,Male,13,491.59,37.81,63,7.0,1,0.604,0,1276,Web,Central,1
C03291,37,Female,5,2135.94,427.19,74,5.0,1,0.125,1,1110,,South,0
C03292,40,Female,6,1551.5,258.58,40,8.0,2,0.697,1,1296,Mobile,North,0
C03293,29,Male,6,3238.95,539.82,31,9.0,5,0.187,1,811,Mobile,Central,0
C03294,31,Male,8,3037.01,379.63,74,5.0,5,0.257,1,261,Mobile,North,0
C03295,27,Female,6,945.49,157.58,81,5.0,4,0.149,1,119,Store,North,0
C03296,56,Female,6,1072.13,178.69,46,11.0,3,0.264,1,770,Mobile,Central,0
C03297,28,Female,8,460.16,57.52,72,6.0,3,0.634,0,634,Web,North,0
C03298,61,Female,7,502.54,71.79,157,6.0,5,0.31,0,954,Web,Central,0
C03299,43,Female,5,855.46,171.09,53,12.0,3,0.39,1,1226,Web,Central,0
C03300,56,Male,6,1456.7,242.78,5,4.0,2,0.417,0,1198,Mobile,South,1
C03301,48,Male,6,3208.55,534.76,66,6.0,4,0.146,0,603,Web,Central,1
C03302,30,Female,6,515.02,85.84,16,12.0,3,0.377,1,732,Web,South,1
C03303,46,Female,6,888.81,148.14,61,5.0,5,0.162,0,887,Mobile,North,1
C03304,31,Female,5,1682.47,336.49,96,8.0,4,0.22,1,1349,Web,North,0
C03305,23,Female,7,1057.05,151.01,44,20.0,0,0.021,1,167,Web,North,0
C03306,30,Female,4,1377.93,344.48,89,8.0,5,0.359,1,697,Web,South,0
C03307,31,Female,6,1003.23,167.2,90,5.0,1,0.238,1,1206,Store,North,0
C03308,24,Female,5,360.8,72.16,116,13.0,3,0.372,1,220,Mobile,South,1
C03309,19,Male,7,2088.6,298.37,174,6.0,5,0.663,2,560,Mobile,North,0
C03310,63,Female,7,1399.96,199.99,141,5.0,2,0.129,0,1465,Mobile,North,0
C03311,42,Female,10,631.01,63.1,3,10.0,1,0.328,2,886,Web,South,1
C03312,37,Male,5,818.89,163.78,30,6.0,0,0.238,1,578,Mobile,South,0
C03313,62,Female,12,582.16,48.51,21,14.0,3,0.137,0,295,Mobile,South,1
C03314,28,Female,17,1518.23,89.31,79,7.0,4,0.278,0,75,Mobile,South,0
C03315,37,Female,5,240.35,48.07,44,9.0,5,0.226,1,522,Web,North,1
C03316,58,Female,9,563.18,62.58,24,8.0,2,0.199,2,1481,Mobile,South,1
C03317,48,Male,8,742.7,92.84,31,7.0,2,,1,81,Web,North,1
C03318,37,Male,6,751.22,125.2,35,9.0,3,0.46,0,1022,Store,North,0
C03319,30,Male,9,434.41,48.27,88,9.0,2,0.546,0,187,Mobile,North,1
C03320,19,Male,7,988.01,141.14,10,,5,0.387,0,1234,Store,South,1
C03321,22,Female,8,243.65,30.46,25,12.0,5,0.399,0,1405,Store,North,1
C03322,25,Female,7,1537.76,219.68,2,10.0,6,0.425,0,646,Mobile,North,1
C03323,55,Female,5,2562.26,512.45,87,8.0,5,0.072,2,123,Mobile,North,0
C03324,48,Male,6,1196.06,199.34,109,3.0,6,0.255,0,716,Mobile,South,0
C03325,38,Male,6,438.34,73.06,71,10.0,0,0.137,1,551,Mobile,North,0
C03326,55,Male,6,1443.97,240.66,79,,0,0.737,0,200,Web,Central,0
C03327,25,Female,6,759.69,126.62,58,5.0,1,0.065,1,708,Web,North,0
C03328,28,Male,9,1194.98,132.78,70,6.0,1,0.158,1,411,Web,South,0
C03329,36,Female,8,1017.04,127.13,6,7.0,1,0.097,1,1056,Mobile,North,1
C03330,62,Female,10,1655.97,165.6,68,10.0,3,0.67,0,418,Mobile,South,0
C03331,47,Female,5,1181.99,236.4,23,8.0,0,0.27,0,978,Store,North,1
C03332,58,Male,6,713.4,118.9,80,8.0,4,0.366,2,282,Mobile,Central,0
C03333,29,Male,11,540.56,49.14,41,6.0,2,0.47,0,71,Mobile,North,1
C03334,58,Female,7,793.21,113.32,130,9.0,3,0.177,0,274,Mobile,North,0
C03335,21,Female,9,1801.63,200.18,60,15.0,2,0.212,0,1357,Mobile,South,0
C03336,28,Male,4,775.79,193.95,21,4.0,3,0.261,1,1163,Mobile,Central,0
C03337,43,Female,5,1356.76,271.35,14,5.0,2,0.156,0,776,Web,North,0
C03338,20,Female,8,1417.55,177.19,23,6.0,3,0.207,0,693,Web,North,0
C03339,59,Male,8,848.18,106.02,48,13.0,0,0.466,1,748,Web,South,1
C03340,59,Male,11,801.87,72.9,123,8.0,1,0.239,0,189,Mobile,South,0
C03341,43,Male,3,919.43,306.48,34,7.0,2,0.207,1,1323,Mobile,South,0
C03342,32,Male,6,269.07,44.84,66,9.0,1,0.105,0,1054,Store,North,0
C03343,22,Male,7,1280.47,182.92,13,13.0,4,0.281,0,672,Mobile,North,0
C03344,47,Female,8,664.96,83.12,78,10.0,0,0.06,0,1130,Mobile,North,0
C03345,43,Male,3,1098.59,366.2,43,8.0,1,0.162,0,879,Mobile,North,0
C03346,54,Female,3,619.85,206.62,65,5.0,1,0.077,1,149,Mobile,North,0
C03347,46,Female,4,2229.79,557.45,137,11.0,4,0.192,0,435,Mobile,North,0
C03348,24,Male,7,2259.04,322.72,53,8.0,5,0.134,1,826,Mobile,South,0
C03349,23,Male,8,1416.05,177.01,15,12.0,1,0.407,0,1357,Mobile,South,0
C03350,55,Female,4,119.41,29.85,57,9.0,5,0.166,1,1217,Mobile,South,0
C03351,25,Female,8,872.2,109.02,55,11.0,2,0.376,3,1082,Web,South,0
C03352,63,Female,10,1664.66,166.47,89,2.0,1,0.482,3,697,Web,Central,0
C03353,23,Male,9,3490.08,387.79,53,6.0,4,0.156,2,1189,Mobile,Central,1
C03354,52,Male,10,347.78,34.78,133,8.0,0,0.226,4,875,Web,North,0
C03355,64,Male,6,126.94,21.16,92,13.0,2,0.16,2,158,Web,South,0
C03356,39,Female,7,666.0,95.14,54,8.0,1,0.229,0,1138,Web,Central,0
C03357,20,Female,5,607.63,121.53,49,,7,0.102,1,96,Web,Central,0
C03358,60,Female,3,1408.17,469.39,18,11.0,2,0.754,0,1023,Store,North,1
C03359,26,Female,7,424.19,60.6,37,3.0,6,0.393,0,94,Web,Central,0
C03360,43,Male,6,632.06,105.34,10,5.0,0,0.224,1,355,Web,Central,1
C03361,65,Female,4,681.22,170.3,44,7.0,3,0.189,0,465,Mobile,South,1
C03362,53,Male,3,1119.85,373.28,8,8.0,1,0.509,1,1449,Mobile,South,0
C03363,20,Female,7,1359.74,194.25,55,5.0,4,0.776,1,1094,Mobile,North,1
C03364,57,Female,2,556.71,278.36,17,6.0,3,0.458,1,306,Web,North,0
C03365,25,Female,3,1125.01,375.0,67,11.0,3,0.503,0,1137,Web,North,0
C03366,53,Male,8,138.83,17.35,51,8.0,3,0.012,1,403,Store,South,1
C03367,47,Female,4,2353.66,588.42,31,10.0,4,0.18,1,439,Web,North,0
C03368,31,Female,4,475.17,118.79,12,12.0,2,0.495,1,786,Mobile,Central,1
C03369,38,Male,8,1901.47,237.68,48,11.0,7,0.104,0,709,Web,North,0
C03370,23,Male,10,604.63,60.46,45,5.0,2,0.242,1,836,Web,Central,0
C03371,65,Female,10,1396.73,139.67,168,7.0,3,0.219,0,1459,Mobile,Central,0
C03372,29,Male,6,762.98,127.16,35,4.0,2,0.228,0,42,Mobile,South,0
C03373,32,Male,3,1592.72,530.91,84,12.0,3,0.242,1,378,Store,North,1
C03374,42,Male,12,1823.36,151.95,26,10.0,2,0.392,2,981,Mobile,North,1
C03375,50,Male,7,2208.96,315.57,20,7.0,3,0.186,0,1058,Mobile,South,0
C03376,42,Male,10,1255.0,125.5,72,8.0,1,0.21,0,1012,Mobile,Central,0
C03377,42,Female,6,194.26,32.38,33,8.0,1,0.658,1,467,Store,South,1
C03378,45,Male,8,437.24,54.66,47,4.0,2,0.236,1,331,Web,Central,1
C03379,59,Female,9,2271.16,252.35,3,7.0,3,0.488,0,803,Store,North,1
C03380,36,Male,8,838.02,104.75,28,6.0,0,0.199,1,686,Web,South,0
C03381,57,Male,11,795.41,72.31,31,9.0,2,0.124,0,228,Web,South,0
C03382,55,Male,11,1444.84,131.35,18,12.0,2,0.096,1,1162,Web,North,0
C03383,64,Female,6,1304.02,217.34,36,10.0,1,0.359,0,378,Mobile,North,0
C03384,61,Female,5,3040.12,608.02,9,10.0,3,0.416,1,1225,Mobile,North,0
C03385,56,Female,7,915.31,130.76,55,12.0,5,0.409,0,1286,Store,North,0
C03386,29,Male,10,825.45,82.54,37,6.0,5,0.242,1,631,Store,North,1
C03387,55,Male,11,1779.51,161.77,34,7.0,0,0.442,0,67,Mobile,South,1
C03388,53,Male,8,1488.77,186.1,72,10.0,6,0.154,0,1288,Web,Central,0
C03389,31,Female,7,349.0,49.86,19,11.0,2,0.289,2,1154,Web,South,1
C03390,50,Male,8,837.29,104.66,137,11.0,3,0.069,2,122,Store,Central,0
C03391,30,Female,7,3173.57,453.37,18,10.0,1,0.137,0,664,Store,South,1
C03392,43,Female,4,519.6,129.9,93,12.0,3,0.313,0,1217,Mobile,Central,0
C03393,56,Female,6,812.02,135.34,123,5.0,3,0.428,2,653,Store,Central,0
C03394,27,Female,9,2701.17,300.13,6,11.0,3,0.197,1,1209,Store,North,1
C03395,34,Male,6,2665.89,444.32,25,11.0,2,0.285,2,1305,Web,South,0
C03396,56,Female,11,2084.3,189.48,13,7.0,7,0.312,3,1200,Web,South,1
C03397,39,Male,6,737.8,122.97,70,7.0,5,0.403,2,1186,Store,North,0
C03398,64,Female,6,581.19,96.86,28,4.0,3,0.278,0,1309,Web,North,0
C03399,18,Female,6,1745.85,290.97,19,12.0,5,0.038,0,1280,Web,South,1
C03400,52,Male,2,2341.09,1170.54,41,9.0,4,0.229,0,580,Web,South,0
C03401,57,Female,10,903.8,90.38,48,4.0,2,0.192,0,526,Web,North,1
C03402,62,Male,8,1236.38,154.55,111,4.0,3,0.163,0,103,Mobile,Central,0
C03403,25,Male,9,547.44,60.83,111,13.0,6,0.144,1,565,Mobile,North,0
C03404,65,Female,5,286.81,57.36,24,7.0,1,0.734,0,1409,Mobile,Central,0
C03405,36,Male,12,307.39,25.62,10,9.0,6,0.175,0,514,Web,North,1
C03406,34,Female,6,912.12,152.02,63,6.0,7,0.502,0,1145,Mobile,Central,0
C03407,35,Female,7,505.23,72.18,40,6.0,3,0.475,1,383,Mobile,South,0
C03408,48,Female,4,1176.28,294.07,117,8.0,5,0.345,0,1312,Mobile,South,0
C03409,49,Male,12,578.41,48.2,120,5.0,4,0.494,0,1312,Web,South,0
C03410,40,Male,11,2015.97,183.27,66,5.0,6,0.255,1,221,Web,North,1
C03411,21,Female,10,703.62,70.36,53,5.0,6,0.592,2,787,Mobile,North,0
C03412,65,Male,6,780.84,130.14,57,3.0,4,0.233,3,1349,Web,North,0
C03413,28,Female,11,2274.7,206.79,52,6.0,2,,0,210,Mobile,South,1
C03414,22,Male,7,1104.94,157.85,56,5.0,8,0.147,0,614,Mobile,South,0
C03415,46,Male,5,1189.57,237.91,31,10.0,5,0.176,0,1490,Web,South,0
C03416,37,Female,6,795.76,132.63,28,14.0,4,0.461,2,628,Store,South,1
C03417,47,Female,4,1026.87,256.72,34,9.0,0,0.476,1,214,Mobile,South,1
C03418,60,Female,11,397.15,36.1,161,4.0,2,0.385,0,728,Web,North,0
C03419,22,Female,8,1778.85,222.36,3,5.0,2,0.557,0,612,Store,Central,1
C03420,31,Male,7,618.19,88.31,28,12.0,2,0.13,1,1435,Mobile,South,1
C03421,42,Male,5,337.22,67.44,33,9.0,2,0.11,0,1185,Store,South,0
C03422,55,Male,1,1773.19,1773.19,63,8.0,4,0.172,0,95,Web,North,0
C03423,46,Female,5,1311.87,262.37,27,8.0,3,0.385,1,1338,Mobile,North,0
C03424,36,Male,7,1433.41,204.77,125,6.0,6,0.321,1,927,Web,South,0
C03425,47,Female,8,955.3,119.41,105,9.0,4,0.439,1,1087,Mobile,Central,0
C03426,65,Male,5,2404.06,480.81,130,4.0,1,0.117,2,40,Mobile,South,0
C03427,41,Female,5,594.09,118.82,54,8.0,4,0.023,1,492,Web,South,0
C03428,60,Female,6,894.62,149.1,119,6.0,1,0.152,0,1308,Mobile,North,0
C03429,55,Female,5,169.07,33.81,24,5.0,7,0.153,0,1173,Web,North,0
C03430,32,Male,7,70.9,10.13,48,5.0,0,0.262,0,534,Web,South,0
C03431,29,Female,5,1112.32,222.46,6,8.0,7,0.698,1,581,Mobile,South,1
C03432,54,Male,7,1326.66,189.52,70,11.0,4,0.227,0,773,Store,North,0
C03433,27,Male,5,1061.35,212.27,69,7.0,0,0.137,0,1027,Web,South,0
C03434,34,Male,8,1331.13,166.39,54,5.0,2,0.283,0,1034,Web,South,0
C03435,29,Male,3,1744.45,581.48,39,6.0,1,0.413,1,1313,Web,South,0
C03436,47,Female,3,891.92,297.31,87,6.0,1,0.13,0,953,Web,Central,0
C03437,32,Male,3,760.08,253.36,115,7.0,3,0.038,1,1384,Mobile,South,0
C03438,49,Male,9,453.18,50.35,166,9.0,5,0.397,1,793,Mobile,South,0
C03439,62,Female,5,1176.44,235.29,67,6.0,5,0.65,0,1377,Web,South,0
C03440,57,Female,6,1890.25,315.04,45,8.0,2,0.165,0,543,Web,Central,0
C03441,63,Female,10,1501.69,150.17,31,11.0,3,0.14,0,1195,Web,South,1
C03442,19,Female,6,3027.8,504.63,74,9.0,3,0.592,1,240,Mobile,North,0
C03443,39,Male,5,1007.71,201.54,24,9.0,1,0.505,1,1376,Store,South,0
C03444,28,Female,5,702.71,140.54,70,10.0,3,0.168,0,1037,Web,South,1
C03445,62,Male,6,860.11,143.35,25,11.0,3,0.24,1,1437,Web,North,1
C03446,52,Male,1,1593.99,1593.99,47,5.0,3,0.395,0,947,Mobile,Central,0
C03447,33,Male,6,1325.12,220.85,22,4.0,1,0.081,1,30,Store,South,0
C03448,45,Female,7,617.94,88.28,33,9.0,1,0.121,0,950,Mobile,Central,1
C03449,47,Male,4,1137.61,284.4,65,10.0,3,0.143,3,231,Mobile,South,0
C03450,41,Female,2,566.6,283.3,95,9.0,2,0.537,1,65,Store,South,0
C03451,40,Male,10,1331.88,133.19,38,5.0,3,0.101,1,615,Mobile,North,1
C03452,20,Male,9,212.07,23.56,4,10.0,3,0.349,1,348,Mobile,South,1
C03453,39,Male,8,278.87,34.86,8,12.0,3,0.192,3,687,Mobile,South,1
C03454,34,Male,9,340.98,37.89,8,4.0,2,0.052,2,471,,North,1
C03455,57,Male,4,465.87,116.47,121,5.0,4,0.67,0,1026,Store,South,0
C03456,59,Female,13,1248.97,96.07,232,10.0,6,0.487,0,1460,Mobile,South,0
C03457,54,Female,6,1567.89,261.32,45,5.0,2,0.278,3,948,Mobile,Central,0
C03458,19,Male,4,933.49,233.37,9,11.0,3,0.576,1,457,Web,South,1
C03459,58,Female,8,338.14,42.27,20,15.0,1,0.396,1,573,Web,Central,1
C03460,37,Male,11,1791.53,162.87,18,10.0,2,0.374,0,944,Web,Central,1
C03461,37,Male,5,878.63,175.73,117,9.0,3,0.3,1,991,,North,0
C03462,63,Male,6,2030.19,338.36,34,7.0,0,0.319,0,286,Store,Central,1
C03463,59,Female,11,1005.49,91.41,342,10.0,2,0.361,0,766,Store,North,0
C03464,20,Male,6,248.54,41.42,17,4.0,4,0.369,2,604,Web,South,0
C03465,35,Female,7,525.96,75.14,19,9.0,3,0.78,2,694,Mobile,North,0
C03466,53,Male,4,215.38,53.84,34,11.0,3,0.365,1,225,Mobile,South,0
C03467,43,Female,5,111.99,22.4,31,8.0,1,0.044,2,1282,Store,South,1
C03468,30,Male,5,714.51,142.9,104,10.0,4,,0,577,Mobile,South,0
C03469,43,Female,8,1015.78,126.97,51,8.0,2,0.384,0,1109,Store,Central,1
C03470,59,Female,10,2091.68,209.17,78,3.0,2,0.164,0,283,Store,North,0
C03471,28,Male,10,1258.12,125.81,61,11.0,1,0.443,2,175,Mobile,Central,0
C03472,53,Male,4,1628.66,407.16,61,4.0,0,,0,144,Store,Central,0
C03473,53,Female,8,642.07,80.26,41,6.0,4,0.171,0,500,Mobile,South,0
C03474,60,Female,3,346.54,115.51,110,9.0,6,0.093,0,234,Web,Central,0
C03475,32,Female,8,1003.07,125.38,94,5.0,0,0.367,1,1138,Web,South,0
C03476,28,Male,9,646.07,71.79,24,11.0,2,0.176,0,500,Web,South,0
C03477,44,Female,7,1521.12,217.3,35,10.0,3,0.475,1,621,Store,North,1
C03478,43,Male,10,666.89,66.69,21,3.0,2,0.392,1,464,Web,South,0
C03479,37,Male,8,1261.11,157.64,53,5.0,4,0.261,0,1273,Store,South,1
C03480,55,Female,5,2658.29,531.66,66,10.0,4,0.448,1,1333,Mobile,North,0
C03481,56,Female,9,1478.09,164.23,31,8.0,3,0.162,0,819,Mobile,Central,1
C03482,29,Female,8,2173.6,271.7,35,8.0,6,0.133,1,1334,Store,North,0
C03483,56,Female,7,258.36,36.91,23,13.0,2,0.155,0,541,Mobile,Central,0
C03484,29,Male,7,318.81,45.54,19,10.0,5,0.281,1,868,Mobile,North,1
C03485,37,Female,8,1042.62,130.33,34,10.0,1,0.404,0,1391,Mobile,North,0
C03486,19,Male,8,1470.35,183.79,42,4.0,9,0.241,0,730,Mobile,Central,1
C03487,34,Male,9,1237.11,137.46,23,9.0,3,0.136,2,1225,Mobile,South,1
C03488,64,Male,5,501.57,100.31,18,5.0,2,0.422,0,239,Web,Central,0
C03489,39,Female,10,1401.73,140.17,193,11.0,4,0.286,0,391,Mobile,North,0
C03490,52,Female,4,1098.3,274.58,32,5.0,1,0.047,1,1238,Web,North,0
C03491,23,Male,7,663.57,94.8,56,8.0,4,0.511,2,1289,Store,Central,0
C03492,48,Female,9,2086.47,231.83,74,6.0,4,0.066,1,1465,Mobile,South,0
C03493,35,Female,5,1462.73,292.55,61,9.0,3,0.313,0,1012,Web,Central,0
C03494,53,Female,4,1900.65,475.16,80,2.0,5,0.495,0,409,Web,South,0
C03495,62,Female,6,1046.79,174.46,53,4.0,4,0.288,0,48,Mobile,South,1
C03496,43,Male,4,1344.23,336.06,11,6.0,1,0.384,0,263,Web,South,1
C03497,22,Female,9,1225.78,136.2,55,8.0,5,0.736,1,268,Mobile,North,1
C03498,40,Female,6,230.32,38.39,37,6.0,4,0.133,1,1123,Web,South,0
C03499,23,Female,7,945.72,135.1,22,6.0,2,,1,491,Mobile,North,1
C03500,39,Female,8,1177.64,147.21,156,9.0,0,0.607,1,1151,Mobile,North,0
C03501,20,Male,5,1700.62,340.12,8,6.0,3,0.228,0,1247,Web,North,0
C03502,48,Male,8,505.37,63.17,68,8.0,3,0.403,1,1001,Store,South,1
C03503,32,Female,5,992.07,198.41,65,8.0,2,0.022,0,619,Store,South,0
C03504,27,Male,13,2008.72,154.52,131,9.0,7,0.269,1,950,Mobile,South,0
C03505,18,Male,6,794.32,132.39,60,10.0,3,0.182,2,673,Mobile,Central,0
C03506,60,Female,7,272.82,38.97,30,2.0,6,0.178,0,413,Web,South,1
C03507,58,Female,6,1452.63,242.1,7,11.0,5,0.096,1,1197,Mobile,South,1
C03508,56,Female,9,1048.81,116.53,8,12.0,1,0.447,0,1422,Web,South,1
C03509,20,Female,5,210.79,42.16,33,10.0,2,0.27,0,538,Mobile,South,1
C03510,34,Female,9,845.87,93.99,117,9.0,4,0.277,1,1245,Web,South,0
C03511,64,Female,6,966.99,161.16,10,9.0,2,0.065,0,1439,Web,North,1
C03512,45,Female,6,797.37,132.9,54,6.0,4,0.361,0,968,Web,South,1
C03513,24,Male,9,1010.54,112.28,109,9.0,1,0.27,1,130,Mobile,South,0
C03514,24,Female,6,1081.72,180.29,148,4.0,6,0.301,0,1104,Mobile,North,0
C03515,30,Male,8,1131.8,141.48,39,4.0,3,0.129,1,1205,Mobile,South,1
C03516,64,Male,5,884.25,176.85,99,9.0,3,0.336,2,1212,Web,North,0
C03517,26,Male,9,1546.83,171.87,33,,1,0.414,1,1130,Store,South,0
C03518,61,Female,8,1511.0,188.88,70,9.0,5,0.276,2,1349,Mobile,North,0
C03519,50,Female,5,613.13,122.63,71,3.0,1,0.428,1,1467,Web,South,0
C03520,62,Female,4,2298.74,574.68,21,6.0,3,0.537,0,402,Store,South,1
C03521,57,Female,5,575.2,115.04,2,7.0,4,0.678,1,834,Web,South,0
C03522,33,Female,4,1129.58,282.4,53,10.0,0,0.433,0,633,Store,North,0
C03523,57,Male,4,1188.58,297.14,87,7.0,1,0.398,2,957,Mobile,North,0
C03524,26,Female,6,383.2,63.87,103,11.0,0,0.227,0,1376,Web,North,0
C03525,31,Female,11,313.51,28.5,63,7.0,3,0.353,0,1022,,Central,0
C03526,28,Female,4,653.79,163.45,83,10.0,4,0.025,0,419,,South,0
C03527,24,Male,11,1414.05,128.55,25,6.0,3,0.176,0,1401,Web,North,0
C03528,22,Male,6,93.67,15.61,109,8.0,5,0.065,2,805,Web,Central,0
C03529,26,Female,5,739.74,147.95,92,5.0,7,0.248,0,364,Mobile,South,0
C03530,23,Male,4,361.88,90.47,75,5.0,2,0.492,0,958,Mobile,Central,0
C03531,36,Male,5,1659.69,331.94,27,7.0,3,0.358,0,1119,Store,South,0
C03532,21,Male,2,723.03,361.52,49,7.0,2,0.565,0,690,Mobile,South,0
C03533,20,Male,9,1202.21,133.58,37,2.0,4,0.214,0,453,Store,South,0
C03534,65,Male,7,899.32,128.47,39,5.0,3,0.062,1,771,Store,South,0
C03535,22,Female,6,1527.43,254.57,80,9.0,2,0.22,1,363,Mobile,South,0
C03536,21,Female,4,696.71,174.18,75,3.0,3,0.36,0,151,Mobile,North,1
C03537,19,Female,9,584.29,64.92,5,7.0,6,0.166,2,1396,Mobile,South,1
C03538,24,Male,5,357.56,71.51,27,10.0,1,0.107,1,424,Web,Central,0
C03539,43,Male,3,1094.35,364.78,65,8.0,6,0.64,0,1497,Web,South,0
C03540,57,Male,10,1418.38,141.84,40,6.0,1,0.508,0,605,Store,Central,1
C03541,53,Male,9,433.45,48.16,16,7.0,1,0.457,1,799,Mobile,South,0
C03542,45,Male,4,870.88,217.72,101,10.0,6,0.368,0,736,Mobile,South,0
C03543,22,Female,4,2274.17,568.54,344,14.0,4,0.089,0,247,Mobile,South,0
C03544,55,Female,4,744.08,186.02,16,8.0,2,0.272,0,984,Mobile,Central,1
C03545,19,Female,5,400.37,80.07,6,8.0,5,0.538,1,258,Store,South,1
C03546,48,Male,6,724.27,120.71,141,9.0,5,0.29,1,893,Store,North,0
C03547,37,Male,7,696.09,99.44,24,11.0,2,0.55,3,425,Mobile,North,0
C03548,60,Male,6,1499.11,249.85,84,8.0,4,0.204,0,68,Mobile,South,0
C03549,32,Male,10,1016.9,101.69,23,8.0,5,0.031,0,1042,Mobile,South,1
C03550,48,Female,11,211.79,19.25,162,7.0,0,0.364,1,993,Store,South,0
C03551,39,Male,4,1758.15,439.54,89,10.0,1,,0,1297,Web,South,0
C03552,43,Female,3,509.81,169.94,23,5.0,4,0.215,1,971,Web,North,1
C03553,63,Female,7,376.33,53.76,20,6.0,2,0.071,1,1095,Mobile,South,1
C03554,52,Male,5,898.4,179.68,22,12.0,3,0.261,0,119,Web,North,1
C03555,37,Male,5,584.63,116.93,33,8.0,4,0.569,4,200,Mobile,South,0
C03556,39,Male,3,1585.04,528.35,104,6.0,5,0.369,1,954,Web,North,0
C03557,51,Male,5,1061.02,212.2,7,13.0,2,0.3,0,814,Web,South,1
C03558,34,Female,12,726.37,60.53,27,1.0,6,0.184,0,1301,Web,South,0
C03559,26,Female,5,513.04,102.61,91,6.0,3,0.056,1,270,Mobile,South,0
C03560,40,Female,9,2336.21,259.58,92,6.0,2,0.146,0,1324,Mobile,North,1
C03561,21,Female,5,1984.37,396.87,112,8.0,0,0.295,0,94,Web,Central,0
C03562,26,Male,8,875.52,109.44,12,7.0,1,0.397,0,911,Web,South,0
C03563,38,Male,7,192.82,27.55,38,8.0,3,0.479,0,406,Mobile,North,0
C03564,56,Male,14,719.7,51.41,25,2.0,4,0.211,1,716,Web,South,1
C03565,55,Male,12,1476.34,123.03,150,6.0,2,0.195,1,296,Mobile,North,0
C03566,30,Female,4,454.82,113.7,53,8.0,2,0.033,0,1161,Web,North,0
C03567,38,Female,5,2454.27,490.85,20,11.0,2,0.027,1,1082,Store,Central,1
C03568,25,Male,8,2253.75,281.72,144,4.0,4,0.493,0,740,Mobile,South,0
C03569,54,Male,10,601.13,60.11,42,7.0,3,0.473,0,169,Web,Central,1
C03570,29,Male,6,491.18,81.86,52,11.0,5,0.262,0,140,Store,Central,0
C03571,56,Female,4,1632.56,408.14,168,8.0,5,0.183,2,1209,Web,South,0
C03572,58,Male,7,1266.86,180.98,55,4.0,7,0.262,0,1068,Web,North,1
C03573,51,Male,8,766.46,95.81,119,4.0,2,0.206,3,564,Store,South,0
C03574,33,Male,4,1708.54,427.14,33,12.0,5,0.299,1,587,Web,South,1
C03575,63,Female,7,349.49,49.93,87,4.0,2,0.099,0,662,Store,North,0
C03576,50,Female,1,839.7,839.7,58,11.0,5,0.233,1,1084,Store,Central,1
C03577,49,Female,7,2001.0,285.86,99,3.0,2,0.13,0,1098,Mobile,South,0
C03578,59,Male,8,1415.07,176.88,53,13.0,4,0.291,0,1359,Mobile,North,1
C03579,60,Male,7,1622.79,231.83,52,7.0,3,0.303,0,1220,Mobile,North,1
C03580,21,Female,5,3753.64,750.73,115,8.0,1,0.104,0,1136,Mobile,South,0
C03581,60,Male,7,1177.36,168.19,26,8.0,4,0.366,1,980,Store,South,1
C03582,54,Male,10,1195.05,119.5,29,6.0,1,0.366,0,1496,Web,North,1
C03583,27,Female,3,370.19,123.4,186,5.0,0,0.626,1,381,Mobile,South,0
C03584,32,Male,5,718.77,143.75,25,7.0,3,0.251,0,198,Web,Central,1
C03585,54,Male,6,1363.07,227.18,34,12.0,3,0.186,0,108,Mobile,South,1
C03586,28,Female,9,1311.58,145.73,25,12.0,2,0.4,0,1143,Web,North,1
C03587,39,Female,12,1677.93,139.83,30,9.0,5,0.169,0,261,Mobile,North,1
C03588,51,Male,4,972.57,243.14,11,9.0,4,0.079,1,693,Mobile,Central,1
C03589,49,Male,4,961.72,240.43,74,6.0,2,0.192,1,1176,Web,South,0
C03590,61,Female,4,844.05,211.01,85,10.0,1,0.114,2,1101,Mobile,North,0
C03591,23,Male,7,210.22,30.03,4,11.0,2,0.245,0,192,Web,Central,1
C03592,32,Male,6,389.72,64.95,36,8.0,3,0.517,0,98,Web,North,1
C03593,65,Female,12,823.13,68.59,36,6.0,5,0.155,2,986,Web,South,1
C03594,45,Female,6,1841.11,306.85,17,12.0,2,0.688,2,513,Mobile,North,1
C03595,29,Female,11,1006.08,91.46,16,9.0,2,0.487,0,559,Web,North,1
C03596,31,Male,6,859.33,143.22,35,8.0,2,0.048,1,537,Web,South,1
C03597,34,Male,6,908.88,151.48,114,2.0,4,0.413,1,705,Web,South,0
C03598,44,Female,9,797.4,88.6,60,4.0,1,0.302,0,1360,Web,North,0
C03599,31,Female,12,789.3,65.77,62,7.0,2,0.086,0,1427,Mobile,South,1
C03600,47,Male,9,543.37,60.37,28,8.0,3,0.09,2,1130,Web,North,0
C03601,39,Female,8,1086.7,135.84,17,4.0,2,0.294,0,821,Mobile,Central,1
C03602,47,Male,10,1853.69,185.37,168,9.0,2,0.291,1,926,Mobile,North,0
C03603,25,Female,10,955.66,95.57,110,9.0,3,0.366,0,497,Web,South,0
C03604,47,Female,4,1158.02,289.5,105,7.0,2,0.239,1,127,Store,South,0
C03605,62,Male,10,1007.17,100.72,62,9.0,2,0.371,2,653,Mobile,South,1
C03606,24,Female,7,1311.86,187.41,97,4.0,2,0.165,0,388,Web,South,0
C03607,33,Female,5,837.25,167.45,80,5.0,2,0.303,1,1182,Mobile,South,0
C03608,51,Male,7,199.77,28.54,20,3.0,1,0.163,0,1154,Mobile,North,0
C03609,47,Male,12,501.1,41.76,171,4.0,4,0.073,1,118,Web,Central,0
C03610,50,Female,10,876.52,87.65,99,5.0,3,0.773,0,684,Web,Central,1
C03611,44,Male,5,2561.02,512.2,43,7.0,2,0.248,0,1021,Store,South,1
C03612,50,Male,7,537.8,76.83,15,5.0,5,0.398,1,579,Web,South,1
C03613,47,Male,9,637.35,70.82,16,11.0,0,0.343,0,1010,Mobile,South,1
C03614,21,Female,7,612.0,87.43,62,6.0,2,0.52,1,1392,Web,South,0
C03615,54,Male,10,238.49,23.85,45,13.0,2,0.209,1,627,Mobile,North,1
C03616,39,Female,4,891.44,222.86,30,9.0,1,0.425,0,500,Store,South,0
C03617,20,Male,5,171.97,34.39,61,5.0,2,0.256,1,108,Mobile,South,0
C03618,37,Male,6,1099.45,183.24,50,13.0,4,0.041,0,758,Mobile,North,0
C03619,38,Female,6,1331.37,221.9,41,9.0,3,0.099,0,770,Mobile,South,1
C03620,22,Male,12,150.67,12.56,17,9.0,1,0.093,0,912,Store,Central,1
C03621,65,Male,11,3752.7,341.15,49,7.0,2,0.058,0,210,Mobile,South,1
C03622,28,Male,10,294.38,29.44,125,11.0,1,0.108,2,189,Mobile,South,1
C03623,33,Female,12,432.76,36.06,15,5.0,4,0.496,0,769,Web,North,1
C03624,39,Male,8,2989.87,373.73,119,11.0,2,0.111,2,85,Store,South,0
C03625,57,Male,6,274.99,45.83,123,9.0,3,0.085,3,696,Web,South,0
C03626,53,Male,6,975.54,162.59,58,10.0,4,0.306,1,205,Mobile,South,0
C03627,55,Male,4,1197.54,299.38,58,0.0,4,0.397,1,1382,Mobile,Central,0
C03628,29,Male,4,751.98,188.0,53,3.0,3,0.366,2,890,Web,South,0
C03629,58,Female,3,751.2,250.4,67,5.0,0,0.055,1,1258,Web,Central,0
C03630,57,Male,6,1185.06,197.51,36,8.0,1,0.516,2,1450,Mobile,North,0
C03631,40,Male,7,1933.77,276.25,78,5.0,4,0.355,1,783,Mobile,North,0
C03632,44,Female,4,974.26,243.56,6,7.0,5,0.332,0,1214,Mobile,South,1
C03633,19,Female,7,2670.45,381.49,208,12.0,5,0.126,0,1228,Web,South,0
C03634,54,Male,7,276.41,39.49,89,8.0,3,0.221,1,1109,Mobile,South,0
C03635,64,Male,9,2620.52,291.17,61,12.0,2,0.023,0,513,Mobile,South,1
C03636,40,Male,9,697.27,77.47,86,13.0,3,0.349,0,951,Store,North,0
C03637,43,Female,8,2603.69,325.46,53,6.0,4,0.149,2,1279,Web,North,1
C03638,41,Male,6,1384.27,230.71,82,11.0,4,0.191,1,329,Store,South,0
C03639,21,Male,6,448.25,74.71,53,3.0,2,0.267,0,659,Mobile,North,1
C03640,47,Male,3,1106.34,368.78,37,11.0,3,0.168,0,1057,Store,North,0
C03641,52,Male,5,193.44,38.69,72,1.0,4,0.146,4,1374,Mobile,North,1
C03642,62,Male,7,557.26,79.61,62,12.0,4,0.072,0,698,Mobile,Central,0
C03643,62,Male,5,755.99,151.2,76,8.0,0,0.142,1,399,Web,South,0
C03644,41,Female,11,896.71,81.52,32,5.0,1,0.032,1,266,Store,South,1
C03645,64,Female,10,1972.23,197.22,8,10.0,3,0.322,0,821,Web,Central,1
C03646,43,Female,4,630.04,157.51,59,10.0,7,0.343,0,1304,Store,South,0
C03647,48,Female,5,494.77,98.95,85,7.0,1,0.189,1,882,Mobile,North,0
C03648,46,Male,6,472.99,78.83,170,12.0,2,0.699,0,611,Mobile,South,0
C03649,65,Female,3,1062.21,354.07,70,6.0,2,0.096,0,605,Mobile,North,0
C03650,53,Female,9,1521.27,169.03,23,6.0,4,0.446,1,731,Mobile,South,1
C03651,23,Female,6,575.54,95.92,115,4.0,5,0.361,2,332,Web,North,0
C03652,21,Female,6,1067.45,177.91,56,14.0,1,0.288,0,279,Mobile,Central,0
C03653,37,Male,8,54.29,6.79,116,7.0,3,0.083,0,184,,North,0
C03654,42,Male,9,657.56,73.06,31,11.0,1,0.083,1,61,Web,South,1
C03655,50,Male,6,221.07,36.84,46,14.0,4,0.27,0,1131,Mobile,South,0
C03656,41,Male,4,2452.89,613.22,89,5.0,5,0.306,1,944,Web,Central,0
C03657,42,Male,5,2507.68,501.54,97,7.0,4,0.112,0,990,Web,South,0
C03658,62,Male,6,1047.46,174.58,66,3.0,2,0.374,0,826,Mobile,South,0
C03659,34,Male,4,258.38,64.6,75,13.0,3,0.251,1,312,Mobile,South,1
C03660,41,Female,6,318.01,53.0,96,11.0,1,0.235,1,584,Store,Central,0
C03661,44,Female,4,1003.94,250.98,51,8.0,3,0.318,1,569,Web,Central,0
C03662,40,Female,4,981.53,245.38,56,4.0,4,0.241,2,391,Mobile,North,1
C03663,64,Male,6,197.65,32.94,168,6.0,3,0.364,0,379,Web,North,0
C03664,64,Female,8,614.85,76.86,32,6.0,2,0.211,0,499,Mobile,North,1
C03665,42,Female,6,845.92,140.99,13,5.0,5,0.21,1,1133,Mobile,South,0
C03666,39,Female,4,2007.12,501.78,56,7.0,1,0.465,1,1442,Web,North,0
C03667,46,Female,12,1240.29,103.36,55,6.0,6,0.525,0,72,Web,South,1
C03668,26,Male,8,653.55,81.69,17,5.0,3,0.354,0,63,Mobile,Central,1
C03669,38,Male,7,2116.03,302.29,53,15.0,0,0.344,1,796,Mobile,Central,1
C03670,28,Female,11,2377.17,216.11,13,9.0,2,0.035,2,1017,Mobile,North,0
C03671,24,Female,6,1488.47,248.08,30,8.0,2,0.039,2,1146,Mobile,Central,1
C03672,22,Male,8,255.59,31.95,70,5.0,6,0.188,1,127,Web,Central,0
C03673,46,Male,4,781.48,195.37,14,15.0,2,0.708,1,775,Web,North,1
C03674,18,Male,7,619.79,88.54,42,5.0,0,0.193,1,1029,Store,South,1
C03675,49,Male,7,556.07,79.44,5,4.0,1,0.137,0,1493,Web,North,1
C03676,38,Female,7,2169.56,309.94,33,6.0,3,0.297,2,1002,Web,North,1
C03677,35,Female,9,2312.05,256.89,115,10.0,2,0.442,1,1249,Mobile,Central,0
C03678,54,Male,8,641.68,80.21,219,15.0,7,0.36,1,813,Store,South,0
C03679,43,Male,11,747.1,67.92,45,12.0,6,0.394,0,755,Mobile,North,1
C03680,53,Male,9,308.87,34.32,68,9.0,2,0.168,2,1048,Mobile,South,1
C03681,52,Male,9,2014.04,223.78,18,3.0,3,0.183,0,938,Mobile,North,1
C03682,19,Female,9,1713.14,190.35,65,5.0,0,0.012,0,584,Mobile,Central,1
C03683,28,Female,7,521.47,74.5,129,12.0,2,0.273,3,341,Web,South,0
C03684,45,Female,10,570.59,57.06,53,5.0,6,0.049,0,916,Store,North,1
C03685,64,Male,4,1188.73,297.18,105,9.0,1,0.297,0,1144,Mobile,North,0
C03686,25,Female,6,1174.2,195.7,30,7.0,3,0.506,0,1346,Store,South,1
C03687,23,Female,9,910.23,101.14,9,6.0,6,0.267,0,1203,Mobile,South,0
C03688,63,Male,5,1627.73,325.55,38,3.0,3,0.184,1,1225,Mobile,Central,1
C03689,64,Female,10,1305.34,130.53,29,7.0,2,0.176,1,783,Web,North,0
C03690,26,Female,5,1076.74,215.35,100,9.0,4,0.581,2,1447,Mobile,South,0
C03691,37,Female,2,620.83,310.42,101,15.0,1,0.19,1,870,Mobile,Central,0
C03692,48,Male,4,1330.18,332.54,17,6.0,6,0.136,0,882,Mobile,South,0
C03693,27,Male,8,1073.46,134.18,72,6.0,3,0.041,0,982,Mobile,South,0
C03694,33,Female,10,658.14,65.81,88,5.0,0,0.172,0,208,Store,South,0
C03695,36,Male,8,698.6,87.32,34,12.0,6,0.155,1,77,Mobile,South,0
C03696,48,Male,7,520.58,74.37,56,10.0,2,0.071,0,1199,Store,North,0
C03697,32,Female,11,1009.56,91.78,80,8.0,1,0.217,2,865,Mobile,South,0
C03698,37,Male,5,1497.28,299.46,108,8.0,4,0.511,0,1065,Web,Central,0
C03699,31,Male,4,377.47,94.37,57,5.0,2,0.1,1,1183,Mobile,South,0
C03700,54,Female,5,676.2,135.24,69,5.0,4,0.205,1,721,Web,South,0
C03701,25,Female,5,1553.93,310.79,87,13.0,1,0.142,0,1318,Mobile,North,0
C03702,29,Female,8,758.43,94.8,17,6.0,1,0.165,0,537,Web,North,1
C03703,29,Female,7,927.25,132.46,4,7.0,1,0.331,0,681,Store,North,0
C03704,61,Male,5,453.79,90.76,79,6.0,4,0.177,3,591,Mobile,Central,0
C03705,63,Male,4,421.29,105.32,59,6.0,2,0.107,2,617,Web,North,0
C03706,42,Female,5,656.54,131.31,15,9.0,2,0.184,0,1185,Mobile,North,1
C03707,25,Male,10,795.7,79.57,83,5.0,3,0.558,0,466,Store,South,1
C03708,54,Male,8,1163.59,145.45,15,,5,0.485,0,71,Store,North,1
C03709,41,Male,8,2161.39,270.17,55,6.0,4,0.333,1,930,Web,South,0
C03710,58,Female,8,417.21,52.15,80,5.0,3,0.475,0,1241,Mobile,South,1
C03711,35,Male,5,275.33,55.07,101,9.0,2,0.192,2,907,Store,Central,0
C03712,65,Female,6,250.67,41.78,38,7.0,2,0.107,0,1386,Web,North,1
C03713,56,Male,9,996.52,110.72,97,5.0,4,0.281,2,639,Store,Central,0
C03714,28,Female,11,1171.54,106.5,43,6.0,5,0.514,1,666,Store,South,1
C03715,52,Male,6,552.37,92.06,23,11.0,3,0.252,0,1022,Mobile,South,0
C03716,31,Male,9,953.28,105.92,30,8.0,1,0.291,0,1309,Mobile,South,1
C03717,34,Female,5,1647.94,329.59,34,8.0,2,0.402,1,220,Store,North,0
C03718,30,Female,6,752.07,125.35,1,6.0,2,0.185,2,1229,Mobile,Central,1
C03719,50,Male,5,706.87,141.37,86,11.0,3,0.125,1,126,Store,South,1
C03720,30,Male,11,364.82,33.17,67,10.0,6,0.109,0,1314,Store,South,0
C03721,48,Male,8,1130.0,141.25,30,9.0,3,0.182,0,581,Mobile,South,0
C03722,45,Male,8,516.16,64.52,71,11.0,1,0.139,0,875,Mobile,South,0
C03723,54,Female,5,1312.79,262.56,15,7.0,2,0.316,0,1477,Web,North,1
C03724,65,Male,7,738.4,105.49,73,9.0,4,0.331,0,1040,Web,Central,0
C03725,18,Female,5,793.51,158.7,84,10.0,1,0.291,1,553,Mobile,South,0
C03726,65,Male,7,202.65,28.95,12,8.0,1,0.151,0,272,Mobile,South,1
C03727,23,Female,9,1677.79,186.42,91,4.0,2,0.299,1,755,Mobile,Central,1
C03728,43,Male,4,1453.38,363.34,43,6.0,3,0.106,0,1320,Mobile,South,0
C03729,34,Male,7,505.15,72.16,43,13.0,2,0.248,1,1018,Web,North,0
C03730,48,Male,3,1326.12,442.04,12,6.0,5,0.123,1,802,Store,Central,0
C03731,52,Female,8,408.85,51.11,103,14.0,0,0.35,1,1334,Web,Central,0
C03732,59,Female,8,1340.43,167.55,103,7.0,3,0.135,1,745,Web,South,0
C03733,37,Female,3,1183.93,394.64,140,9.0,2,0.42,1,921,Mobile,North,0
C03734,62,Male,10,2068.84,206.88,111,9.0,2,0.361,0,640,Web,Central,1
C03735,33,Male,10,1163.52,116.35,58,11.0,3,0.335,1,1216,Mobile,South,1
C03736,27,Male,5,473.49,94.7,64,12.0,3,0.154,0,1305,,North,0
C03737,36,Male,11,957.18,87.02,4,6.0,2,0.096,1,974,Mobile,North,1
C03738,43,Female,9,726.49,80.72,3,9.0,4,0.109,0,821,Store,South,1
C03739,50,Female,9,1997.05,221.89,46,12.0,2,0.435,1,1149,Web,South,1
C03740,57,Female,2,290.7,145.35,45,6.0,4,0.084,1,957,Store,South,0
C03741,28,Female,10,932.58,93.26,22,11.0,0,0.113,1,284,Web,South,1
C03742,32,Male,11,457.93,41.63,47,10.0,1,0.244,1,777,Mobile,Central,0
C03743,63,Male,7,2310.15,330.02,26,,5,0.602,0,1093,Mobile,South,1
C03744,39,Female,11,998.0,90.73,104,6.0,4,0.408,2,273,Store,South,0
C03745,29,Male,5,1233.51,246.7,54,4.0,3,0.306,0,693,Mobile,North,0
C03746,65,Male,2,732.69,366.34,29,3.0,5,0.121,1,1485,Mobile,South,1
C03747,39,Female,7,1355.3,193.61,104,9.0,5,0.47,1,390,Store,South,0
C03748,65,Female,7,474.41,67.77,15,10.0,6,0.318,1,534,Mobile,Central,0
C03749,62,Female,5,497.1,99.42,181,4.0,3,0.227,3,1370,Mobile,South,0
C03750,61,Male,4,1981.49,495.37,60,6.0,3,0.188,0,1463,Web,South,0
C03751,45,Female,8,3291.03,411.38,45,8.0,0,0.333,0,531,Web,North,0
C03752,56,Male,11,222.41,20.22,9,5.0,6,0.388,1,704,Store,South,1
C03753,64,Male,5,595.47,119.09,50,9.0,1,0.172,0,636,Web,South,0
C03754,30,Male,4,1636.3,409.08,42,9.0,2,0.134,1,284,Store,South,0
C03755,19,Female,6,1181.94,196.99,79,6.0,1,0.15,2,1273,Store,South,0
C03756,33,Female,7,521.61,74.52,45,10.0,3,0.044,2,1204,,North,1
C03757,48,Female,5,704.98,141.0,15,7.0,4,0.832,0,1427,Web,South,1
C03758,44,Male,5,551.35,110.27,40,11.0,3,0.158,0,932,Store,North,1
C03759,21,Female,4,1288.93,322.23,26,12.0,7,0.24,0,385,Store,Central,1
C03760,44,Male,7,520.16,74.31,14,5.0,1,0.128,2,939,Web,South,1
C03761,26,Female,5,712.55,142.51,115,16.0,6,0.135,1,353,Store,North,1
C03762,42,Male,10,1435.03,143.5,8,6.0,3,0.136,0,210,Mobile,Central,1
C03763,45,Male,3,1068.42,356.14,106,5.0,7,0.288,2,1146,Mobile,North,0
C03764,48,Female,8,1768.6,221.08,52,7.0,4,0.327,1,1196,Mobile,South,0
C03765,37,Male,5,507.97,101.59,84,12.0,3,0.312,1,1096,Web,South,0
C03766,37,Female,5,693.91,138.78,122,12.0,5,0.342,0,1206,Web,North,0
C03767,50,Male,9,466.51,51.83,29,11.0,4,0.049,0,341,Mobile,North,1
C03768,53,Female,8,624.94,78.12,54,7.0,4,0.361,0,1403,Store,Central,0
C03769,56,Male,8,322.53,40.32,31,10.0,1,0.266,1,1346,Mobile,South,0
C03770,34,Male,7,116.53,16.65,42,7.0,1,0.424,0,592,Mobile,South,1
C03771,38,Male,8,284.33,35.54,80,8.0,4,0.189,2,142,Mobile,North,1
C03772,33,Male,6,1474.21,245.7,48,10.0,5,0.174,1,1341,Mobile,Central,1
C03773,43,Female,6,303.92,50.65,53,9.0,3,0.493,1,938,Mobile,Central,0
C03774,24,Male,6,1150.14,191.69,21,10.0,4,0.392,0,1419,Web,South,0
C03775,38,Male,6,648.09,108.02,46,7.0,2,0.086,2,1071,Mobile,South,0
C03776,27,Female,8,726.45,90.81,34,8.0,6,0.377,2,1330,Web,South,1
C03777,43,Male,8,332.44,41.56,51,9.0,9,0.122,0,1088,Web,South,1
C03778,58,Female,7,568.13,81.16,19,9.0,5,0.227,0,1402,Store,North,1
C03779,65,Female,9,1007.76,111.97,29,10.0,1,0.331,0,450,Store,South,1
C03780,39,Male,4,308.43,77.11,61,5.0,3,0.328,1,137,Web,North,0
C03781,20,Female,5,541.27,108.25,76,10.0,2,0.364,1,151,Web,South,0
C03782,28,Male,6,906.52,151.09,56,6.0,1,0.227,2,865,Mobile,South,1
C03783,23,Male,6,1168.21,194.7,39,7.0,1,0.269,0,456,Store,South,0
C03784,54,Male,6,744.36,124.06,28,10.0,3,0.088,3,161,Mobile,North,0
C03785,65,Female,6,2356.65,392.78,7,6.0,4,0.268,1,1338,,North,1
C03786,44,Female,5,879.66,175.93,118,7.0,1,0.069,0,1250,Store,South,0
C03787,26,Female,4,1330.47,332.62,101,9.0,0,0.273,2,262,Store,South,0
C03788,19,Female,3,1011.83,337.28,130,7.0,2,0.289,2,1320,Mobile,South,0
C03789,64,Male,7,658.56,94.08,127,7.0,6,0.34,1,1043,Mobile,South,0
C03790,33,Female,7,184.86,26.41,63,10.0,5,0.442,0,405,Mobile,North,0
C03791,23,Female,4,1439.1,359.78,208,10.0,6,0.256,0,1153,Web,North,0
C03792,26,Female,10,1428.95,142.9,43,8.0,4,0.126,1,642,Web,Central,1
C03793,30,Female,5,2303.28,460.66,54,9.0,2,0.697,0,744,Web,North,1
C03794,49,Female,6,663.28,110.55,29,10.0,4,0.159,0,362,Web,South,1
C03795,60,Male,7,2842.58,406.08,14,11.0,2,0.407,0,477,Web,North,1
C03796,31,Female,5,1378.89,275.78,34,4.0,1,0.441,1,622,Mobile,South,0
C03797,50,Female,6,1777.3,296.22,32,9.0,3,0.271,1,206,Mobile,South,0
C03798,21,Female,4,350.7,87.68,84,9.0,3,0.445,1,406,Web,North,0
C03799,18,Male,7,935.66,133.67,58,5.0,3,0.197,2,169,Store,North,0
C03800,20,Female,4,2086.14,521.54,70,8.0,5,0.434,2,136,Mobile,South,0
C03801,62,Male,7,345.12,49.3,63,9.0,2,0.104,1,562,Web,South,0
C03802,45,Female,4,49.5,12.38,64,5.0,5,0.163,2,611,Store,South,0
C03803,56,Female,7,626.13,89.45,29,3.0,3,0.005,0,314,Mobile,South,1
C03804,19,Male,9,2374.14,263.79,61,9.0,4,0.181,0,638,Store,North,1
C03805,19,Female,11,1889.3,171.75,88,9.0,4,0.27,1,991,Web,South,0
C03806,58,Male,9,871.74,96.86,114,10.0,3,0.375,2,891,Mobile,Central,0
C03807,22,Female,4,548.45,137.11,100,2.0,5,0.24,1,946,Web,Central,0
C03808,25,Female,8,1244.67,155.58,78,7.0,2,0.122,0,489,Store,South,0
C03809,42,Male,10,1892.56,189.26,57,8.0,3,0.468,2,762,Mobile,North,0
C03810,47,Female,7,1378.67,196.95,36,12.0,4,0.428,1,1173,Mobile,North,1
C03811,28,Male,5,2064.04,412.81,64,9.0,7,0.575,1,872,Web,South,0
C03812,39,Female,7,2070.87,295.84,134,5.0,3,0.313,1,1404,Mobile,South,0
C03813,50,Female,4,1173.4,293.35,40,11.0,3,0.594,0,498,Web,South,0
C03814,39,Male,8,1425.78,178.22,155,6.0,3,0.18,0,146,,North,0
C03815,36,Female,6,1011.3,168.55,66,6.0,4,0.314,0,1177,Web,North,1
C03816,21,Female,10,205.57,20.56,117,5.0,3,0.097,1,194,Web,North,1
C03817,39,Female,8,1033.81,129.23,31,3.0,2,0.275,1,283,,North,1
C03818,56,Female,6,351.87,58.64,28,8.0,6,0.662,1,1359,Mobile,North,1
C03819,48,Female,3,311.79,103.93,15,6.0,4,0.371,1,1100,Store,North,1
C03820,60,Female,6,1635.43,272.57,133,12.0,2,0.608,1,1143,Mobile,North,0
C03821,24,Male,8,598.78,74.85,66,10.0,2,0.036,0,202,Mobile,South,0
C03822,18,Male,13,764.72,58.82,87,5.0,4,0.456,1,837,Mobile,North,1
C03823,44,Female,10,432.0,43.2,54,11.0,3,0.121,0,518,Web,South,1
C03824,26,Male,5,489.72,97.94,58,13.0,2,0.278,1,174,Web,North,1
C03825,46,Female,3,844.26,281.42,13,9.0,2,0.205,0,259,Mobile,South,0
C03826,61,Male,7,1079.79,154.26,67,6.0,0,0.656,0,804,Mobile,Central,0
C03827,34,Female,6,810.33,135.06,94,6.0,2,0.152,1,679,Mobile,North,0
C03828,44,Female,3,1223.0,407.67,6,9.0,4,0.232,2,619,Mobile,South,1
C03829,50,Male,7,1479.81,211.4,36,,6,0.258,3,881,Web,North,0
C03830,25,Male,13,244.26,18.79,26,5.0,3,0.166,2,1244,Mobile,South,1
C03831,61,Male,5,1270.31,254.06,77,10.0,4,0.35,0,1097,Store,North,0
C03832,27,Female,6,1032.73,172.12,74,7.0,3,0.282,1,1320,Web,South,0
C03833,56,Female,9,1019.53,113.28,87,7.0,2,0.289,1,963,Mobile,Central,0
C03834,49,Male,9,372.12,41.35,55,10.0,0,0.214,0,1325,Mobile,North,1
C03835,24,Female,8,682.88,85.36,8,9.0,2,0.286,0,1143,Mobile,South,1
C03836,52,Male,6,1335.31,222.55,64,8.0,6,0.76,1,59,Mobile,North,0
C03837,27,Male,4,329.25,82.31,14,7.0,2,0.354,0,347,Mobile,North,0
C03838,46,Male,5,3175.04,635.01,73,10.0,2,0.656,2,880,Web,North,0
C03839,64,Male,6,1638.82,273.14,14,11.0,1,0.317,0,179,Mobile,North,1
C03840,63,Female,7,456.05,65.15,21,8.0,3,0.108,3,1423,Web,North,1
C03841,59,Female,9,721.1,80.12,109,6.0,5,0.057,0,974,Web,South,0
C03842,41,Female,9,296.45,32.94,46,11.0,4,0.085,1,973,Mobile,Central,1
C03843,44,Female,6,1678.18,279.7,48,5.0,5,0.781,1,637,Mobile,North,0
C03844,32,Male,8,818.73,102.34,20,7.0,4,0.385,1,549,Store,South,1
C03845,62,Male,7,1056.91,150.99,101,7.0,5,0.244,1,376,Web,South,0
C03846,40,Female,10,916.45,91.65,66,11.0,0,0.227,0,1225,Store,North,1
C03847,55,Female,3,1393.73,464.58,63,7.0,4,0.324,0,982,Mobile,South,0
C03848,35,Female,4,448.06,112.02,17,14.0,6,0.037,0,445,Web,North,1
C03849,53,Female,9,3695.1,410.57,55,7.0,4,0.489,0,356,Web,South,1
C03850,28,Female,6,1394.44,232.41,231,6.0,2,0.462,0,965,,North,0
C03851,53,Female,8,1507.17,188.4,28,7.0,2,0.243,0,159,Mobile,North,0
C03852,20,Female,7,1113.13,159.02,107,10.0,1,0.085,0,812,Mobile,North,1
C03853,23,Female,7,440.47,62.92,4,9.0,3,0.269,0,926,Web,North,1
C03854,34,Male,4,726.35,181.59,85,13.0,3,0.087,0,92,Web,North,0
C03855,41,Male,5,659.86,131.97,69,7.0,1,0.258,1,703,Mobile,North,0
C03856,52,Female,7,1862.01,266.0,43,5.0,3,0.397,0,1174,Web,North,1
C03857,35,Male,10,481.13,48.11,66,10.0,2,0.448,0,192,Store,North,0
C03858,18,Female,11,953.95,86.72,67,11.0,2,0.3,0,345,Store,South,1
C03859,33,Female,5,344.08,68.82,67,9.0,7,0.104,1,1080,Store,South,1
C03860,39,Male,5,1372.22,274.44,37,10.0,4,0.562,1,1491,Mobile,North,0
C03861,44,Male,13,561.61,43.2,33,8.0,3,0.242,0,536,Web,North,1
C03862,48,Female,4,1460.7,365.18,25,10.0,3,0.159,2,1091,Mobile,North,0
C03863,29,Female,7,1742.35,248.91,11,6.0,4,0.274,1,958,Store,Central,1
C03864,47,Male,7,2734.03,390.58,47,9.0,2,0.48,0,1158,Store,South,1
C03865,48,Female,5,833.74,166.75,97,7.0,4,0.269,0,1317,Mobile,South,0
C03866,55,Male,8,1103.68,137.96,32,4.0,2,0.255,0,1204,Store,North,1
C03867,43,Male,6,908.4,151.4,17,7.0,3,0.127,2,259,Mobile,South,1
C03868,56,Male,8,712.44,89.06,26,7.0,1,0.076,0,75,Web,North,1
C03869,28,Female,5,1608.95,321.79,53,7.0,4,0.143,2,1231,Web,South,0
C03870,52,Female,4,684.77,171.19,53,10.0,0,0.096,0,1459,Mobile,South,0
C03871,20,Female,6,1403.12,233.85,23,6.0,4,0.05,0,480,Store,Central,1
C03872,22,Male,6,86.92,14.49,48,6.0,3,0.052,1,1209,Web,North,0
C03873,59,Female,9,559.07,62.12,42,9.0,4,0.445,1,101,Mobile,South,1
C03874,40,Female,8,1636.63,204.58,73,11.0,3,0.439,0,1343,Mobile,South,1
C03875,47,Male,6,941.69,156.95,125,14.0,5,0.475,0,1139,Mobile,South,0
C03876,46,Male,10,1785.46,178.55,31,7.0,4,0.46,1,985,Mobile,North,1
C03877,51,Male,6,959.79,159.96,27,3.0,4,0.269,0,431,Mobile,South,1
C03878,29,Female,8,1561.12,195.14,53,14.0,2,0.468,1,1146,Mobile,North,1
C03879,26,Male,8,550.47,68.81,61,6.0,2,0.16,0,560,Web,North,1
C03880,20,Male,5,1418.64,283.73,76,4.0,3,0.116,1,1469,Mobile,North,1
C03881,59,Female,3,1257.7,419.23,9,10.0,3,0.431,3,628,Mobile,South,0
C03882,28,Female,6,875.49,145.92,175,1.0,3,0.092,1,483,Mobile,Central,0
C03883,45,Female,7,1576.67,225.24,38,6.0,3,0.167,0,743,Mobile,North,1
C03884,39,Female,7,1732.47,247.5,29,4.0,2,0.068,0,1283,Web,North,1
C03885,25,Male,4,1486.32,371.58,17,7.0,2,0.328,0,53,Mobile,North,1
C03886,37,Female,11,1612.42,146.58,32,,4,0.15,2,376,Web,Central,0
C03887,21,Male,6,1260.66,210.11,11,8.0,1,0.131,0,265,Store,Central,1
C03888,26,Male,4,403.56,100.89,106,13.0,2,0.124,0,659,Store,South,0
C03889,24,Female,3,1021.41,340.47,43,5.0,4,0.407,1,1100,Web,North,0
C03890,57,Male,11,884.38,80.4,27,6.0,4,0.397,2,983,Web,Central,1
C03891,45,Male,11,1178.04,107.09,93,7.0,3,0.403,0,1293,Web,Central,0
C03892,62,Female,6,1747.97,291.33,40,10.0,4,0.484,0,145,Store,North,0
C03893,38,Male,6,1517.57,252.93,27,8.0,3,0.442,1,1012,Web,North,1
C03894,27,Male,14,1465.6,104.69,141,4.0,4,0.114,1,1326,Store,North,0
C03895,47,Female,6,139.12,23.19,34,4.0,6,0.203,2,1099,Mobile,South,0
C03896,62,Female,10,898.67,89.87,6,7.0,2,0.405,1,494,Web,Central,1
C03897,43,Female,7,712.96,101.85,48,10.0,7,,1,1369,Mobile,South,1
C03898,18,Male,9,1351.27,150.14,43,16.0,3,0.059,2,982,Mobile,Central,1
C03899,32,Female,6,2010.06,335.01,28,6.0,2,0.137,1,1154,Mobile,Central,1
C03900,62,Female,4,1133.34,283.33,24,8.0,1,0.013,0,458,Mobile,North,1
C03901,42,Male,8,335.14,41.89,51,8.0,5,0.159,0,572,Store,South,0
C03902,63,Male,4,958.09,239.52,34,7.0,3,0.219,0,122,Mobile,South,1
C03903,42,Male,6,38.47,6.41,38,6.0,4,0.309,1,605,Web,North,0
C03904,18,Female,10,1641.22,164.12,59,11.0,1,0.707,0,635,Mobile,South,1
C03905,59,Male,8,697.06,87.13,37,12.0,0,0.445,1,802,Web,North,1
C03906,54,Female,4,1857.65,464.41,29,7.0,4,0.04,0,1063,Mobile,South,0
C03907,52,Female,5,1893.68,378.74,76,7.0,5,0.218,2,175,Store,South,1
C03908,64,Male,10,2133.54,213.35,34,7.0,1,0.276,0,1300,Mobile,South,0
C03909,27,Female,11,688.17,62.56,28,11.0,1,0.331,0,954,Mobile,South,1
C03910,61,Male,8,2946.3,368.29,14,9.0,3,0.141,2,1036,Mobile,South,1
C03911,29,Male,8,1852.19,231.52,22,10.0,4,0.208,2,821,Store,South,1
C03912,64,Female,7,727.02,103.86,16,4.0,3,0.273,0,639,Mobile,South,1
C03913,27,Male,6,1987.69,331.28,13,7.0,6,0.08,0,511,Mobile,South,1
C03914,44,Female,4,704.24,176.06,25,8.0,6,0.27,2,1268,Web,North,1
C03915,55,Female,6,1202.74,200.46,60,6.0,3,0.031,2,205,Mobile,South,0
C03916,21,Male,7,1423.66,203.38,46,7.0,1,0.703,1,373,Store,North,0
C03917,21,Male,9,1360.01,151.11,36,12.0,1,0.285,2,296,Store,North,1
C03918,58,Male,9,574.02,63.78,66,4.0,2,0.19,2,229,Web,South,0
C03919,20,Female,6,2091.55,348.59,30,8.0,3,0.159,2,715,Mobile,South,1
C03920,47,Female,6,1691.24,281.87,57,10.0,4,0.251,3,119,Store,South,0
C03921,63,Male,7,2473.96,353.42,74,8.0,2,0.453,0,1187,Web,South,1
C03922,47,Female,9,2063.98,229.33,6,6.0,5,0.115,1,596,Mobile,North,1
C03923,41,Female,9,1836.02,204.0,46,9.0,5,0.51,1,170,Web,South,1
C03924,38,Female,6,1851.42,308.57,63,5.0,4,0.195,1,1298,Web,North,1
C03925,48,Male,7,1420.22,202.89,60,5.0,4,0.216,1,1004,Mobile,North,0
C03926,45,Male,7,915.87,130.84,48,8.0,3,0.212,1,1079,,South,1
C03927,42,Male,4,1461.46,365.36,31,7.0,1,0.111,0,1156,Web,North,0
C03928,25,Male,10,538.42,53.84,40,12.0,3,0.526,0,693,Web,North,1
C03929,49,Male,8,1978.51,247.31,111,5.0,0,0.331,0,979,Mobile,Central,0
C03930,53,Male,9,3465.18,385.02,8,7.0,4,0.282,2,59,Store,South,1
C03931,52,Male,8,1498.11,187.26,26,7.0,2,0.334,1,1056,Mobile,North,1
C03932,21,Male,5,765.13,153.03,46,4.0,3,0.208,1,858,Mobile,North,0
C03933,51,Male,4,496.18,124.04,13,6.0,2,0.402,0,528,Web,South,0
C03934,53,Female,7,893.82,127.69,38,6.0,1,0.271,0,711,Store,North,1
C03935,26,Female,13,1862.04,143.23,77,5.0,1,0.181,0,98,Mobile,South,1
C03936,58,Male,6,1364.66,227.44,69,6.0,1,0.332,2,1323,Store,South,0
C03937,43,Female,9,1204.83,133.87,46,4.0,3,0.266,0,323,Store,North,1
C03938,40,Male,7,959.55,137.08,52,9.0,1,0.483,2,1225,Store,North,1
C03939,52,Female,7,1304.7,186.39,3,9.0,1,0.42,1,969,Store,Central,1
C03940,42,Female,8,325.26,40.66,18,4.0,0,0.271,0,225,Mobile,South,0
C03941,44,Female,5,813.33,162.67,28,9.0,6,0.31,1,1098,Mobile,South,1
C03942,32,Female,7,780.03,111.43,35,10.0,1,0.074,0,685,Web,South,1
C03943,62,Female,6,804.57,134.1,80,10.0,2,0.371,0,384,Web,Central,0
C03944,64,Female,7,1671.86,238.84,146,10.0,0,0.244,0,1096,Mobile,South,0
C03945,24,Male,9,300.47,33.39,39,4.0,4,0.367,0,1104,Mobile,North,1
C03946,53,Male,5,804.64,160.93,38,8.0,0,0.247,2,1455,Web,South,1
C03947,19,Female,6,1078.46,179.74,45,8.0,7,0.276,0,1445,Mobile,South,1
C03948,35,Male,8,946.96,118.37,24,8.0,6,0.479,2,1038,Mobile,South,1
C03949,64,Female,3,972.14,324.05,121,11.0,3,0.206,0,92,Mobile,South,0
C03950,26,Female,8,287.31,35.91,22,8.0,5,0.749,1,344,Mobile,North,1
C03951,36,Male,4,1284.13,321.03,22,8.0,0,0.248,1,500,Mobile,South,1
C03952,28,Male,8,363.72,45.46,30,7.0,4,0.649,0,1286,Store,South,1
C03953,52,Female,8,477.16,59.64,132,8.0,0,0.133,0,557,Web,South,0
C03954,40,Male,8,1661.8,207.72,63,9.0,3,0.173,0,1093,Store,North,1
C03955,46,Female,3,1073.26,357.75,45,8.0,5,0.433,1,57,Web,North,0
C03956,63,Female,7,701.25,100.18,36,4.0,1,0.177,1,99,Web,Central,0
C03957,43,Male,4,2969.44,742.36,43,8.0,3,0.442,1,712,Mobile,North,0
C03958,53,Female,2,816.21,408.1,18,9.0,2,0.052,3,466,Mobile,South,1
C03959,22,Female,6,465.24,77.54,5,9.0,2,,1,731,Web,Central,1
C03960,28,Female,7,230.44,32.92,85,6.0,4,0.544,1,1293,Web,South,0
C03961,63,Male,6,1852.67,308.78,15,10.0,2,0.342,1,826,Mobile,North,1
C03962,59,Female,7,1577.31,225.33,117,9.0,4,0.202,0,349,Mobile,Central,0
C03963,49,Female,6,1020.55,170.09,64,9.0,2,0.113,1,538,Web,North,0
C03964,36,Male,5,599.0,119.8,39,8.0,5,0.169,0,1087,Mobile,Central,0
C03965,27,Female,5,1413.29,282.66,60,7.0,3,0.016,0,1373,Mobile,North,1
C03966,58,Female,7,1531.44,218.78,50,9.0,1,0.179,2,790,Mobile,Central,1
C03967,55,Male,4,89.26,22.32,43,9.0,4,0.368,0,514,Mobile,Central,0
C03968,29,Female,5,459.34,91.87,46,8.0,3,0.3,0,575,Web,South,1
C03969,46,Female,7,1678.56,239.79,86,7.0,2,0.432,2,327,Mobile,Central,0
C03970,47,Female,8,367.06,45.88,61,8.0,2,0.394,2,274,Mobile,North,1
C03971,40,Male,9,789.36,87.71,41,8.0,2,0.309,1,916,Web,South,1
C03972,62,Female,4,961.71,240.43,76,6.0,5,0.645,1,1146,Web,South,0
C03973,23,Female,6,574.81,95.8,127,7.0,2,0.324,1,1293,Web,Central,0
C03974,30,Female,8,1102.87,137.86,40,6.0,2,0.178,1,1144,Store,South,1
C03975,22,Male,8,578.88,72.36,26,11.0,1,0.72,1,599,Mobile,North,1
C03976,51,Male,8,461.65,57.71,80,13.0,3,0.427,1,448,Mobile,Central,0
C03977,48,Female,5,347.18,69.44,41,9.0,4,0.269,0,498,Web,South,0
C03978,65,Male,9,343.1,38.12,97,8.0,2,0.318,0,881,Mobile,South,0
C03979,44,Male,6,1837.04,306.17,18,9.0,4,0.224,1,773,Web,North,0
C03980,25,Male,7,1475.54,210.79,32,10.0,6,0.335,2,1213,Store,South,0
C03981,39,Female,7,1062.94,151.85,154,7.0,3,0.382,2,827,Web,North,0
C03982,22,Male,7,950.0,135.71,31,10.0,2,0.23,4,231,Web,North,0
C03983,50,Female,2,2940.7,1470.35,99,8.0,2,0.178,0,1364,Mobile,South,0
C03984,50,Female,9,1701.34,189.04,25,13.0,2,0.19,0,1474,Mobile,South,0
C03985,59,Female,7,2164.29,309.18,75,7.0,4,0.364,1,1008,Web,Central,1
C03986,34,Female,7,991.89,141.7,21,7.0,4,0.473,2,1228,Mobile,Central,0
C03987,32,Male,9,562.72,62.52,81,7.0,2,0.033,0,1083,Web,South,0
C03988,21,Female,3,446.2,148.73,37,7.0,6,0.171,0,1458,Store,North,0
C03989,37,Male,7,500.65,71.52,32,7.0,7,0.573,1,1113,Web,South,0
C03990,40,Female,5,616.79,123.36,38,7.0,2,0.16,0,726,Web,South,0
C03991,54,Male,6,967.14,161.19,47,13.0,1,0.398,1,639,Store,South,1
C03992,54,Female,9,1078.45,119.83,53,8.0,2,0.101,0,1016,Mobile,South,1
C03993,24,Female,5,794.47,158.89,16,6.0,4,0.115,1,68,Web,North,0
C03994,31,Male,11,720.59,65.51,57,8.0,5,0.422,1,841,Store,North,1
C03995,42,Female,6,382.86,63.81,13,5.0,5,0.155,1,261,Store,North,1
C03996,34,Male,5,3000.94,600.19,89,10.0,3,0.19,1,821,Mobile,North,0
C03997,19,Male,6,310.68,51.78,61,10.0,5,,0,576,Store,North,0
C03998,58,Male,5,2467.81,493.56,60,6.0,3,,0,378,Mobile,South,1
C03999,53,Male,9,803.81,89.31,80,9.0,1,0.323,0,1372,Mobile,South,0
C04000,42,Female,7,779.51,111.36,62,8.0,4,0.097,2,1129,Mobile,South,1
C04001,33,Female,10,580.94,58.09,130,14.0,4,0.153,0,556,Mobile,Central,0
C04002,58,Male,6,1428.48,238.08,21,4.0,3,0.366,2,1132,Mobile,Central,1
C04003,19,Female,6,477.56,79.59,16,4.0,6,0.351,1,665,Store,South,1
C04004,39,Female,3,995.92,331.97,133,8.0,0,0.099,1,1462,Mobile,Central,0
C04005,56,Female,7,1323.21,189.03,62,5.0,2,0.178,0,269,Web,South,1
C04006,63,Male,10,164.96,16.5,67,14.0,1,0.516,1,244,Store,South,1
C04007,30,Female,12,644.29,53.69,20,3.0,4,0.726,0,106,Web,North,1
C04008,49,Male,12,3103.16,258.6,65,9.0,4,0.46,1,1061,Mobile,South,1
C04009,27,Female,6,607.2,101.2,43,10.0,6,0.279,0,490,Mobile,North,1
C04010,23,Female,9,518.11,57.57,75,7.0,3,0.273,1,103,Web,South,1
C04011,34,Female,8,699.05,87.38,48,9.0,4,0.267,2,1139,Mobile,Central,1
C04012,60,Male,8,3531.68,441.46,43,5.0,3,0.293,2,1382,Mobile,North,1
C04013,51,Male,3,2492.29,830.76,49,8.0,2,0.13,0,731,Mobile,South,0
C04014,41,Female,11,911.92,82.9,28,7.0,2,0.408,0,346,Mobile,Central,1
C04015,31,Male,4,1810.39,452.6,34,9.0,4,0.476,0,403,Mobile,North,1
C04016,24,Male,8,902.8,112.85,102,11.0,2,0.16,3,228,Mobile,North,0
C04017,30,Female,9,1000.58,111.18,66,5.0,4,0.295,0,686,Mobile,Central,1
C04018,25,Female,11,1235.47,112.32,41,4.0,7,0.855,0,716,Mobile,North,0
C04019,26,Male,5,1552.84,310.57,65,8.0,2,0.37,0,1331,Store,South,0
C04020,51,Male,8,696.35,87.04,59,8.0,2,0.578,0,137,Web,South,1
C04021,24,Female,6,498.86,83.14,34,12.0,6,0.133,3,984,Mobile,South,1
C04022,20,Male,11,1289.98,117.27,28,2.0,3,0.253,0,389,Store,North,1
C04023,44,Male,4,385.27,96.32,34,6.0,3,0.233,2,1003,Store,Central,0
C04024,31,Male,8,886.32,110.79,92,7.0,2,0.263,2,832,Mobile,North,0
C04025,39,Male,6,836.24,139.37,40,7.0,5,0.547,1,1302,Web,North,1
C04026,24,Female,7,216.16,30.88,101,7.0,1,0.677,3,368,Web,Central,0
C04027,28,Male,9,503.68,55.96,31,6.0,3,0.087,0,1306,Mobile,North,1
C04028,39,Male,1,904.57,904.57,26,5.0,0,0.094,0,451,Store,South,1
C04029,51,Female,5,49.5,9.9,42,9.0,1,0.442,2,1376,Web,North,0
C04030,37,Male,5,1679.28,335.86,56,3.0,2,0.079,0,710,Web,North,0
C04031,44,Male,5,465.39,93.08,49,11.0,2,0.354,0,707,Mobile,South,0
C04032,43,Female,4,1400.03,350.01,61,7.0,2,0.36,0,1171,Web,North,0
C04033,30,Female,8,624.49,78.06,62,6.0,2,0.375,0,1284,Web,Central,0
C04034,31,Male,6,2760.9,460.15,72,9.0,2,0.561,0,739,Web,North,0
C04035,38,Male,8,943.37,117.92,20,10.0,1,0.123,1,694,Web,South,0
C04036,19,Male,13,124.03,9.54,29,7.0,1,0.093,1,1366,Mobile,South,1
C04037,50,Male,7,1556.98,222.43,51,10.0,4,0.248,1,1153,Mobile,South,0
C04038,47,Female,4,627.94,156.99,35,9.0,4,0.211,1,876,Mobile,South,1
C04039,32,Female,6,2303.81,383.97,42,5.0,2,0.364,1,640,Mobile,North,0
C04040,35,Female,15,3963.39,264.23,46,11.0,1,0.074,1,1124,Web,North,1
C04041,33,Female,9,484.26,53.81,39,7.0,3,0.038,3,420,Store,Central,1
C04042,49,Male,6,576.36,96.06,34,12.0,4,0.368,1,1152,Mobile,Central,1
C04043,54,Female,5,771.0,154.2,24,10.0,2,0.241,1,106,Mobile,North,0
C04044,23,Female,9,2092.82,232.54,40,9.0,1,0.408,0,1363,Mobile,Central,1
C04045,37,Male,9,365.95,40.66,33,6.0,3,0.037,0,71,Web,Central,1
C04046,18,Female,11,379.03,34.46,78,4.0,1,0.661,1,1238,Store,North,1
C04047,39,Male,5,340.29,68.06,67,8.0,4,0.284,0,1426,Mobile,South,0
C04048,29,Female,5,295.49,59.1,20,15.0,1,0.202,1,856,Mobile,South,1
C04049,34,Female,10,490.18,49.02,120,5.0,6,0.39,2,365,Mobile,Central,0
C04050,39,Male,8,997.62,124.7,34,18.0,4,0.162,0,982,Web,South,0
C04051,33,Female,8,4151.41,518.93,15,8.0,2,0.387,1,909,Store,Central,1
C04052,36,Male,3,332.97,110.99,31,14.0,3,0.087,1,683,Web,North,1
C04053,54,Female,10,971.97,97.2,13,12.0,3,0.192,1,201,Mobile,South,0
C04054,56,Male,8,1257.3,157.16,15,3.0,1,0.394,0,1137,Store,North,1
C04055,18,Male,6,791.96,131.99,210,7.0,2,0.171,1,432,Mobile,South,0
C04056,36,Male,11,1059.14,96.29,75,6.0,4,0.344,0,1481,Mobile,South,1
C04057,58,Female,4,668.43,167.11,18,8.0,5,0.245,0,1117,Web,North,0
C04058,43,Male,5,548.36,109.67,10,18.0,3,0.181,1,1327,Mobile,Central,1
C04059,27,Female,5,726.56,145.31,42,7.0,3,0.473,1,1219,Web,Central,0
C04060,46,Male,12,1836.87,153.07,9,16.0,3,0.119,0,1266,Web,North,1
C04061,24,Male,8,1464.32,183.04,41,6.0,2,0.076,0,776,Mobile,South,0
C04062,19,Male,8,866.1,108.26,59,10.0,1,0.054,1,1480,Web,South,0
C04063,48,Male,7,334.66,47.81,62,12.0,2,0.327,1,250,Mobile,South,0
C04064,42,Female,3,245.53,81.84,18,5.0,5,0.149,0,77,Mobile,North,1
C04065,54,Male,10,715.48,71.55,53,9.0,3,0.086,0,428,Mobile,South,1
C04066,34,Female,9,1372.49,152.5,90,7.0,2,0.253,1,1069,Mobile,North,1
C04067,59,Female,6,1275.49,212.58,35,8.0,0,0.093,1,1274,Mobile,South,1
C04068,38,Female,4,1179.05,294.76,17,10.0,4,0.146,1,644,Store,South,0
C04069,53,Female,4,300.21,75.05,33,8.0,3,0.319,0,1423,Web,Central,1
C04070,22,Female,7,1614.09,230.58,20,7.0,2,0.586,1,493,Store,Central,0
C04071,22,Female,10,1089.4,108.94,250,10.0,1,0.057,0,1382,Web,South,0
C04072,55,Female,6,460.66,76.78,80,10.0,3,0.229,1,434,Web,Central,0
C04073,58,Female,5,1707.16,341.43,69,6.0,3,0.102,0,207,Web,South,0
C04074,63,Female,7,415.37,59.34,10,15.0,3,0.573,1,920,Store,South,1
C04075,33,Male,11,1175.84,106.89,36,10.0,3,0.102,0,1196,Mobile,Central,1
C04076,19,Female,8,569.77,71.22,32,,1,0.106,0,820,Web,Central,0
C04077,65,Male,8,770.52,96.32,27,1.0,5,0.274,0,1168,Store,North,0
C04078,46,Female,8,1260.45,157.56,98,6.0,2,0.121,0,701,Mobile,North,0
C04079,29,Female,11,994.15,90.38,181,6.0,5,0.215,0,1468,Mobile,North,0
C04080,54,Female,7,886.76,126.68,27,3.0,5,0.411,0,953,Mobile,South,1
C04081,61,Female,6,486.58,81.1,6,7.0,3,0.369,1,518,Mobile,South,1
C04082,31,Female,9,540.5,60.06,28,6.0,2,0.261,0,1251,Store,South,1
C04083,54,Female,7,564.69,80.67,94,7.0,7,0.339,0,1287,Store,South,0
C04084,55,Male,10,1809.26,180.93,80,6.0,4,0.108,1,73,Web,South,0
C04085,42,Male,9,3054.26,339.36,46,9.0,3,0.264,0,528,Store,North,1
C04086,48,Male,9,492.25,54.69,68,7.0,2,0.128,0,719,Store,South,0
C04087,30,Male,7,2397.25,342.46,34,9.0,2,0.364,0,99,Web,South,1
C04088,62,Female,8,442.11,55.26,26,9.0,3,0.679,1,1436,Store,North,1
C04089,65,Female,6,1178.97,196.5,22,8.0,6,0.256,0,219,Store,South,1
C04090,65,Female,12,427.04,35.59,44,6.0,2,0.266,0,793,Store,South,1
C04091,53,Male,5,1926.84,385.37,29,8.0,3,0.105,1,1480,Mobile,North,1
C04092,20,Female,5,1614.73,322.95,19,7.0,6,0.346,3,1444,Web,North,1
C04093,35,Male,7,1855.46,265.07,51,2.0,4,0.689,0,1427,Web,South,1
C04094,39,Female,9,667.71,74.19,32,12.0,2,0.18,1,128,Web,South,1
C04095,64,Female,9,502.65,55.85,97,13.0,4,0.333,0,649,Store,South,0
C04096,44,Male,7,1806.81,258.12,58,4.0,2,0.485,1,1104,Mobile,North,1
C04097,43,Male,8,857.54,107.19,147,8.0,1,0.146,0,1395,Mobile,South,0
C04098,25,Male,7,864.92,123.56,63,10.0,4,0.486,0,180,Web,North,0
C04099,56,Male,8,659.9,82.49,42,7.0,4,0.719,1,921,Mobile,Central,1
C04100,34,Male,6,813.51,135.58,86,13.0,1,0.197,1,291,Mobile,Central,0
C04101,22,Male,8,1813.36,226.67,135,11.0,5,0.557,1,40,Store,South,0
C04102,65,Male,6,612.53,102.09,9,9.0,3,0.182,0,73,Mobile,Central,1
C04103,27,Male,8,602.23,75.28,87,9.0,5,0.223,1,1036,Mobile,North,1
C04104,18,Male,6,512.51,85.42,44,19.0,2,0.102,0,643,Web,Central,1
C04105,21,Female,11,806.48,73.32,63,2.0,4,0.287,1,1322,Web,Central,0
C04106,39,Male,4,1907.26,476.82,142,7.0,0,0.043,1,937,Mobile,Central,0
C04107,22,Female,6,506.43,84.4,47,8.0,3,0.278,1,199,Mobile,South,0
C04108,58,Male,6,575.41,95.9,18,10.0,0,0.125,0,1194,Mobile,South,1
C04109,42,Male,9,2403.31,267.03,12,12.0,4,0.418,1,695,Web,North,1
C04110,33,Male,5,565.84,113.17,139,10.0,5,0.036,0,652,Store,North,0
C04111,18,Female,10,942.96,94.3,58,7.0,3,0.365,2,1118,Web,Central,1
C04112,41,Male,6,2698.4,449.73,47,7.0,2,0.539,0,474,Store,South,1
C04113,25,Female,3,821.24,273.75,129,4.0,2,0.284,1,872,Mobile,North,0
C04114,64,Male,6,3223.17,537.2,25,11.0,3,0.03,1,1431,Store,South,1
C04115,31,Female,7,484.0,69.14,25,7.0,5,0.487,3,381,Mobile,South,1
C04116,40,Male,6,3115.29,519.22,158,13.0,2,0.508,0,1498,Mobile,North,0
C04117,18,Male,8,797.87,99.73,22,7.0,3,0.211,0,507,Store,South,0
C04118,24,Female,11,145.17,13.2,15,8.0,5,0.087,2,986,Web,South,1
C04119,27,Male,11,196.85,17.9,157,9.0,2,0.16,0,1307,Web,South,0
C04120,20,Male,7,673.15,96.16,85,11.0,3,0.441,0,77,Web,South,0
C04121,52,Female,8,1098.62,137.33,44,12.0,3,0.253,0,995,Mobile,North,1
C04122,63,Male,5,852.42,170.48,210,12.0,2,0.242,0,873,Store,South,0
C04123,65,Male,4,2076.12,519.03,31,4.0,2,0.365,0,1437,Web,Central,1
C04124,30,Male,5,1264.83,252.97,72,3.0,4,0.23,0,651,Mobile,Central,0
C04125,55,Male,8,766.07,95.76,66,6.0,2,0.204,0,1074,Mobile,North,0
C04126,42,Female,9,1035.84,115.09,131,9.0,3,0.247,0,542,Mobile,Central,0
C04127,20,Female,7,703.23,100.46,24,11.0,2,0.295,1,1247,Store,North,1
C04128,22,Female,7,1304.43,186.35,157,9.0,2,,0,59,Mobile,Central,0
C04129,44,Male,5,525.21,105.04,195,12.0,5,0.234,2,56,Web,South,0
C04130,38,Female,9,1318.62,146.51,115,12.0,3,0.053,2,862,Mobile,Central,0
C04131,18,Female,8,831.25,103.91,27,10.0,1,0.029,1,849,Mobile,North,1
C04132,62,Male,6,686.81,114.47,56,9.0,2,0.476,1,1185,Mobile,North,0
C04133,53,Female,6,2039.94,339.99,66,9.0,4,0.311,0,285,Store,South,0
C04134,42,Female,5,2680.66,536.13,64,9.0,2,0.344,2,1365,Mobile,South,0
C04135,65,Female,4,1066.56,266.64,11,14.0,3,0.344,2,553,Web,South,1
C04136,64,Male,7,735.93,105.13,79,11.0,7,0.11,0,1049,Store,South,1
C04137,64,Male,9,748.88,83.21,60,7.0,4,0.31,0,775,Mobile,North,1
C04138,30,Female,8,743.95,92.99,42,13.0,4,0.65,0,286,Mobile,North,0
C04139,60,Female,7,70.74,10.11,46,6.0,3,0.392,0,793,Web,South,1
C04140,42,Male,8,1406.82,175.85,215,8.0,2,0.25,1,123,Mobile,South,0
C04141,52,Male,10,1178.22,117.82,116,12.0,1,0.156,0,869,Mobile,South,1
C04142,59,Female,5,997.29,199.46,10,10.0,6,0.097,0,1140,Mobile,Central,0
C04143,25,Male,7,1654.13,236.3,43,6.0,5,0.262,1,1492,Store,North,1
C04144,39,Male,10,408.82,40.88,102,16.0,2,0.286,2,155,Store,South,0
C04145,24,Female,5,151.6,30.32,118,9.0,3,0.105,0,166,Store,South,0
C04146,31,Male,5,722.58,144.52,63,7.0,4,0.324,0,567,Web,South,1
C04147,37,Male,4,1476.84,369.21,19,6.0,4,0.287,0,1114,Web,South,0
C04148,59,Male,9,1051.16,116.8,17,10.0,5,0.431,0,480,Mobile,North,1
C04149,59,Female,5,860.31,172.06,78,9.0,0,0.179,1,1448,Web,North,0
C04150,36,Male,6,2750.2,458.37,36,4.0,1,0.278,1,1416,Web,North,0
C04151,33,Female,5,2179.8,435.96,22,9.0,5,0.167,0,1172,Mobile,South,1
C04152,43,Female,9,1578.85,175.43,3,7.0,4,0.238,0,816,Mobile,South,1
C04153,61,Female,7,824.71,117.82,13,14.0,2,0.554,2,207,Mobile,South,1
C04154,64,Female,7,4367.81,623.97,58,5.0,5,0.363,2,1249,Web,North,1
C04155,28,Female,12,437.07,36.42,40,8.0,4,0.267,1,69,Mobile,South,1
C04156,26,Male,3,1887.04,629.01,127,5.0,3,0.372,2,926,Mobile,North,0
C04157,51,Female,8,1975.02,246.88,15,8.0,1,0.158,3,47,Store,North,1
C04158,32,Female,11,687.52,62.5,27,10.0,3,0.401,2,1117,Web,Central,1
C04159,27,Female,9,2247.66,249.74,32,10.0,2,0.08,0,96,Web,South,1
C04160,19,Male,5,409.73,81.95,54,12.0,3,0.172,1,788,Mobile,South,0
C04161,37,Male,10,1271.1,127.11,32,3.0,2,0.782,0,767,Mobile,Central,0
C04162,36,Female,8,1820.26,227.53,24,11.0,3,0.091,0,809,Web,South,1
C04163,45,Male,11,1231.16,111.92,64,8.0,0,0.14,0,592,Mobile,South,1
C04164,27,Female,12,295.76,24.65,52,5.0,1,0.296,1,275,Web,North,0
C04165,52,Male,6,1796.84,299.47,87,10.0,2,0.361,1,1339,Mobile,South,0
C04166,50,Female,4,2181.5,545.38,39,8.0,2,0.283,1,597,Web,South,1
C04167,40,Female,8,1114.34,139.29,110,6.0,3,0.142,0,385,Web,South,0
C04168,26,Male,11,225.02,20.46,22,9.0,2,0.151,1,1358,Web,North,0
C04169,42,Male,7,1069.79,152.83,78,11.0,1,0.277,0,1179,Store,North,0
C04170,50,Female,7,643.29,91.9,93,8.0,2,0.512,1,139,Store,South,0
C04171,35,Male,4,1029.19,257.3,4,9.0,2,0.061,0,461,Mobile,South,1
C04172,30,Male,8,1557.87,194.73,79,9.0,3,0.109,1,391,Web,Central,1
C04173,42,Female,6,382.97,63.83,44,7.0,0,0.57,0,1007,Web,Central,0
C04174,35,Male,8,2466.25,308.28,55,9.0,1,0.341,0,500,Web,South,1
C04175,37,Female,5,798.09,159.62,125,4.0,2,0.264,1,1422,Store,Central,0
C04176,34,Male,8,1129.48,141.18,47,9.0,5,0.594,3,1070,Web,North,1
C04177,32,Male,15,696.87,46.46,21,7.0,7,0.151,0,437,,South,1
C04178,52,Female,7,1557.59,222.51,75,6.0,0,0.553,2,1395,Mobile,South,0
C04179,40,Male,9,2465.49,273.94,41,11.0,1,0.111,2,100,Store,North,1
C04180,40,Male,9,549.29,61.03,48,8.0,2,0.159,0,333,Store,South,1
C04181,49,Female,8,1424.24,178.03,45,10.0,2,0.462,2,1287,Web,North,1
C04182,35,Female,6,609.53,101.59,84,5.0,3,0.461,0,943,Web,South,0
C04183,22,Female,5,1533.35,306.67,64,10.0,4,0.635,1,1238,Web,South,0
C04184,58,Female,4,1012.01,253.0,49,9.0,8,0.327,0,372,Mobile,South,0
C04185,20,Male,6,1753.67,292.28,61,7.0,2,0.057,0,1445,Mobile,Central,1
C04186,45,Male,6,1193.86,198.98,22,13.0,2,0.694,0,873,Web,North,1
C04187,30,Female,7,3344.74,477.82,79,12.0,4,0.187,1,864,Store,Central,1
C04188,28,Female,5,701.22,140.24,65,5.0,2,0.157,0,779,Mobile,South,0
C04189,20,Female,7,353.72,50.53,136,7.0,2,0.169,2,913,Mobile,South,0
C04190,61,Male,3,659.4,219.8,30,3.0,6,0.285,1,715,Web,North,0
C04191,38,Male,3,667.64,222.55,30,4.0,1,0.043,2,238,Mobile,South,0
C04192,34,Male,9,924.07,102.67,57,6.0,1,0.203,1,213,Mobile,North,0
C04193,53,Female,9,757.2,84.13,47,10.0,2,0.469,0,477,Web,South,0
C04194,19,Female,6,1130.02,188.34,21,3.0,4,0.321,1,625,Web,South,0
C04195,45,Male,6,240.0,40.0,17,9.0,5,0.066,0,314,Web,South,1
C04196,41,Male,7,754.31,107.76,107,9.0,3,0.076,4,1395,Mobile,South,0
C04197,44,Male,11,748.37,68.03,27,9.0,2,0.183,0,1266,Mobile,South,1
C04198,23,Male,10,1614.69,161.47,40,13.0,2,0.272,0,1257,Web,North,1
C04199,63,Female,6,493.32,82.22,16,12.0,2,0.337,2,587,Mobile,Central,0
C04200,29,Female,3,474.75,158.25,196,12.0,1,0.258,1,808,Web,South,0
C04201,50,Male,8,997.21,124.65,29,7.0,1,0.332,1,542,Web,North,1
C04202,53,Female,8,1679.68,209.96,43,7.0,5,0.249,0,414,Store,Central,1
C04203,34,Female,10,62.21,6.22,11,7.0,2,0.343,2,279,Store,South,0
C04204,24,Male,3,1565.91,521.97,55,9.0,4,0.097,0,1319,Store,South,0
C04205,32,Male,4,1413.13,353.28,162,11.0,1,0.486,1,1473,Web,South,0
C04206,56,Female,12,932.41,77.7,18,5.0,3,0.458,1,1445,Store,South,1
C04207,61,Male,8,1102.09,137.76,57,11.0,4,0.225,0,1071,Web,South,1
C04208,62,Female,5,1892.43,378.49,34,8.0,5,0.262,1,290,,North,1
C04209,28,Female,6,663.86,110.64,49,7.0,1,0.373,1,1391,Store,North,0
C04210,47,Male,6,327.82,54.64,37,7.0,3,0.141,0,378,Mobile,Central,0
C04211,25,Male,10,1418.51,141.85,15,5.0,6,0.234,1,1035,Mobile,North,1
C04212,52,Female,5,1341.13,268.23,60,7.0,3,0.293,1,695,Mobile,South,0
C04213,37,Male,6,161.61,26.94,88,4.0,1,,2,347,Mobile,North,1
C04214,52,Female,7,2532.0,361.71,35,6.0,4,0.392,2,1014,Store,North,0
C04215,50,Female,2,1284.11,642.05,106,10.0,0,0.422,1,1158,Mobile,North,0
C04216,65,Female,6,517.69,86.28,107,6.0,5,0.2,0,620,Mobile,Central,0
C04217,41,Female,16,1355.15,84.7,89,3.0,2,0.31,1,1099,Mobile,South,0
C04218,34,Female,7,1236.42,176.63,20,11.0,3,0.608,1,355,Web,South,1
C04219,43,Female,9,732.94,81.44,73,5.0,1,0.299,0,1150,Store,South,1
C04220,25,Male,5,1093.85,218.77,68,13.0,2,0.407,1,492,Web,North,1
C04221,23,Male,4,1099.93,274.98,23,10.0,1,,1,174,Mobile,North,0
C04222,42,Male,10,1015.95,101.6,33,8.0,1,0.342,1,1288,Mobile,North,0
C04223,57,Male,6,956.7,159.45,49,6.0,5,0.357,1,330,Mobile,Central,0
C04224,43,Male,9,1245.65,138.41,31,6.0,3,,0,1080,Store,North,1
C04225,55,Male,9,1123.17,124.8,44,5.0,5,,1,859,Web,South,1
C04226,26,Male,4,666.92,166.73,140,9.0,3,0.137,0,888,Mobile,North,0
C04227,39,Male,4,439.73,109.93,25,10.0,3,0.283,0,374,Store,North,1
C04228,47,Male,2,1089.95,544.98,24,11.0,4,0.097,1,105,Web,South,1
C04229,34,Female,14,1558.3,111.31,101,3.0,3,0.395,2,886,Mobile,North,1
C04230,18,Female,7,1061.53,151.65,51,11.0,6,0.102,1,477,Mobile,North,0
C04231,21,Female,6,658.22,109.7,56,10.0,2,0.526,1,351,Mobile,South,0
C04232,62,Female,8,227.99,28.5,40,4.0,3,0.442,1,1391,Mobile,North,0
C04233,47,Female,6,2582.6,430.43,40,11.0,6,0.153,1,551,Web,Central,1
C04234,30,Female,10,1305.54,130.55,45,6.0,4,0.218,3,1376,Mobile,Central,0
C04235,30,Male,8,1243.74,155.47,56,8.0,6,0.493,1,1428,Store,Central,1
C04236,19,Female,6,736.99,122.83,88,7.0,1,0.273,1,569,Mobile,Central,0
C04237,63,Male,9,236.79,26.31,22,10.0,4,0.146,2,1216,Mobile,South,0
C04238,23,Female,7,626.5,89.5,26,3.0,5,0.184,0,138,Store,North,1
C04239,54,Female,10,2335.58,233.56,103,9.0,3,0.282,1,1012,Web,South,1
C04240,29,Male,5,366.92,73.38,53,13.0,5,0.297,1,1003,Web,South,1
C04241,34,Female,7,194.05,27.72,37,5.0,3,0.365,1,951,Web,North,0
C04242,31,Male,3,2560.93,853.64,62,4.0,4,0.354,0,908,Mobile,North,0
C04243,57,Male,4,524.63,131.16,32,6.0,3,0.178,0,1050,Mobile,Central,0
C04244,19,Male,7,864.08,123.44,98,13.0,1,0.32,0,436,Mobile,South,0
C04245,34,Male,4,1256.19,314.05,28,3.0,3,0.123,2,555,Mobile,Central,0
C04246,31,Male,5,3070.75,614.15,31,6.0,5,0.283,0,1212,Web,South,0
C04247,31,Female,5,2301.38,460.28,36,14.0,4,0.188,0,681,Web,North,1
C04248,27,Female,8,939.0,117.38,68,9.0,2,0.167,0,1055,Web,South,0
C04249,61,Male,17,655.56,38.56,106,12.0,4,0.434,0,789,,South,1
C04250,36,Female,6,407.32,67.89,74,13.0,4,0.141,0,1318,Mobile,South,0
C04251,38,Male,9,1318.41,146.49,88,4.0,2,0.214,0,453,Web,South,0
C04252,36,Male,6,1065.97,177.66,12,5.0,2,0.067,1,1026,Store,South,1
C04253,65,Female,8,220.98,27.62,11,,2,0.255,1,904,Mobile,South,0
C04254,34,Female,6,860.52,143.42,15,6.0,4,0.156,0,52,Mobile,Central,1
C04255,34,Male,3,1084.54,361.51,46,6.0,6,0.326,0,958,Web,Central,0
C04256,33,Male,8,1395.27,174.41,34,9.0,3,0.308,1,1294,Mobile,South,1
C04257,33,Female,9,468.56,52.06,16,12.0,1,0.035,1,1304,Mobile,Central,1
C04258,22,Female,8,1105.84,138.23,1,11.0,4,0.317,2,1425,Web,South,1
C04259,47,Male,10,397.33,39.73,72,6.0,1,0.174,0,1168,Mobile,South,0
C04260,19,Male,8,1258.35,157.29,119,9.0,3,0.232,2,165,Mobile,North,0
C04261,28,Male,9,841.26,93.47,90,8.0,3,0.144,0,1048,Mobile,South,0
C04262,27,Female,7,3215.59,459.37,44,6.0,0,0.097,1,635,Mobile,North,1
C04263,31,Female,6,537.92,89.65,58,6.0,2,0.611,1,697,Mobile,South,0
C04264,54,Female,7,702.48,100.35,28,8.0,0,0.418,2,471,Web,South,0
C04265,46,Male,10,233.47,23.35,48,8.0,5,0.178,0,888,Store,South,1
C04266,65,Female,8,967.76,120.97,46,5.0,4,0.252,0,885,Web,South,0
C04267,34,Female,8,768.99,96.12,65,11.0,2,0.218,0,1314,Mobile,South,1
C04268,62,Male,5,1034.51,206.9,27,11.0,5,0.496,1,327,Web,Central,1
C04269,20,Female,5,932.25,186.45,193,10.0,4,0.046,1,389,Web,South,0
C04270,42,Male,13,3252.0,250.15,17,,4,0.454,0,612,Mobile,South,1
C04271,56,Male,5,1335.74,267.15,57,5.0,1,0.648,1,1012,Mobile,South,0
C04272,43,Female,4,1626.62,406.66,79,6.0,2,0.527,0,1466,Web,North,0
C04273,62,Male,5,1056.0,211.2,19,8.0,6,0.358,0,227,Web,South,0
C04274,33,Female,9,1168.42,129.82,10,10.0,6,0.351,0,252,Mobile,North,1
C04275,19,Female,5,1029.42,205.88,80,3.0,2,0.635,0,1420,Mobile,Central,0
C04276,55,Male,10,1042.22,104.22,195,8.0,3,0.083,1,1491,Store,Central,0
C04277,21,Male,7,655.64,93.66,7,7.0,7,0.42,0,1361,Mobile,South,1
C04278,54,Female,8,1600.48,200.06,194,8.0,1,0.542,0,211,Web,South,0
C04279,53,Male,4,3377.66,844.42,83,6.0,5,0.137,0,712,Mobile,South,0
C04280,58,Female,9,1054.37,117.15,47,13.0,2,0.14,1,1223,Mobile,South,0
C04281,40,Male,7,488.75,69.82,90,11.0,3,0.285,1,227,Web,South,0
C04282,60,Male,3,1837.61,612.54,109,10.0,1,0.155,0,839,Mobile,South,0
C04283,26,Female,6,2548.83,424.8,42,7.0,3,0.377,2,420,,South,0
C04284,38,Male,11,683.89,62.17,233,8.0,1,0.166,0,518,Store,Central,0
C04285,23,Female,7,407.03,58.15,190,5.0,3,0.015,1,223,Store,Central,0
C04286,54,Female,4,1494.07,373.52,30,10.0,5,0.073,0,1089,Web,Central,1
C04287,52,Male,10,1077.33,107.73,62,10.0,3,0.232,2,1427,Web,North,0
C04288,56,Female,9,1407.77,156.42,18,13.0,2,0.379,0,808,Store,North,1
C04289,54,Female,5,1001.1,200.22,14,12.0,2,0.419,2,387,Web,North,0
C04290,32,Female,7,861.04,123.01,38,8.0,2,0.256,2,1108,Mobile,Central,0
C04291,21,Male,8,514.78,64.35,60,6.0,2,0.08,1,933,Web,North,0
C04292,62,Male,3,1292.42,430.81,23,10.0,2,0.23,3,954,Mobile,South,0
C04293,41,Female,3,358.86,119.62,88,5.0,3,0.158,3,1217,Mobile,South,0
C04294,22,Female,5,1596.31,319.26,64,9.0,5,0.437,0,485,Store,South,0
C04295,62,Female,4,1530.33,382.58,51,3.0,2,0.09,1,310,Mobile,South,0
C04296,65,Female,9,1260.27,140.03,26,7.0,3,0.327,1,194,Mobile,South,1
C04297,39,Female,6,2131.23,355.2,28,9.0,1,0.16,1,1455,Mobile,North,1
C04298,54,Male,12,808.37,67.36,40,10.0,3,0.257,2,123,Mobile,South,1
C04299,19,Female,9,788.63,87.63,30,9.0,6,0.293,2,188,Mobile,South,1
C04300,22,Male,6,747.8,124.63,36,7.0,1,0.191,0,928,Web,South,0
C04301,31,Male,4,1111.37,277.84,26,9.0,2,0.246,1,1142,Store,South,0
C04302,49,Female,5,911.57,182.31,68,15.0,0,0.063,0,1013,Store,North,0
C04303,24,Female,5,729.71,145.94,16,7.0,3,0.303,0,1297,Web,North,1
C04304,19,Male,9,773.78,85.98,97,2.0,1,0.265,0,31,Web,South,0
C04305,50,Female,6,1223.86,203.98,32,4.0,3,0.364,1,1465,Web,North,0
C04306,54,Female,5,2003.22,400.64,71,9.0,3,0.205,1,513,,North,0
C04307,53,Female,9,644.47,71.61,50,11.0,4,0.115,0,1127,Store,North,1
C04308,56,Female,7,143.45,20.49,14,10.0,4,0.333,1,305,Mobile,North,0
C04309,56,Male,6,1473.08,245.51,93,10.0,3,0.446,0,568,Store,Central,0
C04310,46,Female,5,490.02,98.0,149,10.0,2,0.468,1,234,,South,0
C04311,42,Male,7,1999.71,285.67,43,,2,0.272,0,1164,Store,North,1
C04312,59,Male,10,1633.58,163.36,8,12.0,4,0.05,0,64,Store,Central,1
C04313,34,Male,16,1724.37,107.77,65,8.0,4,0.185,0,405,Web,Central,1
C04314,22,Male,7,1033.83,147.69,52,5.0,1,0.584,1,551,Mobile,South,0
C04315,54,Female,5,1936.25,387.25,24,6.0,3,0.399,0,1041,Store,South,0
C04316,31,Male,7,1283.51,183.36,53,10.0,6,0.158,0,858,Mobile,Central,0
C04317,64,Female,8,1217.42,152.18,121,13.0,1,0.088,1,1351,Web,South,0
C04318,37,Male,6,1086.99,181.16,106,6.0,2,0.189,0,622,Mobile,South,0
C04319,58,Male,8,1371.99,171.5,38,9.0,0,0.423,2,1232,Store,Central,1
C04320,20,Female,10,310.94,31.09,37,13.0,0,0.119,1,133,Web,Central,0
C04321,49,Female,6,723.46,120.58,22,8.0,6,0.331,0,1000,Store,South,1
C04322,39,Female,8,724.53,90.57,38,5.0,3,0.132,1,765,Store,North,1
C04323,40,Female,6,930.48,155.08,58,10.0,2,0.244,0,1163,Store,South,1
C04324,30,Male,8,470.52,58.82,56,6.0,2,0.05,0,1004,Web,South,1
C04325,64,Female,5,621.88,124.38,62,15.0,2,0.291,2,1373,Mobile,South,0
C04326,36,Female,7,381.88,54.55,62,14.0,3,0.234,2,665,Mobile,South,0
C04327,58,Male,6,616.55,102.76,27,4.0,3,0.47,0,786,Web,North,1
C04328,38,Female,10,530.98,53.1,92,10.0,6,0.237,1,34,Web,Central,1
C04329,20,Female,7,606.01,86.57,104,15.0,4,0.153,2,323,Store,South,0
C04330,60,Female,8,1655.19,206.9,52,15.0,4,0.281,0,920,Web,North,1
C04331,26,Female,7,948.86,135.55,237,9.0,4,0.285,2,455,Store,South,0
C04332,30,Female,7,843.9,120.56,68,6.0,4,0.375,1,1193,Mobile,South,0
C04333,59,Male,5,2121.15,424.23,17,7.0,2,0.062,0,128,Web,Central,0
C04334,60,Female,4,1234.7,308.68,40,8.0,2,0.197,1,583,Mobile,South,0
C04335,62,Male,5,1298.76,259.75,38,8.0,4,0.127,1,336,Web,North,1
C04336,38,Male,8,1089.59,136.2,8,7.0,9,0.032,0,726,Mobile,Central,1
C04337,54,Male,4,1679.87,419.97,41,7.0,4,0.217,0,1413,Web,South,1
C04338,33,Female,7,1843.05,263.29,89,7.0,1,0.556,0,1427,Web,North,1
C04339,53,Female,6,1202.94,200.49,100,13.0,3,0.3,0,427,Store,Central,0
C04340,42,Female,7,1667.29,238.18,157,10.0,3,0.456,0,1404,Web,South,0
C04341,20,Female,5,1370.34,274.07,71,7.0,5,0.41,1,102,Mobile,South,0
C04342,38,Female,6,1232.62,205.44,84,4.0,3,0.47,2,327,Mobile,Central,0
C04343,40,Female,5,795.16,159.03,31,5.0,3,0.553,1,118,Mobile,South,1
C04344,30,Male,12,594.85,49.57,77,6.0,3,0.107,1,726,Web,South,1
C04345,35,Female,5,317.05,63.41,66,11.0,5,0.201,1,700,Web,South,0
C04346,42,Male,2,2479.61,1239.8,38,12.0,2,0.25,1,1079,Store,South,0
C04347,20,Male,2,1677.8,838.9,161,8.0,3,0.49,1,659,Store,South,0
C04348,25,Male,7,740.32,105.76,16,12.0,1,0.171,0,441,Mobile,North,1
C04349,54,Male,6,271.09,45.18,53,7.0,4,0.249,0,34,Store,Central,0
C04350,34,Female,9,1375.97,152.89,121,5.0,2,0.742,0,740,Web,North,0
C04351,47,Female,6,813.97,135.66,24,9.0,5,0.08,0,112,Mobile,North,1
C04352,45,Male,11,1732.58,157.51,33,17.0,3,0.384,2,570,Store,South,1
C04353,44,Female,9,503.44,55.94,87,7.0,2,0.486,1,393,Web,Central,0
C04354,37,Male,6,720.89,120.15,87,5.0,4,0.094,1,377,Mobile,South,0
C04355,41,Male,14,871.07,62.22,45,6.0,1,0.228,0,968,Store,South,1
C04356,57,Male,5,1496.6,299.32,62,10.0,3,0.249,1,823,Store,North,0
C04357,64,Male,7,630.31,90.04,53,7.0,5,0.171,1,65,Web,North,1
C04358,30,Male,10,1387.04,138.7,94,7.0,4,0.43,0,276,Web,Central,0
C04359,50,Male,9,332.46,36.94,96,7.0,2,0.359,1,314,Web,South,0
C04360,64,Male,9,954.85,106.09,130,12.0,5,0.204,1,1283,Mobile,South,0
C04361,18,Male,11,2282.29,207.48,129,7.0,5,0.114,1,496,Web,South,0
C04362,55,Female,5,2870.18,574.04,64,10.0,5,0.352,1,1096,Mobile,Central,1
C04363,41,Male,6,1909.54,318.26,20,14.0,8,0.631,2,88,Mobile,North,1
C04364,64,Male,9,264.82,29.42,28,7.0,4,0.353,0,331,Web,South,1
C04365,45,Female,7,894.43,127.78,32,7.0,3,0.218,0,508,Mobile,Central,0
C04366,58,Male,13,974.71,74.98,47,8.0,6,0.047,0,465,Web,South,1
C04367,25,Female,7,1763.71,251.96,56,8.0,3,0.135,1,196,Store,South,1
C04368,24,Male,7,1073.2,153.31,23,11.0,0,0.195,0,1390,Mobile,South,1
C04369,62,Female,6,478.94,79.82,7,3.0,2,0.004,0,1114,Mobile,North,0
C04370,43,Female,9,1928.03,214.23,73,3.0,1,0.618,2,1186,Store,North,0
C04371,44,Female,11,2656.4,241.49,50,9.0,2,0.094,0,43,Store,South,1
C04372,26,Female,7,1601.32,228.76,168,,1,0.35,0,997,Web,North,0
C04373,28,Male,5,610.59,122.12,31,16.0,0,0.022,4,1202,Mobile,South,0
C04374,57,Male,7,3034.0,433.43,150,9.0,4,0.202,1,1108,Web,Central,0
C04375,32,Male,4,1690.85,422.71,25,16.0,5,,2,896,Mobile,South,0
C04376,46,Female,7,1523.13,217.59,48,7.0,3,,0,1069,Web,North,1
C04377,33,Male,5,2587.69,517.54,52,6.0,4,0.158,1,400,Mobile,South,0
C04378,30,Male,5,1719.52,343.9,13,10.0,2,0.265,2,139,Mobile,North,0
C04379,25,Female,4,918.0,229.5,60,6.0,0,0.102,0,275,Web,North,1
C04380,62,Male,6,2393.77,398.96,28,9.0,4,0.448,0,174,,South,1
C04381,63,Male,11,517.41,47.04,110,9.0,2,0.164,0,1300,Web,South,1
C04382,23,Female,8,590.65,73.83,85,8.0,2,0.036,0,581,Mobile,South,0
C04383,34,Male,7,693.7,99.1,67,10.0,3,0.4,0,941,Web,Central,1
C04384,45,Female,5,1095.77,219.15,33,12.0,2,0.473,0,1181,Web,North,0
C04385,36,Female,7,1202.68,171.81,18,9.0,2,0.376,1,381,Mobile,North,1
C04386,52,Female,7,876.99,125.28,144,9.0,4,0.139,2,326,Web,North,0
C04387,30,Male,5,907.58,181.52,137,5.0,4,0.077,0,811,Web,North,0
C04388,20,Male,9,1241.19,137.91,32,11.0,3,0.448,2,933,Web,North,1
C04389,34,Female,4,518.23,129.56,96,4.0,0,0.619,0,664,Store,Central,0
C04390,46,Female,7,1442.37,206.05,24,12.0,2,0.165,1,806,Web,South,0
C04391,26,Female,8,130.37,16.3,28,9.0,1,0.142,1,1002,Store,South,0
C04392,57,Male,7,1002.15,143.16,50,7.0,2,0.393,2,1489,Mobile,South,0
C04393,18,Male,7,690.02,98.57,70,14.0,2,0.22,0,1235,,North,0
C04394,21,Male,7,2959.51,422.79,17,7.0,3,0.494,0,960,Store,South,1
C04395,42,Male,5,831.55,166.31,8,,1,0.452,0,379,Store,South,0
C04396,42,Male,5,1099.17,219.83,27,9.0,1,0.232,0,439,Store,South,1
C04397,32,Female,4,860.04,215.01,46,7.0,2,0.073,2,84,Web,Central,0
C04398,30,Male,12,449.54,37.46,16,5.0,5,0.19,1,806,Web,South,1
C04399,21,Female,8,435.72,54.46,35,8.0,5,0.277,2,442,Mobile,North,0
C04400,49,Female,7,377.33,53.9,36,14.0,1,0.289,1,1263,Web,South,1
C04401,36,Male,6,992.28,165.38,190,10.0,5,0.312,2,1260,Store,Central,0
C04402,23,Female,7,809.02,115.57,71,3.0,1,0.45,0,394,Web,North,0
C04403,37,Female,8,261.16,32.65,58,13.0,1,0.067,0,1017,Mobile,South,1
C04404,62,Male,7,2725.43,389.35,40,11.0,4,0.324,0,559,Mobile,South,0
C04405,30,Male,6,1523.56,253.93,129,6.0,0,0.226,0,1181,Web,North,0
C04406,60,Female,7,1113.65,159.09,18,4.0,5,0.218,1,1166,Mobile,North,1
C04407,30,Female,7,179.93,25.7,80,10.0,3,0.3,1,205,Mobile,Central,1
C04408,26,Female,8,1297.92,162.24,134,13.0,4,0.167,1,846,Mobile,North,0
C04409,30,Female,5,1072.84,214.57,91,8.0,4,0.253,0,148,Mobile,South,0
C04410,33,Male,6,1720.41,286.74,29,11.0,6,0.187,1,384,Mobile,South,1
C04411,23,Female,9,599.57,66.62,16,7.0,2,0.194,3,536,Store,Central,1
C04412,46,Female,6,720.77,120.13,94,14.0,7,0.538,0,854,Web,South,0
C04413,34,Female,8,1182.48,147.81,81,10.0,1,0.391,0,258,Store,North,0
C04414,52,Female,6,700.75,116.79,106,9.0,3,0.466,1,420,Store,North,0
C04415,41,Female,5,1286.52,257.3,86,10.0,2,0.219,0,383,Mobile,Central,0
C04416,39,Female,7,439.7,62.81,112,11.0,3,0.367,0,48,Mobile,South,0
C04417,40,Male,9,940.73,104.53,40,3.0,8,0.205,3,239,Mobile,South,0
C04418,25,Female,7,606.58,86.65,53,6.0,4,0.125,2,362,Mobile,North,1
C04419,52,Male,3,1667.51,555.84,19,9.0,3,0.112,0,1224,Mobile,North,1
C04420,22,Female,8,3129.25,391.16,16,8.0,2,0.177,0,599,Mobile,Central,1
C04421,52,Female,7,2670.8,381.54,67,9.0,3,0.23,0,579,Mobile,Central,1
C04422,65,Female,8,233.68,29.21,32,8.0,5,0.15,1,922,Mobile,Central,0
C04423,54,Male,8,1358.56,169.82,137,9.0,3,0.297,1,435,Mobile,South,0
C04424,39,Female,7,599.5,85.64,81,14.0,0,0.15,1,202,Web,South,0
C04425,33,Male,5,430.56,86.11,57,6.0,1,0.105,0,777,Web,North,1
C04426,59,Male,3,1334.78,444.93,12,5.0,4,0.329,0,676,,Central,0
C04427,30,Male,12,430.76,35.9,22,7.0,7,0.212,1,933,Store,North,1
C04428,41,Female,9,1995.86,221.76,28,11.0,2,0.532,2,763,Mobile,North,0
C04429,55,Male,10,1352.66,135.27,38,7.0,4,0.699,1,1187,Mobile,North,0
C04430,62,Female,6,1747.2,291.2,99,3.0,5,0.145,2,1307,Store,South,0
C04431,62,Male,8,1184.08,148.01,15,13.0,2,0.506,0,728,Web,South,1
C04432,22,Female,5,390.7,78.14,188,5.0,2,0.105,0,601,Web,North,0
C04433,61,Female,11,787.81,71.62,89,9.0,1,0.342,1,256,Mobile,South,0
C04434,23,Female,5,2214.13,442.83,20,5.0,1,0.361,0,148,Web,North,0
C04435,46,Female,5,918.05,183.61,131,,2,0.214,2,1405,Web,South,0
C04436,62,Female,7,874.62,124.95,79,8.0,2,0.616,2,1357,Web,South,0
C04437,49,Female,9,2363.25,262.58,31,4.0,3,0.222,0,622,Mobile,Central,1
C04438,63,Female,7,1159.0,165.57,90,9.0,5,0.051,2,684,Mobile,South,0
C04439,34,Male,5,2071.31,414.26,21,12.0,1,0.189,2,1462,Mobile,Central,0
C04440,33,Male,4,928.16,232.04,54,9.0,4,0.257,2,367,Mobile,South,0
C04441,33,Female,7,506.52,72.36,75,12.0,2,0.37,0,1183,Store,South,1
C04442,35,Female,6,150.12,25.02,22,9.0,4,0.162,2,173,Store,North,1
C04443,50,Female,8,913.93,114.24,59,9.0,6,0.211,1,1390,Web,South,1
C04444,39,Female,7,1074.56,153.51,69,8.0,2,0.357,0,245,Web,Central,1
C04445,53,Male,13,1949.94,150.0,37,6.0,2,0.34,1,1267,Store,North,1
C04446,37,Female,5,29.92,5.98,29,9.0,6,0.272,0,1384,Mobile,South,0
C04447,32,Female,8,1432.86,179.11,55,6.0,2,0.356,0,990,Store,South,1
C04448,27,Female,3,1013.49,337.83,42,7.0,3,0.167,0,1260,Mobile,Central,0
C04449,44,Female,6,891.86,148.64,145,10.0,2,0.099,0,484,Mobile,Central,0
C04450,61,Female,8,3040.03,380.0,76,7.0,4,0.308,1,580,Web,North,0
C04451,59,Female,10,1359.28,135.93,43,7.0,4,0.548,0,812,Mobile,South,0
C04452,30,Female,6,2420.25,403.38,50,8.0,10,,2,1258,Mobile,South,1
C04453,40,Male,5,587.15,117.43,30,5.0,7,0.281,1,860,Mobile,South,0
C04454,51,Female,3,760.95,253.65,110,10.0,5,0.171,2,1034,,Central,0
C04455,47,Female,5,1961.22,392.24,80,7.0,4,0.045,1,180,Store,Central,1
C04456,21,Male,6,524.44,87.41,152,4.0,5,0.505,0,179,Web,South,0
C04457,46,Male,7,546.39,78.06,59,11.0,0,0.338,0,104,Store,North,0
C04458,19,Female,8,473.38,59.17,44,10.0,1,0.095,0,280,,South,0
C04459,23,Male,8,688.82,86.1,60,10.0,1,0.301,1,1302,Mobile,South,1
C04460,49,Female,7,1190.77,170.11,148,3.0,3,0.072,0,974,Store,South,0
C04461,22,Male,6,1423.43,237.24,37,9.0,1,0.153,0,911,Web,North,0
C04462,34,Male,11,1121.17,101.92,33,10.0,3,0.395,1,723,Mobile,North,1
C04463,46,Female,11,807.12,73.37,40,3.0,1,0.368,0,309,Store,North,1
C04464,49,Male,6,1039.78,173.3,30,9.0,5,0.377,1,1158,Web,Central,0
C04465,39,Male,8,2434.95,304.37,63,4.0,3,0.457,0,623,Web,South,1
C04466,22,Female,10,1019.86,101.99,37,10.0,2,0.404,0,1414,Mobile,North,0
C04467,56,Female,3,765.68,255.23,126,5.0,4,0.276,2,1255,Mobile,North,0
C04468,63,Male,11,124.66,11.33,20,6.0,5,0.057,0,762,Mobile,North,1
C04469,60,Female,7,958.15,136.88,82,11.0,2,0.104,0,474,Mobile,South,0
C04470,53,Female,9,1906.53,211.84,115,11.0,1,0.054,0,192,Web,South,0
C04471,37,Female,7,254.96,36.42,19,,3,0.601,0,1493,Web,North,1
C04472,60,Male,8,379.9,47.49,73,7.0,2,0.266,0,1117,Web,North,0
C04473,41,Male,8,705.36,88.17,100,9.0,4,0.236,0,844,Web,South,1
C04474,24,Female,5,633.91,126.78,12,9.0,3,0.524,0,1083,Mobile,Central,0
C04475,58,Female,3,1083.66,361.22,26,6.0,5,0.606,0,99,Store,North,1
C04476,33,Male,4,2850.99,712.75,110,7.0,3,0.398,1,977,Mobile,Central,0
C04477,63,Female,11,452.42,41.13,110,10.0,1,0.27,4,636,Mobile,North,1
C04478,35,Male,8,623.87,77.98,49,10.0,2,0.507,1,246,Web,North,0
C04479,59,Female,9,904.32,100.48,60,12.0,4,0.481,0,841,Mobile,South,1
C04480,43,Female,6,588.08,98.01,79,8.0,4,0.095,0,1327,Store,Central,1
C04481,40,Female,9,1079.7,119.97,98,8.0,3,0.351,0,802,Web,Central,0
C04482,32,Female,4,1393.36,348.34,56,13.0,5,0.147,2,1350,Mobile,South,0
C04483,58,Male,8,636.56,79.57,98,6.0,5,0.102,0,161,Mobile,North,0
C04484,20,Female,5,1729.78,345.96,7,9.0,2,0.267,0,155,Store,South,0
C04485,40,Male,9,779.68,86.63,44,14.0,3,0.458,0,679,Mobile,North,0
C04486,35,Female,4,584.0,146.0,78,7.0,3,0.024,0,1244,Web,South,0
C04487,44,Female,8,310.14,38.77,66,12.0,1,0.399,1,684,Mobile,Central,0
C04488,30,Male,10,1485.39,148.54,133,8.0,2,0.05,0,1358,Store,North,0
C04489,49,Male,6,1212.44,202.07,25,2.0,3,0.153,2,1367,Mobile,North,1
C04490,36,Male,8,432.38,54.05,24,6.0,3,0.102,3,1384,Web,North,0
C04491,27,Male,10,532.92,53.29,144,7.0,4,0.403,1,1241,Mobile,North,0
C04492,27,Male,5,1146.87,229.37,13,11.0,2,0.218,1,414,Mobile,North,0
C04493,51,Female,6,1425.33,237.55,88,,3,0.441,0,204,Web,South,0
C04494,30,Female,4,1240.41,310.1,82,6.0,7,0.477,0,1286,Store,South,0
C04495,32,Female,10,1480.43,148.04,35,10.0,4,0.194,0,1494,Web,North,1
C04496,48,Female,6,3396.92,566.15,141,6.0,3,0.22,1,675,Mobile,Central,0
C04497,33,Female,7,1749.15,249.88,51,3.0,2,0.287,3,43,Mobile,South,0
C04498,36,Male,4,1510.22,377.56,55,4.0,7,0.047,1,305,Mobile,North,0
C04499,29,Female,12,681.02,56.75,26,9.0,4,0.721,1,401,Mobile,North,1
C04500,34,Female,2,398.11,199.06,29,4.0,1,0.203,2,426,Web,South,0
C04501,51,Female,5,2216.99,443.4,22,3.0,1,0.287,0,701,Mobile,North,0
C04502,43,Female,6,705.98,117.66,74,3.0,3,0.313,0,1149,Web,North,1
C04503,65,Female,6,1318.15,219.69,72,11.0,1,0.275,1,1081,Store,Central,0
C04504,55,Female,6,297.38,49.56,7,13.0,4,0.362,0,1011,Web,North,1
C04505,18,Female,3,207.76,69.25,106,7.0,0,0.143,1,1070,Mobile,South,0
C04506,36,Male,10,1739.12,173.91,47,5.0,3,0.442,1,941,Mobile,Central,0
C04507,31,Female,11,574.27,52.21,13,9.0,5,0.132,1,261,Web,North,1
C04508,46,Male,10,1310.83,131.08,135,9.0,3,0.244,1,1062,Web,North,0
C04509,30,Male,7,579.12,82.73,40,10.0,3,0.429,1,579,Web,South,1
C04510,64,Female,7,1404.96,200.71,40,5.0,5,0.484,0,1249,Store,South,0
C04511,32,Male,4,942.37,235.59,49,8.0,1,0.297,2,211,Web,North,0
C04512,43,Female,12,831.48,69.29,99,7.0,7,0.13,1,317,Web,North,0
C04513,23,Male,4,1231.74,307.94,35,6.0,4,0.185,0,773,Mobile,South,0
C04514,61,Female,10,1361.17,136.12,119,9.0,2,0.337,1,477,Mobile,South,1
C04515,61,Male,9,616.09,68.45,22,8.0,3,0.195,0,1211,Mobile,North,1
C04516,56,Female,5,1317.69,263.54,38,9.0,1,0.412,1,713,Mobile,South,0
C04517,34,Male,7,1385.47,197.92,5,11.0,3,0.39,0,98,Store,North,1
C04518,20,Male,8,1718.35,214.79,40,6.0,3,0.112,2,805,Web,North,0
C04519,52,Male,7,2073.96,296.28,16,9.0,3,0.347,0,1228,Web,South,1
C04520,38,Female,8,968.32,121.04,18,8.0,4,0.218,3,1142,Store,Central,0
C04521,65,Female,7,582.8,83.26,16,11.0,4,0.037,0,1394,Mobile,South,1
C04522,51,Female,9,482.66,53.63,51,5.0,4,0.275,1,1185,Web,Central,0
C04523,43,Male,10,649.41,64.94,49,10.0,7,0.615,1,1125,Mobile,South,0
C04524,65,Female,6,688.49,114.75,86,6.0,2,0.32,2,576,Web,North,0
C04525,56,Male,8,767.19,95.9,39,10.0,2,0.261,1,504,Mobile,South,1
C04526,40,Female,11,948.99,86.27,75,13.0,0,0.81,0,943,Mobile,South,1
C04527,18,Female,9,1099.74,122.19,55,9.0,6,0.216,0,1365,Mobile,South,1
C04528,22,Male,8,1143.2,142.9,32,8.0,3,0.363,0,564,Web,South,1
C04529,39,Female,4,1573.02,393.26,102,10.0,4,0.453,1,955,Mobile,South,0
C04530,44,Female,7,2208.27,315.47,28,6.0,2,0.382,0,576,Mobile,South,1
C04531,19,Male,9,1149.73,127.75,11,4.0,1,0.291,1,944,Web,North,1
C04532,24,Male,12,689.62,57.47,5,11.0,3,0.109,1,249,Store,North,1
C04533,51,Male,4,1552.71,388.18,34,7.0,4,0.226,0,807,Store,South,0
C04534,54,Male,5,1492.0,298.4,44,9.0,3,0.431,0,1015,Store,Central,0
C04535,19,Male,7,640.22,91.46,45,10.0,1,0.446,1,167,Mobile,South,0
C04536,42,Female,6,1507.82,251.3,5,1.0,1,0.109,0,131,Mobile,North,0
C04537,21,Male,10,89.15,8.92,66,6.0,5,0.583,2,888,Mobile,South,0
C04538,52,Female,8,479.91,59.99,38,9.0,0,0.441,2,529,Mobile,North,1
C04539,58,Female,6,402.03,67.0,83,7.0,6,0.099,1,1308,Store,South,0
C04540,59,Female,3,502.6,167.53,50,8.0,3,0.324,1,1488,Web,South,1
C04541,46,Female,9,1573.83,174.87,73,8.0,1,0.27,0,503,Web,North,0
C04542,48,Male,7,822.08,117.44,14,4.0,1,0.118,4,1188,Mobile,Central,0
C04543,62,Male,6,1695.69,282.62,83,7.0,6,0.22,0,187,Mobile,Central,0
C04544,47,Male,5,2329.74,465.95,62,9.0,3,0.312,1,486,Store,South,0
C04545,39,Female,8,2256.6,282.08,28,9.0,4,0.507,2,900,Store,North,1
C04546,54,Female,5,626.03,125.21,133,6.0,1,0.168,2,427,Store,North,0
C04547,46,Male,7,846.58,120.94,198,1.0,5,0.262,0,712,Web,North,0
C04548,58,Male,7,968.0,138.29,29,9.0,2,0.342,0,1258,Mobile,South,1
C04549,43,Female,4,2537.22,634.3,88,11.0,0,0.157,0,289,Mobile,North,0
C04550,59,Male,5,617.11,123.42,48,10.0,3,0.265,2,757,Mobile,Central,0
C04551,20,Female,12,1870.62,155.88,71,3.0,2,0.412,0,993,Mobile,South,0
C04552,19,Male,5,1311.29,262.26,58,4.0,5,,1,321,Mobile,North,0
C04553,22,Male,6,124.38,20.73,86,12.0,3,0.358,1,567,Mobile,North,0
C04554,44,Male,1,801.76,801.76,7,9.0,6,0.295,1,917,Mobile,Central,1
C04555,52,Male,7,457.54,65.36,70,6.0,5,0.075,0,1481,Web,North,0
C04556,28,Male,11,782.42,71.13,61,10.0,4,0.2,0,376,Mobile,South,1
C04557,25,Female,4,131.22,32.8,52,10.0,2,0.103,2,956,Web,South,0
C04558,59,Male,6,2635.35,439.22,111,6.0,1,0.178,1,474,Store,South,0
C04559,54,Female,4,730.41,182.6,19,8.0,0,0.172,1,772,Store,South,1
C04560,49,Male,13,788.0,60.62,83,3.0,2,0.154,1,742,Mobile,South,0
C04561,41,Male,9,2478.33,275.37,26,8.0,3,0.539,0,1402,Store,South,0
C04562,38,Male,4,348.12,87.03,33,9.0,1,0.194,0,700,Mobile,South,0
C04563,18,Male,3,1344.84,448.28,29,8.0,4,0.262,1,1464,Store,Central,1
C04564,27,Male,7,570.18,81.45,52,2.0,4,0.25,3,1430,Mobile,South,0
C04565,61,Male,9,212.97,23.66,84,7.0,3,0.135,2,702,Web,South,0
C04566,34,Female,12,1455.34,121.28,48,20.0,5,0.21,0,1023,Store,Central,1
C04567,51,Female,10,2112.37,211.24,93,9.0,0,0.073,0,447,Web,South,1
C04568,51,Female,6,929.1,154.85,37,14.0,2,0.284,1,363,Mobile,Central,0
C04569,32,Male,3,1599.57,533.19,12,7.0,1,0.307,0,1123,Web,South,1
C04570,27,Female,10,615.28,61.53,58,8.0,6,0.388,0,1455,Store,South,1
C04571,51,Female,4,1374.93,343.73,42,5.0,3,0.21,2,360,Mobile,North,0
C04572,22,Male,4,990.43,247.61,131,5.0,5,0.244,2,351,Web,Central,0
C04573,41,Male,8,667.76,83.47,21,10.0,3,0.199,1,1461,Web,North,1
C04574,60,Female,6,441.34,73.56,65,8.0,1,0.331,0,449,Web,South,1
C04575,52,Female,8,2087.73,260.97,48,8.0,1,0.118,0,1050,Mobile,North,1
C04576,54,Male,8,1015.86,126.98,13,6.0,3,0.373,0,881,Web,North,1
C04577,21,Male,11,749.18,68.11,9,8.0,1,0.367,0,1346,Store,North,1
C04578,27,Female,3,818.97,272.99,10,12.0,2,0.406,0,1413,Web,South,0
C04579,31,Male,6,1402.42,233.74,83,7.0,4,0.547,1,797,Mobile,North,1
C04580,32,Female,10,1566.61,156.66,47,9.0,1,0.128,0,1386,Mobile,North,1
C04581,27,Female,10,994.65,99.46,72,7.0,2,0.109,1,869,Mobile,South,1
C04582,64,Female,5,1326.73,265.35,75,7.0,3,0.134,1,220,Mobile,South,0
C04583,25,Female,4,780.72,195.18,145,9.0,1,0.161,0,1068,Web,North,0
C04584,51,Male,12,851.87,70.99,97,11.0,3,0.26,1,1308,Web,South,1
C04585,46,Female,8,1470.24,183.78,47,5.0,4,0.061,1,1467,Store,Central,0
C04586,47,Female,5,761.33,152.27,69,8.0,3,0.275,2,113,Web,North,0
C04587,28,Female,12,414.16,34.51,17,6.0,2,0.159,2,781,Mobile,North,1
C04588,32,Male,11,1420.87,129.17,14,8.0,5,0.363,0,1121,Mobile,South,1
C04589,47,Male,7,1261.85,180.26,43,7.0,5,0.309,1,859,Store,South,0
C04590,32,Male,8,1735.21,216.9,27,9.0,2,0.452,0,210,Store,Central,1
C04591,51,Male,11,1407.47,127.95,50,10.0,2,0.327,0,556,Mobile,South,1
C04592,19,Female,8,1239.17,154.9,33,,6,0.268,3,935,Mobile,Central,1
C04593,21,Female,12,367.38,30.62,92,4.0,1,0.364,1,393,Mobile,North,1
C04594,52,Female,7,976.24,139.46,67,10.0,2,0.12,0,1387,Web,South,1
C04595,47,Female,8,692.15,86.52,29,12.0,8,0.204,2,584,Web,South,0
C04596,20,Male,6,1400.39,233.4,75,6.0,1,0.051,1,1370,Mobile,North,0
C04597,61,Male,10,2631.31,263.13,18,9.0,4,0.086,1,483,Mobile,South,1
C04598,18,Male,6,1547.27,257.88,46,10.0,1,0.139,1,1000,Mobile,North,1
C04599,63,Male,8,346.84,43.36,94,13.0,2,0.413,0,98,Web,North,0
C04600,53,Male,7,1193.62,170.52,7,9.0,3,0.141,0,308,Web,South,1
C04601,65,Male,9,695.23,77.25,115,10.0,2,0.115,0,257,Mobile,North,0
C04602,63,Male,6,1494.57,249.1,35,3.0,2,0.37,0,465,Store,North,1
C04603,33,Female,9,1651.69,183.52,95,5.0,3,0.338,0,1132,Web,Central,0
C04604,54,Male,2,956.88,478.44,35,7.0,2,0.232,2,1006,Mobile,South,0
C04605,28,Male,4,767.13,191.78,11,11.0,3,0.442,1,227,Web,Central,0
C04606,40,Male,7,1237.14,176.73,30,10.0,2,0.287,0,1305,Mobile,North,1
C04607,29,Female,6,638.51,106.42,107,8.0,2,0.378,0,162,Mobile,South,0
C04608,41,Female,7,1681.95,240.28,55,8.0,3,0.511,0,79,Mobile,South,1
C04609,59,Male,7,1414.31,202.04,96,14.0,5,0.455,0,953,Web,South,0
C04610,38,Male,4,745.27,186.32,35,7.0,4,0.257,0,222,Mobile,South,0
C04611,22,Female,4,461.22,115.3,24,9.0,2,0.176,0,68,Mobile,North,1
C04612,33,Female,8,1155.26,144.41,92,9.0,6,0.172,0,106,Mobile,North,1
C04613,55,Female,7,1876.75,268.11,47,1.0,2,0.18,0,292,Web,South,0
C04614,43,Female,7,1609.69,229.96,61,11.0,2,0.498,0,335,Mobile,North,0
C04615,44,Female,9,408.74,45.42,65,10.0,2,0.527,0,585,Store,North,0
C04616,38,Female,6,1324.21,220.7,6,8.0,3,0.259,0,229,Store,Central,1
C04617,32,Male,12,1414.27,117.86,77,7.0,2,0.138,1,207,Web,North,0
C04618,46,Female,7,859.46,122.78,18,7.0,4,0.132,2,436,Web,North,1
C04619,48,Male,12,1018.77,84.9,9,8.0,2,0.532,0,717,Store,North,1
C04620,61,Female,9,1557.69,173.08,31,10.0,4,0.304,1,1295,Store,North,1
C04621,47,Male,6,1091.34,181.89,41,13.0,2,0.272,0,1290,Store,Central,1
C04622,65,Male,5,178.98,35.8,123,5.0,2,0.266,0,576,Mobile,South,0
C04623,57,Female,6,554.45,92.41,81,11.0,1,0.32,2,157,Mobile,North,0
C04624,21,Female,9,736.13,81.79,8,8.0,6,0.124,0,1414,Web,Central,1
C04625,36,Male,7,566.05,80.86,61,7.0,0,0.174,0,349,Mobile,North,1
C04626,36,Female,8,1674.56,209.32,46,7.0,4,0.281,2,622,Mobile,Central,0
C04627,18,Male,7,1292.44,184.63,21,,1,0.188,0,1223,Mobile,South,1
C04628,26,Male,8,365.49,45.69,74,6.0,1,0.064,0,1373,Store,Central,0
C04629,54,Female,11,1274.75,115.89,123,8.0,3,0.095,1,361,Mobile,North,0
C04630,34,Male,4,1754.76,438.69,50,,5,0.35,0,257,Web,North,0
C04631,25,Male,8,863.53,107.94,35,6.0,2,0.376,0,952,Mobile,South,1
C04632,31,Female,7,1222.06,174.58,52,9.0,4,0.354,2,544,Mobile,North,1
C04633,31,Male,5,1060.8,212.16,61,9.0,2,0.494,3,961,Store,North,0
C04634,26,Male,7,440.45,62.92,169,9.0,4,0.455,0,98,Web,Central,0
C04635,22,Male,7,1277.79,182.54,26,8.0,6,0.28,2,781,Web,South,0
C04636,54,Female,5,683.27,136.65,27,13.0,2,0.054,0,841,Mobile,Central,1
C04637,57,Male,5,2294.51,458.9,91,9.0,4,0.329,2,587,Mobile,North,0
C04638,41,Male,9,418.82,46.54,33,13.0,6,0.146,0,1247,Mobile,South,1
C04639,47,Female,3,985.26,328.42,6,9.0,1,0.261,1,666,Web,South,1
C04640,62,Male,9,1816.45,201.83,124,4.0,6,0.259,1,71,Mobile,North,0
C04641,58,Male,5,744.58,148.92,119,8.0,3,0.236,0,679,Mobile,North,0
C04642,19,Female,5,1262.36,252.47,15,8.0,9,0.356,0,1156,Mobile,North,1
C04643,63,Female,6,5089.84,848.31,50,9.0,3,0.652,1,1456,Mobile,Central,1
C04644,21,Male,6,1736.48,289.41,9,2.0,3,0.069,0,1028,Web,South,1
C04645,19,Female,8,1304.51,163.06,85,9.0,1,0.254,3,561,Store,South,0
C04646,37,Female,6,1602.46,267.08,82,8.0,4,0.261,0,154,Mobile,South,0
C04647,53,Male,10,1347.98,134.8,47,10.0,4,0.325,0,1152,Web,South,1
C04648,21,Female,7,536.79,76.68,100,10.0,2,0.131,1,881,Mobile,South,0
C04649,32,Female,8,1237.93,154.74,10,2.0,1,0.391,0,1046,Web,South,0
C04650,30,Female,9,3272.11,363.57,57,8.0,4,0.202,1,1231,Web,North,1
C04651,37,Female,6,2055.55,342.59,6,8.0,5,0.094,0,107,Mobile,North,1
C04652,65,Female,6,820.96,136.83,20,6.0,7,0.147,1,1033,Web,North,1
C04653,33,Female,7,888.48,126.93,8,8.0,2,0.528,0,957,Store,North,0
C04654,28,Female,10,3407.56,340.76,136,8.0,3,0.212,0,686,Store,North,0
C04655,23,Female,5,984.49,196.9,97,12.0,4,0.023,1,876,Mobile,North,1
C04656,27,Female,9,754.49,83.83,6,7.0,1,0.286,1,588,Store,South,1
C04657,24,Female,4,548.93,137.23,60,6.0,5,0.128,0,1290,Web,South,0
C04658,45,Female,9,1115.03,123.89,7,8.0,1,0.174,2,764,Mobile,North,1
C04659,38,Male,4,721.84,180.46,77,7.0,3,0.546,2,1047,Mobile,North,0
C04660,41,Male,5,1085.11,217.02,90,7.0,2,0.171,0,247,Web,North,0
C04661,57,Female,7,1281.9,183.13,78,8.0,3,0.218,0,145,Web,South,1
C04662,45,Male,9,2212.51,245.83,59,3.0,4,0.397,0,255,Web,South,1
C04663,25,Female,7,876.84,125.26,41,8.0,3,0.568,1,951,Mobile,North,1
C04664,36,Female,16,173.16,10.82,56,5.0,3,0.133,0,686,Mobile,Central,1
C04665,33,Female,6,846.47,141.08,21,7.0,3,0.352,2,86,Store,North,1
C04666,57,Male,6,854.3,142.38,60,4.0,3,0.344,0,1183,Mobile,Central,1
C04667,32,Female,13,807.49,62.11,36,8.0,3,0.254,0,856,Web,South,1
C04668,24,Male,7,956.42,136.63,8,7.0,2,0.083,1,751,Mobile,South,1
C04669,53,Female,8,235.78,29.47,18,3.0,2,0.603,2,914,Web,North,0
C04670,38,Male,6,432.91,72.15,90,6.0,1,0.153,1,1493,Mobile,South,0
C04671,22,Female,6,782.74,130.46,10,7.0,7,0.049,0,171,Web,Central,1
C04672,51,Female,5,1734.74,346.95,53,12.0,4,0.096,0,1236,Mobile,Central,0
C04673,28,Female,6,999.5,166.58,34,4.0,3,0.43,0,979,Mobile,South,0
C04674,59,Female,6,1415.83,235.97,18,7.0,5,0.699,0,526,Web,South,1
C04675,57,Male,8,387.33,48.42,102,11.0,5,0.277,0,200,Mobile,North,0
C04676,35,Male,7,598.66,85.52,114,0.0,2,0.864,1,334,Web,North,0
C04677,44,Male,12,55.05,4.59,11,8.0,2,0.484,0,61,Mobile,South,1
C04678,45,Female,4,206.8,51.7,54,12.0,4,0.336,2,339,Web,South,0
C04679,49,Female,5,3089.41,617.88,39,5.0,5,0.134,2,169,Store,Central,1
C04680,21,Male,7,367.44,52.49,52,6.0,3,0.125,0,1470,Store,South,0
C04681,33,Male,6,496.4,82.73,237,8.0,7,0.077,1,152,Web,South,0
C04682,26,Male,6,582.57,97.1,35,4.0,5,0.132,0,989,Store,South,0
C04683,51,Female,11,2537.85,230.71,24,11.0,3,0.112,2,1046,Web,North,1
C04684,21,Male,4,378.59,94.65,44,8.0,1,0.253,0,1482,Mobile,Central,0
C04685,42,Male,5,910.51,182.1,63,8.0,5,0.387,1,1475,Mobile,South,0
C04686,52,Male,6,616.67,102.78,33,11.0,2,0.092,1,925,Store,South,1
C04687,63,Male,8,717.46,89.68,224,10.0,4,0.46,3,1185,Web,South,0
C04688,31,Male,4,310.16,77.54,22,7.0,4,0.062,1,1404,Mobile,South,0
C04689,18,Male,10,630.59,63.06,79,7.0,3,0.433,0,896,Web,Central,0
C04690,52,Female,6,1480.47,246.74,130,7.0,2,0.671,1,563,Mobile,Central,0
C04691,18,Female,8,904.0,113.0,3,11.0,3,0.178,0,486,Mobile,South,1
C04692,21,Male,10,1251.83,125.18,67,8.0,2,0.287,0,57,Mobile,South,1
C04693,65,Female,5,413.87,82.77,23,4.0,3,0.156,2,256,Store,Central,1
C04694,59,Female,2,1595.38,797.69,18,9.0,1,0.252,1,722,Mobile,South,1
C04695,51,Female,6,946.59,157.77,41,16.0,2,0.066,0,971,Web,South,0
C04696,58,Female,4,729.09,182.27,124,11.0,5,0.488,1,1091,Store,Central,0
C04697,21,Male,9,803.31,89.26,93,7.0,2,0.323,0,322,,South,0
C04698,22,Female,6,1031.49,171.92,8,5.0,3,0.16,1,1487,Store,Central,0
C04699,32,Female,4,1003.99,251.0,92,9.0,2,0.321,1,1444,Store,South,0
C04700,19,Female,7,2212.33,316.05,23,9.0,3,,2,1470,Store,Central,0
C04701,60,Male,8,1059.12,132.39,110,7.0,3,0.399,0,346,Web,South,0
C04702,20,Male,6,1032.41,172.07,5,12.0,0,0.298,3,1078,Store,South,0
C04703,44,Male,11,877.14,79.74,71,11.0,5,0.502,1,520,Store,Central,1
C04704,58,Female,6,1176.58,196.1,20,7.0,5,0.24,2,291,Mobile,North,1
C04705,53,Female,7,1695.92,242.27,92,4.0,5,0.358,2,508,Store,Central,0
C04706,29,Male,10,203.91,20.39,147,10.0,4,0.528,3,1143,Mobile,South,0
C04707,40,Female,11,181.77,16.52,42,5.0,4,0.234,0,962,Web,Central,0
C04708,44,Male,4,853.51,213.38,29,8.0,5,0.232,1,371,Mobile,Central,0
C04709,54,Male,10,554.69,55.47,37,5.0,1,0.284,2,310,Web,South,0
C04710,38,Female,5,995.4,199.08,45,7.0,1,0.271,0,1120,Web,Central,1
C04711,31,Female,3,1011.38,337.13,69,10.0,5,0.179,2,708,Mobile,South,0
C04712,56,Female,6,844.99,140.83,9,15.0,2,0.167,0,84,Web,Central,1
C04713,60,Female,9,1985.5,220.61,16,7.0,2,0.202,2,837,Mobile,North,1
C04714,41,Female,10,513.98,51.4,51,9.0,0,0.246,1,1028,Mobile,South,1
C04715,19,Female,11,597.0,54.27,46,6.0,1,0.114,1,231,Web,South,1
C04716,42,Male,5,2344.31,468.86,15,11.0,2,0.252,1,537,Mobile,South,0
C04717,60,Female,14,365.79,26.13,106,8.0,3,0.123,0,173,Mobile,North,1
C04718,65,Female,8,806.53,100.82,26,6.0,0,0.4,2,510,Web,South,0
C04719,37,Male,10,748.3,74.83,168,6.0,6,0.238,0,33,Store,North,0
C04720,25,Male,10,1310.58,131.06,67,9.0,2,0.162,0,1219,Store,South,1
C04721,45,Male,6,916.0,152.67,86,6.0,2,0.304,0,1253,Store,South,0
C04722,57,Male,4,324.02,81.0,57,8.0,4,0.137,1,816,Mobile,South,0
C04723,63,Female,7,668.75,95.54,29,8.0,4,0.144,0,1289,Web,North,1
C04724,20,Male,8,612.44,76.56,55,11.0,0,0.272,0,1394,Mobile,South,0
C04725,31,Female,6,1471.9,245.32,40,12.0,8,,0,1170,Store,South,0
C04726,40,Male,9,2337.56,259.73,12,4.0,0,0.213,0,1010,Mobile,North,0
C04727,22,Male,7,1987.18,283.88,12,6.0,3,0.457,0,830,Web,Central,1
C04728,60,Male,7,895.96,127.99,35,4.0,1,0.224,0,94,Mobile,North,1
C04729,23,Male,7,1758.33,251.19,70,10.0,3,0.128,1,288,Mobile,North,0
C04730,49,Female,8,1778.03,222.25,35,6.0,4,0.195,0,765,Mobile,North,1
C04731,62,Male,9,2648.74,294.3,36,7.0,5,0.53,0,865,Mobile,South,1
C04732,50,Male,9,31.5,3.5,72,3.0,0,0.317,0,757,Web,North,0
C04733,54,Male,10,721.56,72.16,34,10.0,10,0.593,0,122,Mobile,North,1
C04734,30,Male,4,1425.7,356.42,212,7.0,1,0.108,0,1323,Store,South,0
C04735,57,Female,10,573.32,57.33,26,10.0,4,0.339,1,808,Store,North,0
C04736,38,Female,11,334.32,30.39,91,9.0,3,0.418,1,339,Mobile,North,0
C04737,20,Male,4,403.15,100.79,51,10.0,4,0.165,0,599,Mobile,South,0
C04738,35,Female,4,1208.33,302.08,305,10.0,3,0.01,1,102,Mobile,South,0
C04739,34,Female,7,611.88,87.41,32,9.0,3,0.267,0,288,Web,North,0
C04740,43,Female,9,409.64,45.52,81,11.0,2,0.111,0,994,Web,North,1
C04741,30,Female,9,2375.67,263.96,45,12.0,2,0.686,1,767,Mobile,South,1
C04742,40,Male,9,1192.63,132.51,4,9.0,4,0.199,0,1015,Mobile,Central,1
C04743,38,Female,6,2145.28,357.55,49,11.0,3,0.525,0,875,Web,North,1
C04744,33,Female,5,734.74,146.95,32,8.0,4,0.241,1,1017,Web,South,1
C04745,51,Male,3,1623.82,541.27,59,4.0,7,0.173,1,40,Mobile,North,0
C04746,32,Female,9,470.81,52.31,24,5.0,2,0.418,1,297,Mobile,North,1
C04747,54,Female,4,611.04,152.76,2,11.0,3,0.126,0,133,Store,South,1
C04748,30,Male,8,715.02,89.38,139,6.0,1,0.215,0,1239,Store,North,0
C04749,59,Female,3,619.34,206.45,27,11.0,6,0.373,0,1148,Store,Central,1
C04750,35,Female,10,387.89,38.79,88,12.0,2,0.405,0,39,Store,Central,0
C04751,19,Female,8,651.3,81.41,43,8.0,1,0.313,1,1381,Web,North,1
C04752,25,Female,12,277.26,23.1,58,10.0,3,0.259,1,241,Mobile,South,1
C04753,56,Female,5,991.83,198.37,54,9.0,4,0.526,0,468,Web,North,1
C04754,59,Female,12,1882.98,156.92,34,10.0,5,0.279,0,1325,Mobile,North,1
C04755,28,Female,3,561.37,187.12,49,11.0,2,0.072,1,1011,Mobile,South,1
C04756,46,Male,2,841.64,420.82,85,9.0,4,0.446,1,505,Web,South,1
C04757,45,Male,8,1776.9,222.11,51,7.0,3,0.194,0,899,Mobile,Central,1
C04758,24,Female,6,2412.0,402.0,97,7.0,1,0.25,0,1215,Mobile,South,0
C04759,39,Female,5,1690.52,338.1,32,2.0,1,0.082,2,578,Mobile,South,0
C04760,51,Male,8,1010.18,126.27,45,9.0,3,0.446,1,225,,North,1
C04761,64,Female,10,1335.52,133.55,16,6.0,1,0.204,2,329,Web,South,1
C04762,58,Female,9,1415.23,157.25,62,6.0,5,0.582,1,75,Mobile,South,1
C04763,22,Female,10,1349.49,134.95,42,8.0,3,0.09,0,71,Web,North,1
C04764,29,Male,9,608.26,67.58,54,9.0,2,0.393,2,343,Web,Central,0
C04765,38,Female,5,1565.78,313.16,133,5.0,4,0.393,0,1011,Mobile,South,0
C04766,25,Male,7,1863.36,266.19,43,5.0,3,0.294,0,909,Store,North,0
C04767,45,Male,8,121.39,15.17,123,5.0,4,0.079,0,113,Mobile,North,0
C04768,18,Female,10,719.7,71.97,22,6.0,1,0.135,1,1256,Mobile,North,1
C04769,23,Female,8,1262.29,157.79,25,8.0,2,0.259,2,722,Store,South,1
C04770,20,Male,2,1093.78,546.89,23,4.0,5,0.143,1,218,Mobile,South,1
C04771,32,Female,7,1279.23,182.75,14,6.0,3,0.195,0,601,Mobile,North,0
C04772,54,Female,9,432.57,48.06,51,9.0,1,0.31,0,1306,Mobile,South,1
C04773,26,Male,9,114.49,12.72,70,4.0,0,0.46,0,1232,Mobile,North,1
C04774,65,Male,8,1040.39,130.05,175,5.0,2,0.273,0,775,Mobile,South,0
C04775,30,Female,2,892.61,446.3,42,5.0,2,0.22,0,1489,Store,North,0
C04776,20,Female,5,1839.54,367.91,130,8.0,4,0.11,2,135,Store,Central,0
C04777,34,Male,5,1272.18,254.44,17,7.0,1,0.452,0,617,Mobile,Central,1
C04778,53,Female,8,123.45,15.43,26,15.0,2,0.088,0,777,Mobile,South,1
C04779,23,Female,9,1292.85,143.65,40,9.0,4,0.364,2,1165,Web,North,1
C04780,21,Female,5,2180.71,436.14,18,10.0,1,0.116,0,1356,Mobile,Central,1
C04781,58,Female,9,1798.12,199.79,56,10.0,4,0.219,1,188,Web,Central,1
C04782,46,Male,3,1274.73,424.91,13,6.0,3,0.537,2,913,Mobile,South,1
C04783,34,Male,9,660.74,73.42,48,12.0,4,0.616,1,1344,Web,Central,1
C04784,54,Male,6,826.93,137.82,45,9.0,0,0.546,0,272,Mobile,South,1
C04785,58,Female,7,811.97,116.0,62,12.0,3,0.41,0,296,Mobile,North,0
C04786,35,Female,6,1421.05,236.84,122,6.0,1,0.271,0,1231,Mobile,North,0
C04787,44,Female,7,1364.14,194.88,26,3.0,2,0.043,0,703,Web,South,1
C04788,18,Male,4,988.5,247.12,154,5.0,3,0.098,0,129,Mobile,North,0
C04789,32,Female,5,1714.02,342.8,98,8.0,0,0.349,2,1027,Mobile,North,0
C04790,46,Male,9,554.53,61.61,62,6.0,2,0.504,0,462,Web,North,0
C04791,27,Male,8,1626.06,203.26,14,6.0,0,0.011,1,1112,Mobile,North,1
C04792,65,Male,8,2439.89,304.99,55,8.0,2,0.247,2,33,Mobile,South,0
C04793,64,Female,5,2038.44,407.69,16,11.0,4,0.295,1,1458,Mobile,North,1
C04794,30,Male,2,1635.61,817.8,75,6.0,4,0.453,1,1232,Mobile,South,0
C04795,37,Female,5,647.96,129.59,33,11.0,1,0.466,0,776,Mobile,South,1
C04796,27,Female,9,1164.46,129.38,112,6.0,3,0.433,0,938,Web,North,0
C04797,42,Female,5,2203.73,440.75,116,4.0,5,0.467,0,403,Web,South,0
C04798,23,Male,3,1406.71,468.9,79,9.0,4,0.135,0,426,Web,North,0
C04799,36,Female,9,1125.57,125.06,19,6.0,5,0.094,1,640,Store,North,1
C04800,44,Female,3,1399.38,466.46,37,9.0,3,0.375,1,445,Mobile,North,0
C04801,47,Male,6,2872.0,478.67,116,8.0,1,0.378,1,1083,Store,South,0
C04802,46,Female,5,1996.09,399.22,222,9.0,3,0.302,0,1043,Mobile,South,0
C04803,28,Female,4,2586.41,646.6,31,7.0,3,0.283,1,914,Mobile,North,0
C04804,56,Male,5,1933.39,386.68,55,10.0,2,0.45,1,246,Mobile,South,0
C04805,51,Female,6,835.08,139.18,31,10.0,4,0.261,0,857,Store,Central,1
C04806,54,Male,5,462.19,92.44,20,7.0,1,0.223,0,541,Web,South,0
C04807,40,Male,7,819.56,117.08,24,10.0,3,0.409,0,1236,Web,North,0
C04808,60,Female,5,1091.88,218.38,46,3.0,3,0.304,2,50,Web,South,0
C04809,36,Male,4,1860.45,465.11,9,5.0,3,0.538,0,1428,Mobile,North,0
C04810,56,Male,10,1664.87,166.49,101,9.0,1,0.186,1,857,Mobile,Central,1
C04811,27,Male,7,551.48,78.78,39,8.0,2,0.117,0,499,Store,North,1
C04812,29,Male,6,1144.91,190.82,58,4.0,0,0.169,1,400,Store,South,1
C04813,43,Male,10,2186.69,218.67,57,12.0,4,0.327,1,1278,Mobile,Central,1
C04814,44,Female,6,566.56,94.43,40,10.0,2,0.076,0,1350,Store,North,0
C04815,53,Male,6,919.89,153.32,30,7.0,6,0.515,0,678,Mobile,South,0
C04816,32,Male,4,798.4,199.6,27,9.0,4,0.273,0,739,Store,South,1
C04817,59,Female,5,1749.24,349.85,97,9.0,3,0.512,0,649,Web,Central,0
C04818,33,Female,6,2650.25,441.71,14,8.0,1,0.074,1,202,,South,1
C04819,43,Male,7,761.56,108.79,79,9.0,4,0.269,0,743,Web,North,1
C04820,62,Male,10,645.47,64.55,82,6.0,2,0.418,1,699,Mobile,North,0
C04821,43,Male,5,378.69,75.74,26,6.0,5,0.589,0,234,Web,Central,1
C04822,50,Male,7,1053.35,150.48,34,7.0,4,0.201,0,1435,Mobile,South,1
C04823,61,Male,7,1814.78,259.25,61,9.0,3,0.351,0,297,,South,0
C04824,64,Female,4,263.72,65.93,57,11.0,5,0.286,0,433,Web,South,0
C04825,41,Female,5,959.73,191.95,96,8.0,0,0.383,0,537,Web,Central,0
C04826,38,Male,3,1274.71,424.9,84,3.0,2,0.183,2,1197,Store,Central,0
C04827,27,Female,13,1663.3,127.95,24,7.0,1,0.46,0,604,Web,Central,1
C04828,43,Male,11,1230.95,111.9,113,7.0,3,0.153,0,266,Mobile,Central,0
C04829,62,Male,4,440.12,110.03,33,12.0,7,0.045,1,1442,Mobile,Central,0
C04830,41,Male,5,666.98,133.4,13,7.0,1,0.127,0,37,Store,South,1
C04831,34,Male,10,2327.51,232.75,10,9.0,2,0.174,0,952,Web,South,1
C04832,23,Female,9,1516.12,168.46,77,11.0,2,0.109,0,284,,South,0
C04833,36,Male,5,752.86,150.57,187,6.0,3,0.573,2,1119,Store,South,0
C04834,29,Female,6,949.14,158.19,23,11.0,6,0.11,3,1073,Store,North,0
C04835,64,Male,8,504.47,63.06,8,9.0,3,0.37,2,962,Store,South,1
C04836,43,Female,14,234.38,16.74,72,10.0,7,0.403,1,267,Web,South,1
C04837,24,Female,10,1000.26,100.03,18,6.0,6,0.179,0,1104,Mobile,Central,1
C04838,21,Female,10,628.08,62.81,89,17.0,6,0.239,1,816,Web,South,0
C04839,58,Male,13,1303.55,100.27,40,11.0,1,0.091,1,501,Mobile,North,1
C04840,62,Female,6,3020.11,503.35,24,11.0,2,,0,1267,Mobile,North,1
C04841,54,Female,5,1251.32,250.26,42,14.0,2,0.128,0,755,Store,South,0
C04842,23,Male,4,1251.01,312.75,131,11.0,2,0.422,1,276,Web,South,0
C04843,22,Female,6,1798.18,299.7,7,5.0,3,0.451,1,109,Web,North,1
C04844,27,Male,6,374.11,62.35,92,5.0,2,0.342,1,380,Store,North,0
C04845,54,Male,11,1406.31,127.85,98,5.0,5,0.309,0,1409,Web,North,0
C04846,54,Female,5,494.83,98.97,33,10.0,0,0.262,1,395,Web,South,1
C04847,58,Male,9,1774.13,197.13,75,5.0,0,0.291,0,1346,Mobile,North,0
C04848,22,Male,6,1248.0,208.0,60,10.0,0,0.387,0,1418,Mobile,South,0
C04849,25,Male,7,406.58,58.08,98,9.0,4,0.798,0,495,Store,North,0
C04850,61,Male,4,1262.2,315.55,42,12.0,2,0.291,0,712,Mobile,South,1
C04851,62,Male,6,330.79,55.13,12,12.0,3,0.49,0,306,Web,Central,1
C04852,52,Male,7,395.76,56.54,118,5.0,3,0.422,0,975,Web,South,0
C04853,23,Female,9,305.41,33.93,25,8.0,4,0.276,2,901,Web,South,1
C04854,21,Female,9,1847.96,205.33,32,10.0,2,0.024,2,1153,Web,North,1
C04855,20,Female,6,1333.93,222.32,38,7.0,2,0.188,0,1034,Store,South,1
C04856,51,Male,6,1097.09,182.85,107,3.0,2,0.144,2,500,Mobile,North,0
C04857,58,Female,9,541.09,60.12,168,5.0,3,0.281,1,108,Store,Central,0
C04858,48,Male,7,1418.1,202.59,35,7.0,2,0.087,1,955,Web,South,1
C04859,30,Male,5,1117.27,223.45,37,10.0,3,0.295,0,755,Mobile,Central,0
C04860,54,Female,7,699.0,99.86,59,7.0,2,0.559,0,1199,Store,Central,1
C04861,20,Male,5,1185.79,237.16,19,5.0,2,0.187,1,1237,Mobile,South,1
C04862,57,Female,9,1341.19,149.02,72,8.0,5,0.253,2,267,Mobile,North,0
C04863,60,Female,7,431.34,61.62,73,10.0,4,0.025,0,240,Web,Central,0
C04864,52,Female,7,2152.97,307.57,60,6.0,7,0.159,0,862,Web,North,1
C04865,60,Male,3,910.09,303.36,14,7.0,3,0.042,1,1076,Mobile,South,0
C04866,46,Male,6,1380.57,230.1,164,6.0,1,0.429,0,1453,Store,South,0
C04867,40,Male,10,861.54,86.15,77,11.0,2,0.416,1,252,Store,North,0
C04868,33,Female,6,1259.51,209.92,148,3.0,2,0.107,1,904,Web,Central,0
C04869,62,Female,10,773.22,77.32,16,9.0,3,0.244,0,239,Mobile,South,1
C04870,51,Female,10,819.53,81.95,22,10.0,4,0.339,0,124,Mobile,South,1
C04871,27,Male,6,762.52,127.09,27,10.0,3,0.498,1,101,Mobile,North,0
C04872,63,Female,4,1088.09,272.02,169,9.0,5,0.324,0,83,Web,South,0
C04873,20,Female,11,1556.06,141.46,57,10.0,2,0.223,1,1392,Mobile,North,1
C04874,46,Female,8,1576.76,197.1,48,6.0,5,0.448,0,829,Mobile,South,1
C04875,27,Female,5,1521.12,304.22,4,7.0,2,0.658,0,877,Web,South,1
C04876,49,Male,5,1161.09,232.22,36,5.0,3,0.285,2,347,Web,South,0
C04877,37,Male,7,707.01,101.0,42,9.0,1,0.415,0,157,Store,South,0
C04878,38,Female,9,126.52,14.06,62,9.0,5,0.317,2,1378,Mobile,South,1
C04879,50,Male,11,1536.94,139.72,171,13.0,7,0.593,0,158,Mobile,South,0
C04880,54,Male,6,1080.6,180.1,129,8.0,4,0.389,1,551,Mobile,North,0
C04881,36,Male,12,641.41,53.45,40,10.0,1,0.106,0,451,Web,South,1
C04882,65,Male,6,138.15,23.02,21,7.0,5,0.165,0,1064,Web,North,0
C04883,41,Female,9,901.39,100.15,39,10.0,4,0.177,1,602,Web,South,1
C04884,25,Male,4,1649.95,412.49,53,7.0,1,0.333,1,783,Web,South,0
C04885,18,Male,7,452.43,64.63,75,7.0,2,0.361,2,987,Store,South,0
C04886,27,Female,9,2225.93,247.33,1,6.0,3,0.034,0,738,Mobile,Central,1
C04887,51,Female,4,3222.21,805.55,40,8.0,2,0.278,0,899,Mobile,Central,1
C04888,43,Male,7,709.62,101.37,42,6.0,3,0.111,0,57,Store,South,0
C04889,34,Male,6,775.75,129.29,39,7.0,1,0.548,0,150,Mobile,South,0
C04890,41,Male,7,867.44,123.92,170,7.0,2,0.223,0,493,Web,Central,0
C04891,58,Male,6,689.18,114.86,44,15.0,1,0.067,2,1257,Web,North,0
C04892,45,Male,6,2682.09,447.02,49,8.0,0,0.179,0,1259,Store,North,1
C04893,20,Male,6,866.75,144.46,157,4.0,1,0.18,1,880,Store,Central,0
C04894,20,Female,11,417.5,37.95,127,9.0,2,0.559,0,911,Web,South,0
C04895,41,Female,10,1126.06,112.61,115,7.0,2,0.348,0,1325,Web,North,0
C04896,37,Female,6,551.05,91.84,60,11.0,6,0.353,0,442,Mobile,South,1
C04897,58,Male,8,338.7,42.34,34,6.0,1,0.135,0,1460,Mobile,North,1
C04898,45,Male,9,601.95,66.88,21,11.0,3,0.323,1,559,Web,Central,1
C04899,54,Female,6,648.45,108.08,98,10.0,6,0.388,0,1211,Mobile,North,1
C04900,46,Female,4,870.42,217.6,148,8.0,4,0.264,0,149,Mobile,South,0
C04901,34,Female,4,254.58,63.64,75,5.0,5,0.311,1,1300,Mobile,Central,1
C04902,49,Male,10,2549.35,254.94,18,14.0,4,0.382,2,1294,Store,Central,1
C04903,47,Male,3,1219.84,406.61,56,17.0,2,0.16,0,1355,Web,South,0
C04904,52,Female,12,1457.18,121.43,113,9.0,4,0.279,1,253,Mobile,South,0
C04905,27,Female,9,1055.74,117.3,23,3.0,4,0.728,0,1124,Web,South,1
C04906,48,Male,12,1966.84,163.9,24,9.0,4,0.229,2,969,Store,South,1
C04907,31,Female,4,766.45,191.61,71,6.0,2,0.514,0,495,Mobile,North,0
C04908,55,Female,8,1051.08,131.38,76,11.0,1,0.121,1,801,Store,South,0
C04909,56,Female,6,514.14,85.69,69,7.0,2,0.368,0,1139,Mobile,North,0
C04910,47,Male,8,914.13,114.27,122,9.0,6,0.192,0,797,Web,Central,1
C04911,63,Female,5,992.67,198.53,49,8.0,4,0.471,1,1185,Store,South,0
C04912,43,Female,8,550.67,68.83,32,7.0,3,0.225,1,764,Mobile,South,0
C04913,19,Male,7,1209.19,172.74,93,3.0,5,0.566,0,276,Mobile,North,0
C04914,47,Female,10,1276.32,127.63,194,7.0,1,0.594,0,1326,Store,South,0
C04915,55,Female,5,1474.73,294.95,34,10.0,3,0.432,1,1076,Mobile,North,1
C04916,22,Female,12,1260.11,105.01,84,7.0,1,0.11,0,638,Mobile,South,0
C04917,23,Male,5,938.17,187.63,133,11.0,1,0.579,0,1093,Store,South,0
C04918,31,Female,5,1645.94,329.19,63,5.0,5,0.227,1,438,Web,South,1
C04919,58,Male,6,1045.71,174.28,18,5.0,5,0.449,2,143,Mobile,South,1
C04920,43,Male,8,198.37,24.8,65,9.0,1,0.465,0,664,Mobile,North,1
C04921,64,Male,13,353.75,27.21,73,8.0,3,0.217,0,482,Mobile,North,1
C04922,59,Male,7,506.51,72.36,41,9.0,2,0.158,0,929,Web,South,0
C04923,44,Male,7,602.22,86.03,40,6.0,5,0.278,2,970,Mobile,North,1
C04924,50,Female,7,1212.43,173.2,14,8.0,0,0.183,2,976,Store,South,1
C04925,33,Female,8,2015.57,251.95,28,5.0,2,0.238,0,1052,Mobile,North,1
C04926,22,Male,8,1351.23,168.9,31,11.0,0,0.056,1,164,Store,North,1
C04927,37,Female,6,1172.73,195.46,24,4.0,5,0.299,3,1048,Web,North,0
C04928,46,Male,6,246.31,41.05,47,8.0,4,0.237,2,39,Web,Central,0
C04929,26,Female,7,138.1,19.73,103,8.0,2,0.164,0,351,Web,North,0
C04930,28,Female,8,2189.55,273.69,30,5.0,2,0.153,0,142,Store,South,0
C04931,18,Female,11,738.45,67.13,140,6.0,3,0.08,1,1447,Mobile,South,0
C04932,53,Female,7,1228.1,175.44,70,8.0,1,0.151,0,1462,Web,South,1
C04933,61,Female,6,1319.73,219.96,238,6.0,3,0.356,2,733,Mobile,South,0
C04934,57,Male,7,3133.53,447.65,85,7.0,6,0.213,1,588,Web,South,1
C04935,36,Male,7,2582.27,368.9,11,8.0,3,0.242,0,723,Mobile,South,1
C04936,46,Male,7,3470.45,495.78,124,16.0,0,0.264,0,112,Web,South,0
C04937,64,Male,6,1465.64,244.27,7,8.0,2,0.225,2,102,Mobile,North,0
C04938,46,Male,8,2332.16,291.52,9,5.0,3,0.168,1,1455,Web,South,1
C04939,32,Male,6,434.68,72.45,103,4.0,1,0.166,2,911,Web,South,0
C04940,34,Female,7,3170.49,452.93,179,11.0,2,0.357,0,1375,Web,South,0
C04941,52,Female,7,1619.61,231.37,179,8.0,5,0.253,0,1136,Store,Central,0
C04942,39,Female,4,821.02,205.26,65,8.0,5,0.103,0,1435,Store,South,1
C04943,58,Female,13,1725.97,132.77,40,6.0,3,0.162,0,130,Web,South,1
C04944,59,Male,9,2030.82,225.65,48,5.0,4,0.356,0,1221,Web,South,1
C04945,19,Male,9,1385.45,153.94,49,14.0,2,0.42,1,1469,Web,South,1
C04946,52,Female,7,86.72,12.39,55,9.0,3,0.551,0,773,Mobile,Central,0
C04947,35,Female,8,2105.62,263.2,26,13.0,3,0.267,1,642,Web,North,1
C04948,42,Male,7,951.77,135.97,53,8.0,5,0.375,1,663,Web,Central,0
C04949,30,Male,6,1382.7,230.45,34,4.0,5,0.539,1,61,Store,South,1
C04950,35,Female,9,493.5,54.83,24,8.0,1,0.336,2,598,Web,South,0
C04951,33,Male,6,827.03,137.84,143,5.0,5,0.262,2,657,Web,North,0
C04952,20,Male,6,723.65,120.61,75,8.0,7,0.129,0,540,Store,South,0
C04953,55,Male,11,425.49,38.68,74,11.0,4,0.461,1,674,Web,South,0
C04954,24,Female,8,198.09,24.76,56,7.0,2,0.769,1,536,Web,South,0
C04955,36,Female,9,846.27,94.03,27,10.0,1,0.25,0,404,Store,North,1
C04956,27,Female,7,516.01,73.72,52,12.0,2,0.463,1,1153,Store,North,1
C04957,25,Female,9,1143.03,127.0,175,11.0,2,0.055,0,1470,Mobile,North,0
C04958,35,Female,5,1252.5,250.5,75,6.0,1,0.455,0,126,Mobile,Central,0
C04959,62,Male,3,2611.3,870.43,46,8.0,4,0.276,0,804,Mobile,South,1
C04960,63,Female,4,29.38,7.34,68,5.0,2,0.245,1,507,Mobile,South,0
C04961,36,Female,5,694.62,138.92,39,14.0,1,0.25,0,273,Mobile,South,0
C04962,42,Female,5,2039.93,407.99,37,5.0,4,0.322,0,1346,Store,South,0
C04963,65,Male,4,1219.35,304.84,106,13.0,4,0.201,1,1187,Mobile,Central,0
C04964,29,Female,3,1349.09,449.7,57,7.0,2,0.319,1,1178,Mobile,North,0
C04965,63,Female,5,1107.56,221.51,78,8.0,2,0.732,1,145,Mobile,North,0
C04966,23,Male,8,1838.92,229.86,54,12.0,0,,0,54,Mobile,North,0
C04967,28,Male,11,1103.15,100.29,90,7.0,1,0.249,3,328,Mobile,North,0
C04968,34,Male,4,1082.77,270.69,37,11.0,3,0.227,0,214,Mobile,North,1
C04969,19,Female,4,504.8,126.2,42,8.0,6,0.38,0,422,Mobile,North,0
C04970,57,Female,6,568.95,94.82,164,7.0,3,0.385,0,72,Web,Central,0
C04971,59,Male,10,1226.96,122.7,9,10.0,4,0.211,0,1276,Mobile,South,1
C04972,36,Female,11,776.88,70.63,88,8.0,3,0.317,1,134,Mobile,Central,0
C04973,58,Male,10,324.7,32.47,61,5.0,4,0.51,1,402,Mobile,South,0
C04974,55,Male,4,724.4,181.1,44,6.0,3,0.186,0,675,Web,South,0
C04975,56,Male,6,1654.24,275.71,27,7.0,3,0.563,0,791,Store,North,1
C04976,56,Female,8,1151.35,143.92,119,12.0,2,0.315,0,1142,,North,0
C04977,45,Female,8,653.36,81.67,178,8.0,1,0.021,0,1454,Web,South,0
C04978,23,Male,4,979.86,244.96,42,10.0,4,0.365,0,89,Mobile,North,0
C04979,62,Male,5,1763.7,352.74,82,7.0,5,0.292,2,1140,Web,Central,0
C04980,47,Female,2,496.26,248.13,80,5.0,3,0.213,0,1090,Web,North,0
C04981,61,Female,10,463.23,46.32,84,10.0,1,0.494,0,990,Mobile,South,0
C04982,64,Female,9,1126.17,125.13,17,8.0,6,0.225,1,1049,Web,North,1
C04983,26,Female,4,731.85,182.96,111,6.0,1,0.561,0,1138,Mobile,South,0
C04984,37,Female,8,1125.64,140.71,12,6.0,4,0.163,0,1200,Mobile,North,0
C04985,27,Male,6,1019.74,169.96,79,7.0,2,0.537,1,244,Mobile,North,0
C04986,20,Female,3,1123.68,374.56,128,9.0,4,0.562,1,765,Mobile,South,0
C04987,64,Male,4,2670.84,667.71,35,10.0,5,0.521,2,1199,Web,South,0
C04988,62,Male,6,393.69,65.61,60,6.0,3,0.207,0,1484,Mobile,South,0
C04989,62,Male,7,1506.13,215.16,91,9.0,3,0.211,2,588,Web,North,0
C04990,60,Male,2,1306.08,653.04,43,5.0,3,0.072,3,933,Mobile,South,0
C04991,49,Female,14,1461.48,104.39,25,8.0,2,0.456,1,1211,Web,North,1
C04992,43,Female,4,231.49,57.87,84,11.0,3,0.275,2,1126,Web,South,0
C04993,65,Female,11,1601.69,145.61,21,6.0,3,0.241,0,123,Web,North,0
C04994,44,Male,10,851.07,85.11,7,6.0,2,0.282,2,1028,Mobile,North,1
C04995,48,Female,10,1094.76,109.48,57,6.0,3,0.132,2,159,Mobile,Central,0
C04996,28,Female,11,923.27,83.93,44,7.0,4,0.097,1,298,Web,North,0
C04997,53,Male,4,545.48,136.37,85,7.0,0,0.067,1,881,Store,North,0
C04998,57,Female,7,869.93,124.28,61,5.0,3,0.489,2,742,Mobile,Central,0
C04999,50,Female,5,1017.65,203.53,197,6.0,3,0.249,2,1409,Mobile,South,0
C05000,41,Male,4,1380.64,345.16,122,5.0,0,0.165,0,833,Mobile,North,0
C01502,30,Male,7,1781.85,254.55,96,9.0,0,0.534,1,144,Web,South,0
C02587,35,Female,5,1920.23,384.05,32,7.0,3,0.236,2,165,Store,South,0
C02654,35,Male,7,1772.82,253.26,26,5.0,3,0.338,0,336,Web,South,1
C01056,65,Female,6,242.71,40.45,80,7.0,0,0.508,0,1117,Mobile,South,1
C00706,45,Male,5,1395.77,279.15,124,5.0,1,0.411,0,465,Mobile,North,0
C00107,55,Female,10,735.9,73.59,60,14.0,4,0.235,0,1205,Mobile,South,0
C00590,58,Female,9,716.37,79.6,54,10.0,4,0.174,0,692,Web,North,1
C02469,19,Male,9,1258.9,139.88,8,5.0,1,0.292,0,342,Store,South,1
C02414,46,Female,12,1754.44,146.2,39,4.0,1,0.091,0,1183,Web,Central,1
C01601,32,Male,5,875.71,175.14,35,12.0,5,0.314,2,880,Store,South,0
